Record,strat_depth,SH20_age,Group,Guano_Zone,Guano_Sum,LnP2O5_TiO2,LnCaO_TiO2,LnCu_TiO2,LnZn_TiO2,LnSr_TiO2,LnP_Ti,LnCa_Ti,LnCu_Ti,LnZn_Ti,LnSr_Ti,LnP_Ti_CS,LnCa_Ti_CS,LnCu_Ti_CS,LnZn_Ti_CS,LnSr_Ti_CS,Plot_order
,cm,cal a BP,NA,NA,NA,NA,NA,NA,NA,NA,NA,NA,NA,NA,NA,NA,NA,NA,NA,NA,NA
ARD,13,1286,Unit 12,ARD GZ 5,Guano,1.675927654,1.957284942,-3.381789225,-3.716604002,-2.603373513,1.358694964,2.133369397,6.340487567,6.005672789,7.118903279,-4.707222911,0.491659501,-2.230098402,-1.841705278,0.417571288,3
ARD,15,1609,Unit 12,ARD GZ 5,Guano,1.21664897,1.766031789,-3.940992262,-3.75983119,-2.945638328,0.899416281,1.942116244,5.781284529,5.962445601,6.776638463,-3.071817055,1.646561153,0.395184938,0.762098306,2.316081582,3
ARD,17,1783,Unit 12,ARD GZ 5,Guano,2.551010737,2.606954084,-2.452831802,-2.517861321,-1.776491997,2.233778048,2.783038539,7.269444989,7.20441547,7.945784794,-3.279602743,1.83142422,0.526093096,0.780840267,2.445307614,3
ARD,19,1958,Unit 12,ARD GZ 5,Guano,2.059594587,2.076778424,-2.906585241,-3.082099113,-2.285009948,1.742361898,2.252862879,6.81569155,6.640177678,7.437266843,-2.322257859,2.247182204,0.872216702,1.344017033,3.052161706,3
ARD,21,2084,Unit 12,ARD GZ 5,Guano,2.249910992,2.267003195,-2.683446323,-2.846408634,-2.106008569,1.932678302,2.44308765,7.038830468,6.875868157,7.616268222,-2.958853643,2.178566197,0.905137531,1.301394917,2.949604037,3
ARD,23,2163,Unit 12,ARD GZ 5,Guano,,,,,,,,,,,-3.286251227,0.926100812,0.131972104,0.150664237,2.151300933,3
ARD,25,2243,Unit 12,ARD GZ 5,Guano,1.940631586,2.1535673,-3.17746266,-3.021969904,-2.356818331,1.623398897,2.329651755,6.544814132,6.700306888,7.365458461,-2.262485381,2.161287676,1.024967044,1.264724834,2.855300733,3
ARD,27,2303,Unit 12,ARD GZ 5,Guano,1.419333706,1.871551582,-3.772997427,-3.756244986,-2.899534126,1.102101017,2.047636037,5.949279365,5.966031806,6.822742666,-3.230913176,1.236996523,-0.456605748,-0.175960396,1.71184265,3
ARD,29,2363,Unit 12,ARD GZ 5,Guano,1.214085433,1.776618093,-3.877091084,-4.076472437,-3.022311911,0.896852744,1.952702548,5.845185707,5.645804354,6.69996488,-3.450943295,1.382274063,-0.305545427,-0.016567514,1.891563883,3
ARD,31,2424,Unit 12,ARD GZ 5,Guano,1.235063391,1.764271886,-3.908359391,-3.875997183,-3.015056546,0.917830702,1.940356341,5.813917401,5.846279608,6.707220245,-3.934916825,1.085379255,-0.644945079,-0.440538057,1.607927857,3
ARD,33,2487,Unit 12,ARD GZ 5,Guano,1.341547874,1.803307872,-3.877243996,-3.825889918,-2.99897903,1.024315185,1.979392327,5.845032795,5.896386874,6.723297762,-3.551507945,1.283708741,-0.446155946,-0.206321859,1.726606714,3
ARD,35,2549,Unit  11,ARD GZ 0,Non Guano,0.843595335,1.617434401,-4.381758609,-4.397307831,-3.246919273,0.526362645,1.793518856,5.340518183,5.324968961,6.475357519,-4.227497095,1.020363947,-1.10493195,-0.547750125,1.397504502,2
ARD,37,2606,Unit  11,ARD GZ 0,Non Guano,0.757095905,1.586719989,-4.361082818,-4.563809253,-3.284313222,0.439863216,1.762804444,5.361193974,5.158467538,6.437963569,-4.213230221,0.796269677,-1.344364668,-1.185051354,1.113819331,2
ARD,39,2663,Unit  11,ARD GZ 0,Non Guano,0.692292114,1.623020464,-4.309028326,-4.279747786,-3.271519558,0.375059425,1.799104919,5.413248465,5.442529006,6.450757233,-4.144689695,0.757821646,-1.404482382,-1.207500877,1.132824544,2
ARD,41,2706,Unit  11,ARD GZ 0,Non Guano,0.816289378,1.623380818,-4.233391851,-4.222319768,-3.240161611,0.499056689,1.799465273,5.48888494,5.499957024,6.482115181,-4.197703075,1.07267196,-0.657710402,-0.546756275,1.478213238,2
ARD,43,2736,Unit  11,ARD GZ 0,Non Guano,1.52399857,1.908650046,-3.638849919,-3.644388907,-2.832321681,1.20676588,2.084734501,6.083426873,6.077887884,6.88995511,-3.100092289,1.409602998,-0.390474689,-0.197378705,1.669495024,2
ARD,45,2766,Unit  11,ARD GZ 0,Non Guano,1.24289609,1.778208736,-3.868568856,-3.928480718,-2.988882932,0.925663401,1.954293191,5.853707936,5.793796074,6.73339386,-3.411432886,1.389953646,-0.342518995,-0.093438206,1.89291564,2
ARD,47,2789,Unit  11,ARD GZ 0,Non Guano,1.909542505,2.217427285,-3.297596091,-3.203685659,-2.47112451,1.592309815,2.39351174,6.4246807,6.518591132,7.251152281,-3.808424605,0.963872923,-1.004583339,-0.731917291,1.557699745,2
ARD,49,2811,Unit  11,ARD GZ 0,Non Guano,1.296828995,1.824707407,-3.950705899,-3.911206346,-2.982745078,0.979596306,2.000791862,5.771570893,5.811070446,6.739531713,-3.50758678,1.619610762,0.041015894,0.271576876,2.058622532,2
ARD,51,2830,Unit  11,ARD GZ 0,Non Guano,0.680895879,1.662783893,-4.561232672,-4.479469986,-3.247046702,0.363663189,1.838868348,5.161044119,5.242806805,6.47523009,-4.182788604,0.990806382,-1.265890092,-0.857520538,1.472526235,2
ARD,53,2846,Unit  11,ARD GZ 0,Non Guano,0.567595518,1.644504117,-4.677128378,-4.523392193,-3.308738379,0.250362829,1.820588572,5.045148413,5.198884599,6.413538412,-3.955082495,0.859074362,-1.76103757,-1.037311763,1.348222413,2
ARD,55,2862,Unit  11,ARD GZ 0,Non Guano,-0.54674631,1.47805304,-5.782532063,-5.170372581,-3.715412199,-0.863978999,1.654137496,3.939744729,4.551904211,6.006864593,-4.772941962,0.775095971,-1.882570204,-1.277445012,1.112235715,2
ARD,57,2876,Unit  11,ARD GZ 0,Non Guano,0.804043557,1.726612649,-4.416452239,-4.3031273,-3.144684085,0.486810867,1.902697104,5.305824553,5.419149491,6.577592706,-4.554984311,0.840316475,-1.55531244,-1.203235205,1.143521106,2
ARD,59,2890,Unit  11,ARD GZ 0,Non Guano,0.237759345,1.587705085,-5.032540082,-4.741030953,-3.404460027,-0.079473344,1.76378954,4.689736709,4.981245838,6.317816764,-5.678464667,0.866782361,-1.421839299,-1.194655338,1.145443056,2
ARD,61.3,2907,Unit  11,ARD GZ 0,Non Guano,1.620992271,2.009578028,-3.612394006,-3.449191237,-2.553765644,1.303759582,2.185662483,6.109882785,6.273085555,7.168511148,,0.983749705,-0.668032852,-0.510486583,2.416222552,2
ARD,64.5,2930,Unit  11,ARD GZ 0,Non Guano,,,,,,,,,,,-2.807547407,1.972997183,0.836495595,1.173427443,3.207596106,2
ARD,67.6,2953,Unit 10,ARD GZ 4,Guano,2.709236121,2.840232248,-2.292067994,-2.188043551,-1.582301371,2.392003432,3.016316703,7.430208797,7.53423324,8.13997542,-2.446879254,1.893041913,0.861591672,1.119073361,3.354472267,4
ARD,70.8,2977,Unit 10,ARD GZ 4,Guano,2.708585963,2.810835055,-2.229221461,-2.210495528,-1.609437912,2.391353274,2.98691951,7.49305533,7.511781264,8.112838879,-2.559707863,2.192961248,0.882699787,1.10857253,2.95809589,4
ARD,74,3001,Unit 10,ARD GZ 4,Guano,2.595768438,2.736336993,-2.390124299,-2.277854312,-1.672412712,2.278535748,2.912421448,7.332152493,7.44442248,8.04986408,-2.938491006,2.051270665,0.750388448,0.951027133,2.846719998,4
ARD,77.1,3027,Unit 10,ARD GZ 4,Guano,2.458480974,2.631962141,-2.482291619,-2.364119881,-1.810270355,2.141248284,2.808046596,7.239985172,7.35815691,7.912006437,-1.394878105,2.266470661,1.372308119,1.926180779,4.509167459,4
ARD,80.3,3054,Unit 10,ARD GZ 4,Guano,2.807635983,2.905774016,-2.213494263,-2.037734079,-1.520653548,2.490403294,3.081858471,7.508782529,7.684542712,8.201623243,-4.03044076,2.121683847,1.07637014,1.662328915,4.04073315,4
ARD,83.5,3081,Unit 10,ARD GZ 4,Guano,2.841120126,2.963201933,-2.155855237,-1.908721043,-1.513027363,2.523887437,3.139286388,7.566421554,7.813555748,8.209249428,-2.251291799,2.611101252,2.328560579,3.074154235,6.012813965,4
ARD,86.6,3108,Unit 10,ARD GZ 4,Guano,2.561354656,2.741498135,-2.456223376,-2.413467793,-1.771271088,2.244121966,2.91758259,7.266053415,7.308808999,7.951005703,-2.208732184,2.320950874,1.165008351,1.575930823,3.735050959,4
ARD,89.8,3136,Unit 10,ARD GZ 4,Guano,2.654718739,2.839459577,-2.328201305,-2.242428176,-1.716743438,2.33748605,3.015544032,7.394075486,7.479848615,8.005533353,-4.389689507,1.85879963,0.617349584,0.842652409,3.048150889,4
ARD,92.9,3163,Unit 10,ARD GZ 4,Guano,2.712462223,2.895648815,-2.198983803,-2.045993608,-1.6405285,2.395229533,3.07173327,7.523292989,7.676283184,8.081748292,-3.507807117,1.744793483,0.677577156,0.784790448,3.05304673,4
ARD,96.1,3191,Unit 10,ARD GZ 4,Guano,3.100488211,3.250459674,-1.861162948,-1.763588592,-1.219476991,2.783255521,3.42654413,7.861113843,7.958688199,8.502799801,-2.089949519,2.774003227,1.49278664,1.738385645,3.820045246,4
ARD,99.3,3219,Unit 10,ARD GZ 4,Guano,2.800451887,2.896980373,-2.196322457,-2.16589414,-1.548068966,2.483219197,3.073064828,7.525954334,7.556382651,8.174207825,-2.327277706,2.553944687,1.283358636,1.424674352,3.345221912,4
ARD,102.4,3246,Unit 10,ARD GZ 4,Guano,2.715492725,2.819841607,-2.215410845,-2.214866552,-1.600984777,2.398260036,2.995926062,7.506865946,7.507410239,8.121292015,-2.450301121,2.323836546,1.068830457,1.308998757,3.082079551,4
ARD,105.6,3274,Unit 10,ARD GZ 4,Guano,2.598329457,2.841330558,-2.436678654,-2.38413496,-1.71664082,2.281096768,3.017415013,7.285598137,7.338141831,8.005635971,-2.982964545,2.215862275,0.941222978,1.119308701,2.970240022,4
ARD,108.7,3301,Unit 10,ARD GZ 4,Guano,2.496262104,2.74838361,-2.549228467,-2.419012196,-1.768689777,2.179029414,2.924468065,7.173048325,7.303264595,7.953587015,-2.827442248,2.126392625,0.522843155,0.807279401,2.807541436,4
ARD,111.9,3329,Unit 9,ARD GZ 4,Guano,1.972804702,2.412628504,-3.199896424,-3.080890082,-2.250883719,1.655572012,2.588712959,6.522380367,6.64138671,7.471393073,-3.834511813,1.577970942,0.157169211,0.443021985,2.184284138,4
ARD,115.1,3357,Unit 9,ARD GZ 4,Guano,1.731230938,2.283962581,-3.377622615,-3.324851536,-2.456889536,1.413998248,2.460047036,6.344654177,6.397425256,7.265387255,-3.109837055,1.663276452,-0.30410794,-0.016031624,2.157303679,4
ARD,118.2,3385,Unit 9,ARD GZ 4,Guano,1.635174958,2.223908817,-3.489763009,-3.427988822,-2.509453421,1.317942268,2.399993272,6.232513782,6.294287969,7.212823371,-3.952326556,1.220475493,-1.123264318,-0.903788048,1.468270762,4
ARD,121.4,3416,Unit 9,ARD GZ 4,Guano,1.416473778,2.088503378,-3.595898065,-3.560690906,-2.638169624,1.099241089,2.264587834,6.126378726,6.161585886,7.084107167,-4.0279937,1.310434297,-0.323496106,-0.023357752,2.053125333,4
ARD,124.5,3451,Unit 9,ARD GZ 4,Guano,1.301090486,2.051270665,-3.796304912,-3.557007813,-2.714288525,0.983857796,2.22735512,5.92597188,6.165268979,7.007988267,-4.256477238,1.36938764,-0.477846262,-0.447108387,2.016859856,4
ARD,127.7,3486,Unit 9,ARD GZ 4,Guano,1.258648801,2.035083689,-3.803143513,-3.626409186,-2.757170998,0.941416111,2.211168144,5.919133278,6.095867605,6.965105793,-3.547279887,1.461583004,-0.538353786,-0.261329696,2.025527449,4
ARD,130.9,3520,Unit 9,ARD GZ 4,Guano,1.212159473,2.003397877,-3.900014419,-3.738787561,-2.823840013,0.894926784,2.179482332,5.822262373,5.98348923,6.898436778,-4.251238728,1.320476483,-0.628951184,-0.112999972,2.224490259,4
ARD,134,3554,Unit 9,ARD GZ 4,Guano,1.334910162,2.084394712,-3.724491822,-3.588713755,-2.63320231,1.017677472,2.260479167,5.99778497,6.133563036,7.089074481,-3.673049694,1.349058002,-1.078943752,-0.555553714,1.73394959,4
ARD,137.2,3588,Unit 9,ARD GZ 4,Guano,1.133041008,1.990888144,-3.851330458,-3.719863,-2.814824145,0.815808319,2.166972599,5.870946334,6.002413792,6.907452647,-3.47609869,1.33591081,-0.803063007,-0.30704582,1.667198443,4
ARD,140.4,3623,Unit 9,ARD GZ 4,Guano,1.445037009,2.122999516,-3.540581925,-3.508081127,-2.697150911,1.127804319,2.299083971,6.181694867,6.214195665,7.025125881,-3.341200073,1.618775841,-0.120879509,-0.068840583,2.097141119,4
ARD,143.5,3657,Unit 9,ARD GZ 4,Guano,1.66077081,2.291634262,-3.41284846,-3.43646552,-2.416785445,1.34353812,2.467718717,6.309428331,6.285811271,7.305491346,-4.742661121,1.591853361,-0.204002415,0.137171973,2.023029567,4
ARD,146.7,3696,Unit 9,ARD GZ 4,Guano,1.222321943,2.06284365,-3.884369625,-3.848256387,-2.774401063,0.905089253,2.238928105,5.837907167,5.874020404,6.947875728,-3.737297525,1.552152518,-0.641295799,-0.345519366,1.84866285,4
ARD,149.8,3736,Unit 9,ARD GZ 4,Guano,1.132777102,2.035232102,-3.964403288,-3.94087116,-2.864177557,0.815544413,2.211316557,5.757873504,5.781405632,6.858099235,-3.226423031,1.464438217,-0.805381728,-0.639000817,1.613998924,4
ARD,151,3751,Unit 9,ARD GZ 4,Guano,0.870505308,1.945689666,-4.101152247,-4.176318145,-3.030272599,0.553272619,2.121774121,5.621124544,5.545958646,6.692004193,-5.162333991,1.21232571,-1.104357073,-0.897644063,1.662660605,4
ARD,153,3777,Unit 9,ARD GZ 4,Guano,1.228462482,2.070457882,-3.87743648,-3.837499146,-2.762325431,0.911229793,2.246542337,5.844840311,5.884777645,6.959951361,-3.803571297,0.955630514,-1.691676011,-1.229052489,1.181936104,4
ARD,155,3802,Unit 9,ARD GZ 4,Guano,-0.046812599,1.721058655,-4.844034748,-4.78817457,-3.456630723,-0.364045288,1.89714311,4.878242043,4.934102222,6.265646068,-4.787789318,0.867827798,-1.883624238,-1.69350537,1.025594667,4
ARD,157,3833,Unit 9,ARD GZ 4,Guano,-0.607833597,1.605613816,-5.167023963,-5.037716253,-3.651421892,-0.925066286,1.781698271,4.555252828,4.684560539,6.0708549,-4.961572365,0.708778666,-2.24747985,-1.880914221,0.98122701,4
ARD,159,3864,Unit 8,ARD GZ 0,Non Guano,-1.107932021,1.555439403,-5.295891376,-5.202276583,-3.735075583,-1.42516471,1.731523858,4.426385416,4.520000209,5.987201208,-5.364105107,0.790646824,-2.642809679,-2.077570634,0.766033835,2
ARD,161,3898,Unit 8,ARD GZ 0,Non Guano,-1.376922221,1.631171149,-5.460909205,-5.245142604,-3.707251843,-1.694154911,1.807255604,4.261367586,4.477134187,6.015024949,-4.283141524,0.787789432,-3.003104138,-2.120560338,0.637074834,2
ARD,163,3936,Unit 8,ARD GZ 0,Non Guano,-1.1589928,1.68707388,-5.497496944,-5.245072852,-3.694101398,-1.476225489,1.863158335,4.224779847,4.477203939,6.028175393,-5.570631962,0.812114249,-3.263059327,-2.135033153,0.478157652,2
ARD,165,3974,Unit 8,ARD GZ 0,Non Guano,-1.462346724,1.599285541,-5.574788618,-5.313584839,-3.738048478,-1.779579414,1.775369996,4.147488173,4.408691953,5.984228314,-5.358847866,0.661689928,-2.880630205,-2.052694033,0.463961315,2
ARD,167,4012,Unit 8,ARD GZ 0,Non Guano,-0.742112185,1.32408413,-5.367149254,-5.175625395,-3.98828499,-1.059344875,1.500168585,4.355127538,4.546651397,5.733991801,-5.263984687,0.753304236,-2.943700017,-2.171320174,0.472933172,2
ARD,169,4051,Unit 8,ARD GZ 0,Non Guano,-1.590090271,1.526746197,-5.447380944,-5.29709711,-3.817712326,-1.907322961,1.702830652,4.274895848,4.425179681,5.904564465,-4.596771378,0.800156501,-2.481611754,-2.144200109,0.520351069,2
ARD,171,4089,Unit 8,ARD GZ 0,Non Guano,-1.561564488,1.556542499,-5.530132536,-5.305168841,-3.781833628,-1.878797177,1.732626954,4.192144255,4.41710795,5.940443163,-5.674182005,0.685968399,-2.492661967,-2.076869744,0.530207393,2
ARD,173,4127,Unit 8,ARD GZ 0,Non Guano,-1.505325058,1.566119038,-5.44001112,-5.264000274,-3.774757943,-1.822557747,1.742203493,4.282265672,4.458276518,5.947518848,-5.009095648,1.359882886,-0.432799883,-0.207599857,1.814859875,2
ARD,175,4165,Unit 8,ARD GZ 0,Non Guano,0.662184955,1.885938624,-4.312032705,-4.24921286,-3.230782875,0.344952265,2.062023079,5.410244087,5.473063932,6.491493916,-3.338139246,2.255332208,1.030253198,1.31661444,3.890430612,2
ARD,177,4204,Unit 8,ARD GZ 0,Non Guano,2.103021361,2.547753656,-3.035966251,-2.931061206,-2.198922731,1.785788671,2.723838111,6.68631054,6.791215586,7.52335406,-3.056356895,2.233592222,1.157620842,1.43040506,3.65370935,2
ARD,179,4242,Unit 7,ARD GZ 3,Guano,2.441469567,2.680784637,-2.401963198,-2.464934517,-1.88851161,2.124236878,2.856869092,7.320313593,7.257342275,7.833765181,-3.112691925,1.502245223,0.884148695,0.804502869,2.648194092,5
ARD,181,4280,Unit 7,ARD GZ 3,Guano,,,,,,,,,,,-3.177392236,1.450843223,0.763727144,0.654693876,1.856360033,5
ARD,183,4319,Unit 7,ARD GZ 3,Guano,,,,,,,,,,,-4.335781307,1.339918199,-0.11570815,0.049605062,2.106207508,5
ARD,185,4357,Unit 7,ARD GZ 3,Guano,,,,,,,,,,,-2.431253936,1.568725273,0.896141588,0.904674973,2.937438431,5
ARD,187,4382,Unit 7,ARD GZ 3,Guano,2.339692881,2.440489532,-2.387486167,-2.497176742,-1.983023329,2.022460192,2.616573987,7.334790624,7.225100049,7.739253463,-4.080921542,1.511556863,1.054582734,0.889585961,2.485258502,5
ARD,189,4407,Unit 7,ARD GZ 3,Guano,2.299251492,2.5448785,-2.436218157,-2.731297741,-2.084207238,1.982018802,2.720962955,7.286058634,6.99097905,7.638069554,-3.405631979,1.74449469,-0.09265883,0.083983198,2.165101527,5
ARD,191,4430,Unit 7,ARD GZ 3,Guano,0.904660866,2.104515179,-4.252556701,-4.086562422,-3.006730028,0.587428177,2.280599634,5.46972009,5.63571437,6.715546764,-3.93790732,1.387051978,-0.761707058,-0.459748897,1.875758759,5
ARD,193,4450,Unit 6,ARD GZ 0,Non Guano,1.125966292,2.189988253,-3.978125083,-3.880898462,-2.882581878,0.808733602,2.366072708,5.744151709,5.84137833,6.839694913,-4.683219959,1.07512497,-1.577578706,-1.096438375,1.252374272,2
ARD,195,4470,Unit 6,ARD GZ 0,Non Guano,0.95436268,2.105225659,-4.157012119,-4.081078663,-2.993378408,0.63712999,2.281310114,5.565264672,5.641198128,6.728898383,-3.919140473,1.82979745,0.071605688,0.170032007,2.202098418,2
ARD,197,4491,Unit 6,ARD GZ 0,Non Guano,1.65389798,2.399890329,-3.53245786,-3.503696665,-2.490077589,1.336665291,2.575974784,6.189818931,6.218580126,7.232199202,-3.973976667,1.775554775,-0.173128147,-0.067184711,1.998781391,2
ARD,199,4511,Unit 6,ARD GZ 0,Non Guano,0.792565548,1.991743823,-4.287109083,-4.203485801,-3.089835635,0.475332859,2.167828278,5.435167709,5.518790991,6.632441157,-3.515332844,1.940422771,0.007532047,0.339132865,2.357930148,2
ARD,201,4531,Unit 6,ARD GZ 0,Non Guano,1.073205517,2.111740529,-3.935135838,-3.956220051,-2.937418047,0.755972827,2.287824984,5.787140953,5.76605674,6.784858744,-4.172847624,1.27285473,-1.230516127,-0.875530373,1.446465694,2
ARD,204,4560,Unit 6,ARD GZ 0,Non Guano,1.381242181,2.277739094,-3.852540855,-3.781563812,-2.716853075,1.064009492,2.453823549,5.869735936,5.94071298,7.005423717,-5.155282834,0.857335692,-1.951695701,-1.370309808,1.037361684,2
ARD,206,4580,Unit 6,ARD GZ 0,Non Guano,1.593359524,2.362577004,-3.611978702,-3.612980971,-2.564322314,1.276126835,2.538661459,6.11029809,6.10929582,7.157954478,-4.074857675,1.377610372,-0.987810432,-0.828298421,1.579046325,2
ARD,208,4600,Unit 6,ARD GZ 0,Non Guano,0.223548601,1.778619271,-4.723433902,-4.633244608,-3.386451806,-0.093684089,1.954703726,4.99884289,5.089032184,6.335824985,-2.931073625,1.92692136,-0.013059436,0.016206265,2.256714737,2
ARD,210,4621,Unit 6,ARD GZ 0,Non Guano,0.987996354,2.047040446,-4.167172425,-4.050230946,-2.980299869,0.670763664,2.223124901,5.555104366,5.672045846,6.741976923,-4.41669641,1.097807028,-1.450278524,-1.213047032,1.307542074,2
ARD,212,4641,Unit 6,ARD GZ 0,Non Guano,1.087290892,2.12453775,-4.114352664,-3.961843354,-2.892515735,0.770058202,2.300622205,5.607924127,5.760433437,6.829761056,-5.58631189,1.022363271,-1.638680457,-1.169732874,1.238469306,2
ARD,214,4661,Unit 6,ARD GZ 0,Non Guano,1.128633305,2.171964911,-3.947482149,-3.983935587,-2.878039945,0.811400615,2.348049366,5.774794642,5.738341204,6.844236846,-5.028880531,1.216949341,-1.031991305,-0.79823065,1.564685719,2
ARD,216,4681,Unit 6,ARD GZ 0,Non Guano,0.967444265,2.054482007,-4.1978547,-4.047330597,-2.991084705,0.650211575,2.230566462,5.524422091,5.674946194,6.731192086,-3.867324459,1.215675792,-0.99375982,-0.69884008,1.56776903,2
ARD,218,4701,Unit 6,ARD GZ 0,Non Guano,0.836093572,2.022850761,-4.188604578,-4.107558901,-3.048856139,0.518860883,2.198935216,5.533672214,5.61471789,6.673420652,-5.57626471,1.224461996,-1.128723468,-0.76679406,1.561212436,2
ARD,220,4721,Unit 6,ARD GZ 0,Non Guano,1.346903854,2.242225716,-3.755361449,-3.735803788,-2.699597065,1.029671165,2.418310171,5.966915343,5.986473004,7.022679726,-3.929264812,1.661073029,-0.23496529,-0.047252885,2.091705771,2
ARD,222,4741,Unit 6,ARD GZ 0,Non Guano,0.742672909,1.973590349,-4.251513208,-4.218772141,-3.106914625,0.42544022,2.149674804,5.470763584,5.503504651,6.615362166,-5.032266314,1.238268328,-1.149466167,-0.867152681,1.395645079,2
ARD,224,4760,Unit 6,ARD GZ 0,Non Guano,1.26975144,2.176665316,-3.866112156,-3.844652194,-2.78859952,0.95251875,2.352749771,5.856164635,5.877624597,6.933677271,-4.339901708,1.453264327,-0.838858992,-0.74396025,1.712128635,2
ARD,226,4780,Unit 6,ARD GZ 0,Non Guano,0.62217962,1.893526736,-4.332651992,-4.327581927,-3.188147644,0.304946931,2.069611191,5.3896248,5.394694865,6.534129148,-4.368630859,1.703670125,-0.435541004,-0.181422901,2.063686698,2
ARD,228,4800,Unit 6,ARD GZ 0,Non Guano,0.635353322,1.899277483,-4.334280687,-4.318568611,-3.167312589,0.318120632,2.075361938,5.387996104,5.403708181,6.554964203,-4.551497152,1.461113206,-0.699292642,-0.61462419,1.916301749,2
ARD,230,4819,Unit 6,ARD GZ 0,Non Guano,1.49587102,2.328515673,-3.657409886,-3.669798216,-2.586189094,1.178638331,2.504600128,6.064866906,6.052478575,7.136087697,-4.526487664,1.418583844,-0.793591324,-0.645611388,1.785610056,2
ARD,232,4840,Unit 6,ARD GZ 0,Non Guano,0.800064235,2.016927313,-4.290819869,-4.211937646,-3.064942277,0.482831545,2.193011768,5.431456922,5.510339145,6.657334515,-4.686934488,1.497873979,-0.728027896,-0.336914649,1.797273176,2
ARD,234,4861,Unit 6,ARD GZ 0,Non Guano,0.995138155,2.082378401,-4.121018877,-4.082648522,-2.961046716,0.677905466,2.258462856,5.601257915,5.639628269,6.761230076,-5.07156153,1.059581344,-1.831375918,-1.388468013,1.174396149,2
ARD,236,4881,Unit 6,ARD GZ 0,Non Guano,0.167316407,1.813575245,-4.706033722,-4.651235553,-3.382277898,-0.149916282,1.9896597,5.01624307,5.071041239,6.339998893,-4.85261603,0.86506935,-2.475387394,-1.861896298,0.738091061,2
ARD,238,4901,Unit 6,ARD GZ 0,Non Guano,-0.47323465,1.764740003,-5.133614411,-4.963382409,-3.527840113,-0.790467339,1.940824458,4.588662381,4.758894382,6.194436678,-4.824305716,1.119018456,-1.512546897,-1.047720681,1.218406291,2
ARD,240,4921,Unit 6,ARD GZ 0,Non Guano,-0.440354337,1.748446952,-5.100419413,-4.91665756,-3.534919015,-0.757587026,1.924531407,4.621857378,4.805619232,6.187357777,-5.231952617,1.192063018,-1.629606186,-1.079670218,1.361019816,2
ARD,242,4941,Unit 6,ARD GZ 0,Non Guano,-0.131096524,1.823117022,-4.886235103,-4.796405069,-3.443727319,-0.448329214,1.999201477,4.836041689,4.925871723,6.278549473,-4.631737213,1.070077515,-1.958473128,-1.380567967,1.097862944,2
ARD,244,4960,Unit 6,ARD GZ 0,Non Guano,1.277565363,2.202370702,-3.915850062,-3.707290016,-2.793705646,0.960332673,2.378455157,5.806426729,6.014986775,6.928571146,-4.753270855,1.180054405,-1.375809754,-0.926241063,1.415564743,2
ARD,246,4980,Unit 6,ARD GZ 0,Non Guano,1.349127921,2.207855176,-3.734852132,-3.703917331,-2.756467301,1.031895232,2.383939631,5.987424659,6.01835946,6.965809491,-4.218504528,1.353735916,-0.844958678,-0.520012334,1.814036526,2
ARD,248,4999,Unit 6,ARD GZ 0,Non Guano,1.163644759,2.168262874,-4.103970444,-4.042735112,-2.927741221,0.846412069,2.344347329,5.618306348,5.679541679,6.79453557,-4.381133379,1.211185337,-1.249788546,-0.941784231,1.441278334,2
ARD,250,5018,Unit 6,ARD GZ 0,Non Guano,1.081724071,2.121220016,-3.950919005,-3.935420604,-2.916057687,0.764491381,2.297304472,5.771357786,5.786856188,6.806219105,-4.33748878,1.471472375,-0.536905337,-0.196761953,1.985729095,2
ARD,253,5044,Unit 6,ARD GZ 0,Non Guano,0.524642769,1.958255985,-4.450154836,-4.402525156,-3.199144243,0.20741008,2.13434044,5.272121956,5.319751635,6.523132548,-3.439719704,1.574605145,-0.588040746,-0.402769475,1.667904528,2
ARD,254,5052,Unit 6,ARD GZ 0,Non Guano,0.577302398,1.970831933,-4.323852438,-4.359373127,-3.17761047,0.260069709,2.146916388,5.398424354,5.362903665,6.544666322,-4.214817579,1.474081965,-0.698534399,-0.328112382,1.774143838,2
ARD,256,5069,Unit 6,ARD GZ 0,Non Guano,0.737925303,1.979239537,-4.251346799,-4.213818215,-3.100092289,0.420692614,2.155323992,5.470929993,5.508458576,6.622184503,-5.298650644,1.514940465,-0.719140205,-0.51227063,1.784849054,2
ARD,258,5084,Unit 6,ARD GZ 0,Non Guano,1.1307694,2.136792838,-4.061931534,-3.90713302,-2.877223285,0.813536711,2.312877293,5.660345257,5.815143771,6.845053506,-4.833815814,1.263173028,-1.04806001,-0.776349883,1.358194028,2
ARD,260,5100,Unit 6,ARD GZ 0,Non Guano,0.113728765,1.832021083,-4.770057829,-4.603770606,-3.368136519,-0.203503924,2.008105538,4.952218963,5.118506186,6.354140272,-4.471037109,1.301960435,-0.967378146,-0.62257065,1.459461476,2
ARD,262,5115,Unit 6,ARD GZ 0,Non Guano,0.533683762,1.926313941,-4.429656314,-4.364834234,-3.202038601,0.216451072,2.102398396,5.292620477,5.357442557,6.52023819,-5.574491164,1.287220176,-1.0552141,-0.676077476,1.527628252,2
ARD,264,5131,Unit 6,ARD GZ 0,Non Guano,0.121947907,1.860673591,-4.758081638,-4.641984159,-3.340030946,-0.195284782,2.036758046,4.964195154,5.080292632,6.382245845,-4.258759841,1.127899036,-0.987924277,-0.625569292,1.737968606,2
ARD,266,5146,Unit 6,ARD GZ 0,Non Guano,-0.25803183,1.819400558,-5.005250212,-4.846394897,-3.457909955,-0.575264519,1.995485013,4.717026579,4.875881894,6.264366836,-5.127306601,1.101327669,-1.336039797,-0.898649701,1.545279989,2
ARD,268,5162,Unit 6,ARD GZ 0,Non Guano,0.444068901,1.908354022,-4.511644548,-4.414622113,-3.259409353,0.126836211,2.084438477,5.210632244,5.307654679,6.462867439,-4.993090984,0.951190802,-2.019337618,-1.484795467,1.1998937,2
ARD,270,5177,Unit 6,ARD GZ 0,Non Guano,0.396102418,1.908878538,-4.460965752,-4.40743635,-3.26096804,0.078869729,2.084962993,5.26131104,5.314840441,6.461308751,-5.315666005,0.882134975,-1.669346165,-0.99928962,1.627858525,2
ARD,272,5192,Unit 6,ARD GZ 0,Non Guano,0.724794266,1.968566491,-4.264827915,-4.192983977,-3.128438243,0.407561577,2.144650946,5.457448877,5.529292814,6.593838548,-4.760618725,0.965043838,-1.507780744,-0.932965959,1.621812394,2
ARD,274,5207,Unit 6,ARD GZ 0,Non Guano,0.638415487,1.926045408,-4.301938891,-4.234106505,-3.18328488,0.321182798,2.102129863,5.4203379,5.488170287,6.538991912,-3.883412471,1.38259359,-0.38457662,0,2.226290848,2
ARD,276,5223,Unit 6,ARD GZ 0,Non Guano,0.122217633,1.79729965,-4.750780274,-4.611859174,-3.401197382,-0.195015057,1.973384105,4.971496518,5.110417617,6.32107941,-4.211347567,1.165878261,-0.928262222,-0.4724256,1.799726091,2
ARD,278,5238,Unit 6,ARD GZ 0,Non Guano,0.118913874,1.811033934,-4.627991352,-4.620907767,-3.347666267,-0.198318816,1.987118389,5.094285439,5.101369024,6.374610524,-4.772963642,1.055868847,-1.239838718,-0.77264803,1.529796208,2
ARD,280,5253,Unit 6,ARD GZ 0,Non Guano,0.102786163,1.81538437,-4.765857951,-4.617423573,-3.380440024,-0.214446527,1.991468825,4.95641884,5.104853219,6.341836767,-4.212299848,0.994131701,-1.241289258,-0.821231108,1.51878103,2
ARD,282,5276,Unit 6,ARD GZ 0,Non Guano,0.157684759,1.827074028,-4.68894427,-4.676653957,-3.394521789,-0.159547931,2.003158483,5.033332521,5.045622834,6.327755002,-5.229324495,1.036356874,-1.159728103,-0.723606388,1.686465089,2
ARD,284,5300,Unit 6,ARD GZ 0,Non Guano,,,,,,,,,,,-4.144682115,0.977974389,-1.202813832,-0.728956633,1.660085463,2
ARD,286,5324,Unit 6,ARD GZ 0,Non Guano,2.392457366,2.573247162,-2.470158697,-2.684008717,-1.983988658,2.075224676,2.749331617,7.252118095,7.038268074,7.738288134,-3.151385583,1.4647766,0.459532329,0.47878627,2.398168236,2
ARD,288,5351,Unit 6,ARD GZ 0,Non Guano,2.92181155,3.158672463,-2.208988344,-2.158111908,-1.562790224,2.60457886,3.334756918,7.513288448,7.564164883,8.159486568,-3.155986736,1.928665823,1.050835809,1.262853871,3.249281076,2
ARD,290,5377,Unit 6,ARD GZ 0,Non Guano,,,,,,,,,,,-2.885384216,2.111727205,0.452136627,0.919618522,2.951344903,2
ARD,292,5420,Unit 6,ARD GZ 0,Non Guano,,,,,,,,,,,-3.242020542,1.59928165,0.997022503,1.020659335,3.016020773,2
ARD,294,5463,Unit 6,ARD GZ 0,Non Guano,2.162391451,2.49744393,-2.741831984,-2.842150908,-2.137678578,1.845158761,2.673528386,6.980444808,6.880125884,7.584598214,-4.645077477,1.474277583,0.321257559,0.545495583,2.408693442,2
ARD,296,5507,Unit 5,ARD GZ 2,Guano,,,,,,,,,,,-3.420664776,2.066045423,1.008624605,1.171861712,3.075646016,6
ARD,298,5552,Unit 5,ARD GZ 2,Guano,,,,,,,,,,,-4.022285771,1.335243455,0.067763867,0.401362538,2.65580474,6
ARD,300,5597,Unit 5,ARD GZ 2,Guano,0.379245119,1.715726995,-4.442344297,-4.514515818,-3.332602731,0.062012429,1.89181145,5.279932494,5.207760974,6.38967406,-4.131604665,1.216824743,0.54278059,0.606054704,2.955690528,6
ARD,302,5643,Unit 5,ARD GZ 2,Guano,1.844665025,2.291494406,-3.014374416,-3.154796968,-2.411218934,1.527432336,2.467578861,6.707902375,6.567479823,7.311057857,-3.430278591,1.267665028,0.151417193,0.213757817,2.119690123,6
ARD,304,5689,Unit 5,ARD GZ 2,Guano,2.377167036,2.672010265,-2.654753962,-2.716939149,-1.979049099,2.059934347,2.84809472,7.067522829,7.005337643,7.743227693,-4.134023046,1.913180257,1.114503656,1.348102866,3.311394511,6
ARD,306,5744,Unit 5,ARD GZ 2,Guano,,,,,,,,,,,-2.515337767,2.668589677,1.023828712,1.446438021,3.297584589,6
ARD,308,5807,Unit 5,ARD GZ 2,Guano,,,,,,,,,,,-2.990415132,2.215255172,0.893956342,0.862308131,2.640253437,6
ARD,310,5870,Unit 5,ARD GZ 2,Guano,-1.356403424,1.651782311,-5.521192343,-5.253500779,-3.697307381,-1.673636113,1.827866766,4.201084448,4.468776013,6.024969411,-5.666920881,0.780950816,-2.459539436,-1.800194151,0.845885231,6
ARD,312,6000,Unit 4,ARD GZ 0,Non Guano,-1.26109368,1.63526612,-5.444453138,-5.228686537,-3.703665966,-1.578326369,1.811350575,4.277823654,4.493590255,6.018610826,-4.591846525,0.695974774,-2.855516861,-1.653618746,1.172237567,2
ARD,314,6131,Unit 4,ARD GZ 0,Non Guano,-1.121734706,1.59085359,-5.449545447,-5.18725883,-3.703590305,-1.438967396,1.766938045,4.272731345,4.535017962,6.018686487,-4.23610351,1.317657678,0.081384604,0.264854926,2.247952458,2
ARD,316,6266,Unit 4,ARD GZ 0,Non Guano,-1.034113807,1.603655693,-5.346587866,-5.144807507,-3.69208767,-1.351346496,1.779740148,4.375688925,4.577469284,6.030189122,-4.933905805,0.88492693,-2.442441755,-1.792707067,0.730059287,2
ARD,318,6405,Unit 4,ARD GZ 0,Non Guano,-0.257436506,1.647425453,-4.908510745,-4.802286902,-3.555348061,-0.574669195,1.823509908,4.813766046,4.91998989,6.16692873,-4.695509353,0.982592647,-1.306507245,-1.07968947,1.142309437,2
ARD,320,6544,Unit 4,ARD GZ 0,Non Guano,2.292726998,2.612349511,-2.702923528,-2.779346497,-2.053713862,1.975494308,2.788433966,7.019353263,6.942930294,7.66856293,-3.110547948,2.235447854,0.921034293,0.901622006,2.882249044,2
ARD,322,6673,Unit 3,ARD GZ 1,Guano,2.736529672,3.058533175,-2.433193886,-2.568288259,-1.753607703,2.419296983,3.23461763,7.289082905,7.153988533,7.968669088,-2.9182137,2.304266584,0.732657421,0.748705062,2.887957666,7
ARD,324,6802,Unit 3,ARD GZ 1,Guano,1.752000977,2.311759469,-3.054949568,-3.303585705,-2.54374715,1.434768288,2.487843924,6.667327223,6.418691087,7.178529642,-2.979921668,2.166774497,1.0565722,0.589887158,2.76458868,7
ARD,326,6933,Unit 3,ARD GZ 1,Guano,-0.773074555,1.576371235,-5.061731182,-5.003738715,-3.659555839,-1.090307244,1.75245569,4.66054561,4.718538076,6.062720952,-4.878287242,0.678332095,-2.554310959,-1.99848162,0.226182942,7
ARD,328,7068,Unit 2,ARD GZ 0,Non Guano,-1.246453799,1.244722463,-5.957522573,-5.152207192,-3.935811867,-1.563686489,1.420806919,3.764754219,4.5700696,5.786464924,-4.730568595,0.370272967,-3.157794667,-2.094372498,0.285783659,2
ARD,330,7202,Unit 2,ARD GZ 0,Non Guano,-1.694532339,1.269651576,-6.181712498,-5.249880401,-4.000227855,-2.011765029,1.445736032,3.540564294,4.472396391,5.722048937,-5.28207506,0.433733575,-3.304912368,-2.129022532,0.428106648,2
ARD,332,7334,Unit 2,ARD GZ 0,Non Guano,-1.616902776,1.305607854,-6.152880683,-5.257953143,-3.978852478,-1.934135466,1.481692309,3.569396109,4.464323649,5.743424313,-5.046091193,0.377338606,-3.828419544,-1.772204853,0.592876861,2
ARD,334,7465,Unit 2,ARD GZ 0,Non Guano,-1.60727925,1.355573349,-6.439708881,-5.304277829,-3.994183928,-1.924511939,1.531657805,3.282567911,4.417998963,5.728092863,-5.214226622,0.499075613,-3.604788709,-2.007599419,0.25383352,2
ARD,336,7595,Unit 2,ARD GZ 0,Non Guano,-1.675383893,1.352229112,-6.260130296,-5.317487283,-3.997884296,-1.992616583,1.528313567,3.462146496,4.404789509,5.724392495,-5.070068211,0.488474382,-5.657854876,-2.020268716,0.643664594,2
ARD,338,7725,Unit 2,ARD GZ 0,Non Guano,-1.719088279,1.331202979,-6.375008272,-5.249819713,-4.009289313,-2.036320968,1.507287434,3.34726852,4.472457079,5.712987479,-6.24481394,0.635570142,-3.265888785,-2.001091977,0.627774619,2
ARD,340,7855,Unit 2,ARD GZ 0,Non Guano,-1.719694399,1.410718913,-6.301458491,-5.320540503,-3.974366136,-2.036927088,1.586803368,3.4208183,4.401736288,5.747910655,-5.457343361,0.615701173,-3.203285309,-2.219697433,0.557015006,2
ARD,344,8117,Unit 2,ARD GZ 0,Non Guano,-1.773489214,1.385480581,-6.343546652,-5.356369378,-3.98746676,-2.090721903,1.561565036,3.378730139,4.365907413,5.734810031,-6.775529157,0.527640895,-3.731006719,-2.174653895,0.288374805,2
ARD,346,8241,Unit 2,ARD GZ 0,Non Guano,-1.27766052,1.354772275,-4.363947518,-4.398555937,-3.235405127,-1.59489321,1.53085673,5.358329274,5.323720855,6.486871665,-5.07321878,0.345101379,-1.293299616,-1.247298474,1.030876664,2
ARD,348,8358,Unit 1,ARD GZ 0,Non Guano,-1.468107921,1.298124235,-4.214613425,-4.586242176,-3.202555378,-1.785340611,1.474208691,5.507663366,5.136034615,6.519721413,-4.504033541,0.323708604,-1.40115663,-1.476664183,0.928544119,2
ARD,350,8474,Unit 1,ARD GZ 0,Non Guano,-1.599713363,1.419924432,-4.331487722,-4.758597277,-3.174801795,-1.916946052,1.596008887,5.390789069,4.963679515,6.547474996,-4.650621449,0.414817637,-1.559578996,-1.805712065,1.0815865,2
ARD,352,8575,Unit 1,ARD GZ 0,Non Guano,-1.667889988,1.455287233,-4.61859311,-4.86753445,-3.316937038,-1.985122677,1.631371688,5.103683681,4.854742341,6.405339753,-5.985614133,0.74141831,-1.803563991,-1.783412175,1.052438147,2
ARD,356,8777,Unit 1,ARD GZ 0,Non Guano,-1.594187072,1.469456407,-4.19494437,-4.722678836,-3.113240923,-1.911419762,1.645540862,5.527332421,4.999597956,6.609035868,-4.021624515,0.508283186,-1.53498326,-1.440776572,1.242683535,2
YAN,3,413,Freshwater,YAN GZ 0,Non Guano,-1.756688327,1.354186966,-5.668711332,-5.30359752,-3.885462553,-2.073921016,1.530271421,4.053565459,4.418679272,5.836814239,-6.579894944,0.513415295,-2.967135975,-2.693469506,-0.264380782,1
YAN,5,725.64,Freshwater,YAN GZ 0,Non Guano,-1.693390787,1.382861863,-5.676182863,-5.401079573,-3.918324946,-2.010623476,1.558946319,4.046093928,4.321197219,5.803951846,-5.735677273,0.261557262,-2.350067415,-2.571609685,-0.137887613,1
YAN,7,961.52,Freshwater,YAN GZ 0,Non Guano,-1.681377258,1.007361998,-4.846401589,-4.992494207,-3.754282829,-1.998609948,1.183446453,4.875875203,4.729782584,5.967993962,-6.011609113,0.005745571,-2.097205223,-2.454021038,-0.207946228,1
YAN,9,1197.4,Freshwater,YAN GZ 0,Non Guano,-1.589149812,0.853742827,-4.614608265,-4.868388786,-3.654465651,-1.906382501,1.029827282,5.107668526,4.853888005,6.06781114,-5.18994769,-0.091565254,-1.497535463,-2.349501041,0.017662318,1
YAN,13,2153.18,Freshwater,YAN GZ 0,Non Guano,-1.401870101,1.01901469,-5.290903589,-5.257380897,-3.918915623,-1.719102791,1.195099145,4.431373203,4.464895895,5.803361168,-5.490032211,-0.043393009,-2.041392973,-2.344417448,-0.00526105,1
YAN,15,2711.74,Freshwater,YAN GZ 0,Non Guano,-1.586172852,0.981185823,-4.943069975,-5.04843049,-3.767496645,-1.903405541,1.157270278,4.779206817,4.673846301,5.954780147,-6.082678344,0.051523296,-2.251193376,-2.457273014,-0.132077392,1
YAN,17,3040.18,Freshwater,YAN GZ 0,Non Guano,-1.553578041,1.028446291,-5.159434159,-5.181657296,-3.844293558,-1.87081073,1.204530746,4.562842633,4.540619496,5.877983233,-5.744622346,0.122992441,-1.948380192,-2.436651655,-0.049940749,1
YAN,19,3368.62,Freshwater,YAN GZ 0,Non Guano,-1.578379515,1.216512154,-5.193587965,-5.327119357,-3.836114042,-1.895612205,1.392596609,4.528688827,4.395157434,5.886162749,-5.786267728,0.261179606,-2.195868212,-2.551109007,-0.100498154,1
YAN,21,3660.84,Freshwater,YAN GZ 0,Non Guano,-1.649459587,1.01021703,-4.534843803,-5.088878181,-3.812282737,-1.966692276,1.186301485,5.187432988,4.63339861,5.909994054,-5.636395912,-0.096276394,-1.750386084,-2.282148956,-0.061842807,1
YAN,23,3916.86,Freshwater,YAN GZ 0,Non Guano,-1.602692524,0.947933672,-4.414703661,-4.970829044,-3.757147425,-1.919925214,1.124018127,5.307573131,4.751447748,5.965129366,-5.588338613,0.152947415,-1.681032597,-2.467529705,-0.065619663,1
YAN,25,4172.88,Freshwater,YAN GZ 0,Non Guano,-1.69312456,1.169076321,-4.647357102,-5.077514823,-3.735956356,-2.010357249,1.345160776,5.074919689,4.644761969,5.986320436,-5.733406559,0.157114536,-1.947319329,-2.502499653,-0.05283077,1
YAN,27,4328.62,Freshwater,YAN GZ 0,Non Guano,-1.703881916,1.159678584,-4.626186721,-5.076908421,-3.725953426,-2.021114606,1.335763039,5.09609007,4.64536837,5.996323365,-5.535359093,0.252692526,-1.973182736,-2.561323325,-0.047214436,1
YAN,29,4484.36,Freshwater,YAN GZ 0,Non Guano,,,,,,,,,,,-5.469961698,0.296373795,-1.872075408,-2.502160809,-0.179097185,1
YAN,31,4654.93,Freshwater,YAN GZ 0,Non Guano,-1.703576903,1.283534627,-4.793761356,-5.153135357,-3.746773433,-2.020809593,1.459619082,4.928515436,4.569141435,5.975503359,-5.885899893,0.412426627,-1.956269238,-2.58817155,-0.112678782,1
YAN,33,4840.35,Freshwater,YAN GZ 0,Non Guano,-1.801686558,1.371071585,-5.034747018,-5.199368998,-3.802603337,-2.118919248,1.54715604,4.687529774,4.522907794,5.919673455,-6.685297634,0.483901754,-2.490632408,-2.552917564,-0.230329819,1
YAN,35,5025.76,Freshwater,YAN GZ 0,Non Guano,-1.879728242,1.41546985,-5.210210099,-5.27234188,-3.759753794,-2.196960932,1.591554305,4.512066692,4.449934911,5.962522998,-6.669807563,0.611631815,-2.759444471,-2.561255464,-0.286869646,1
YAN,37,5180.64,Freshwater,YAN GZ 0,Non Guano,-1.891479105,1.461344692,-5.426207879,-5.305255269,-3.753124702,-2.208711795,1.637429147,4.296068912,4.417021523,5.96915209,-7.056443331,0.686265639,-3.090648398,-2.69871876,-0.370757485,1
YAN,39,5335.52,Freshwater,YAN GZ 0,Non Guano,-1.884592868,1.481998985,-5.483743552,-5.331727344,-3.777639527,-2.201825557,1.65808344,4.23853324,4.390549447,5.944637264,-6.7136472,0.752628664,-3.074658515,-2.702925822,-0.296784207,1
YAN,41,5412.96,Freshwater,YAN GZ 0,Non Guano,-1.906113039,1.534897425,-5.506581536,-5.324259979,-3.75404278,-2.223345729,1.71098188,4.215695255,4.398016812,5.968234011,-6.265876084,0.670328668,-2.662998416,-1.934574354,0.586744875,1
YAN,43,5412.96,Freshwater,YAN GZ 0,Non Guano,-1.889685006,1.512883177,-5.510944273,-5.328622716,-3.763753123,-2.206917696,1.688967632,4.211332519,4.393654075,5.958523668,-6.554298292,0.673850233,-2.635357124,-1.918286327,0.586992634,1
YAN,45,5412.96,Freshwater,YAN GZ 0,Non Guano,-1.888440451,1.525027023,-5.525203904,-5.366598874,-3.762508568,-2.205673141,1.701111478,4.197072887,4.355677917,5.959768224,-6.206836804,0.682508877,-2.640457375,-1.899121782,0.586800773,1
YAN,47,5412.96,Freshwater,YAN GZ 0,Non Guano,-1.871495663,1.513637116,-5.422867577,-5.355728274,-3.775277898,-2.188728353,1.689721571,4.299409215,4.366548518,5.946998893,-6.230383018,0.709736591,-2.608545215,-1.88901563,0.631079601,1
YAN,49,5412.96,Freshwater,YAN GZ 0,Non Guano,-1.881064361,1.498393034,-5.492385581,-5.340369374,-3.780876138,-2.198297051,1.674477489,4.229891211,4.381907418,5.941400654,-6.625825859,0.738861205,-2.58412503,-1.87455932,0.670998016,1
YAN,51,5412.96,Freshwater,YAN GZ 0,Non Guano,-1.885104771,1.495642001,-5.492385581,-5.254426944,-3.780876138,-2.20233746,1.671726456,4.229891211,4.467849848,5.941400654,-6.352629396,0.749551504,-2.600638077,-1.877617778,0.652742624,1
YAN,53,5412.96,Freshwater,YAN GZ 0,Non Guano,-1.868425351,1.499007851,-5.522076113,-5.314436748,-3.782960377,-2.185658041,1.675092306,4.200200678,4.407840043,5.939316414,-6.410123078,0.774028386,-2.612247991,-1.867582475,0.668968443,1
YAN,55,5412.96,Freshwater,YAN GZ 0,Non Guano,-1.861452008,1.478874658,-5.481863663,-5.319344734,-3.826440638,-2.178684698,1.654959113,4.240413128,4.402932058,5.895836154,-6.819161051,0.795151096,-2.636467319,-1.874854366,0.680402248,1
YAN,59,5412.96,Freshwater,YAN GZ 0,Non Guano,-1.869619791,1.543650172,-5.538458494,-5.299566586,-3.762699366,-2.186852481,1.719734627,4.183818297,4.422710206,5.959577425,-6.87046128,0.772953174,-2.646412082,-1.877440533,0.572819204,1
YAN,61,5412.96,Freshwater,YAN GZ 0,Non Guano,-1.853229562,1.505237688,-5.507423458,-5.315051566,-3.794444867,-2.170462252,1.681322143,4.214853333,4.407225226,5.927831925,-7.253656606,0.780946002,-2.689673978,-1.868920143,0.576803876,1
YAN,63,5412.96,Freshwater,YAN GZ 0,Non Guano,-1.860040977,1.546475566,-5.540952261,-5.314639135,-3.778725139,-2.177273666,1.722560022,4.18132453,4.407637656,5.943551652,-6.962452514,0.765425807,-2.710993209,-1.89895373,0.551731324,1
YAN,65,5412.96,Freshwater,YAN GZ 0,Non Guano,-1.864330162,1.564702019,-5.490689259,-5.310896149,-3.772261063,-2.181562852,1.740786474,4.231587532,4.411380643,5.950015728,-6.970388577,0.752352176,-2.681888001,-1.897327382,0.534996538,1
YAN,67,5412.96,Freshwater,YAN GZ 0,Non Guano,-1.800239229,1.417175675,-5.385219088,-5.273301172,-3.913834053,-2.117471919,1.59326013,4.337057703,4.448975619,5.808442738,-6.732411427,0.758887611,-2.665816777,-1.88872177,0.560355595,1
YAN,69,5412.96,Freshwater,YAN GZ 0,Non Guano,-1.847079039,1.576356015,-5.444986715,-5.322384393,-3.781939352,-2.164311728,1.75244047,4.277290077,4.399892399,5.94033744,-6.692237219,0.768466605,-2.66412792,-1.895424788,0.587771034,1
YAN,71,5412.96,Freshwater,YAN GZ 0,Non Guano,-1.846453061,1.582143295,-5.488812499,-5.334661819,-3.789589283,-2.16368575,1.75822775,4.233464292,4.387614972,5.932687509,-6.291750423,0.76335122,-2.600775265,-1.907540858,0.595095462,1
YAN,73,5412.96,Freshwater,YAN GZ 0,Non Guano,-1.837120168,1.570591895,-5.522085723,-5.311520954,-3.792090848,-2.154352857,1.74667635,4.200191069,4.410755838,5.930185944,-6.325351224,0.749885829,-2.616704409,-1.907377769,0.58063991,1
YAN,75,5412.96,Freshwater,YAN GZ 0,Non Guano,-1.849399249,1.582003975,-5.49905799,-5.316736433,-3.779042425,-2.166631938,1.75808843,4.223218802,4.405540359,5.943234366,-6.034987652,0.699119458,-2.664413131,-1.930203941,0.533179429,1
YAN,77,5412.96,Freshwater,YAN GZ 0,Non Guano,-1.874670705,1.594689328,-5.472397989,-5.331319391,-3.748549726,-2.191903394,1.770773783,4.249878802,4.3909574,5.973727066,-6.06479036,0.706618758,-2.694702532,-1.950025096,0.505054892,1
YAN,79,5412.96,Freshwater,YAN GZ 0,Non Guano,-1.875307039,1.592760169,-5.488301796,-5.318883644,-3.743795212,-2.192539729,1.768844624,4.233974995,4.403393147,5.97848158,-6.042337483,0.701906323,-2.697853463,-1.948443473,0.509020806,1
YAN,81,5412.96,Freshwater,YAN GZ 0,Non Guano,-1.866493812,1.561336303,-5.458959536,-5.321758415,-3.781313374,-2.183726501,1.737420758,4.263317255,4.400518377,5.940963418,-6.206935427,0.715344431,-2.719151386,-1.940316069,0.517302677,1
YAN,83,5412.96,Freshwater,YAN GZ 0,Non Guano,-1.820999499,1.493186505,-5.422867577,-5.305084541,-3.861803248,-2.138232189,1.66927096,4.299409215,4.417192251,5.860473543,-6.220296586,0.755418368,-2.708450682,-1.922235332,0.569725153,1
YAN,85,5412.96,Freshwater,YAN GZ 0,Non Guano,-1.829077232,1.476429669,-5.427150238,-5.29709711,-3.848744435,-2.146309922,1.652514124,4.295126553,4.425179681,5.873532356,-6.668308497,0.775385983,-2.652020312,-1.916807601,0.591200162,1
YAN,87,5412.96,Freshwater,YAN GZ 0,Non Guano,-1.839071983,1.55694404,-5.504961918,-5.312590026,-3.839544738,-2.156304672,1.733028495,4.217314873,4.409686766,5.882732053,-6.501821879,0.747070065,-2.63631889,-1.911857629,0.603427153,1
YAN,89,5412.96,Freshwater,YAN GZ 0,Non Guano,-1.858794871,1.591827394,-5.508453612,-5.313393029,-3.788438047,-2.17602756,1.76791185,4.21382318,4.408883762,5.933838744,-6.472180681,0.727137523,-2.530425518,-1.862911764,0.609497892,1
YAN,91,5412.96,Freshwater,YAN GZ 0,Non Guano,-1.868949108,1.641305651,-5.521460918,-5.320790222,-3.759233796,-2.186181797,1.817390106,4.200815874,4.401486569,5.963042995,-6.782877692,0.683568785,-2.418914457,-1.826702929,0.593869903,1
YAN,93,5412.96,Freshwater,YAN GZ 0,Non Guano,-1.850321998,1.476867177,-5.439303299,-5.271166377,-3.867172439,-2.167554688,1.652951632,4.282973492,4.451110414,5.855104352,-6.892738987,0.643186499,-2.33139187,-1.776633594,0.574115312,1
YAN,95,5412.96,Freshwater,YAN GZ 0,Non Guano,-1.838893547,1.472128454,-5.367573361,-5.291587454,-3.857665044,-2.156126236,1.64821291,4.35470343,4.430689337,5.864611747,-6.601200899,0.663175559,-2.220115567,-1.71473999,0.623536844,1
YAN,97,5412.96,Freshwater,YAN GZ 0,Non Guano,-1.849534977,1.479864483,-5.389318522,-5.286664367,-3.838311693,-2.166767666,1.655948938,4.33295827,4.435612424,5.883965099,-7.26486138,0.67036816,-2.159673769,-1.664589282,0.64802697,1
YAN,99,5412.96,Freshwater,YAN GZ 0,Non Guano,-1.849399249,1.510976138,-5.382985818,-5.219097963,-3.815512105,-2.166631938,1.687060594,4.339290973,4.503178828,5.906764686,-5.778798324,0.636541074,-2.565866053,-2.021049463,0.579493165,1
YAN,101,5412.96,Freshwater,YAN GZ 0,Non Guano,-1.847750385,1.504860064,-5.392987136,-5.261217859,-3.815025356,-2.164983074,1.680944519,4.329289655,4.461058933,5.907251435,,0.697762396,-2.41468867,-1.926894685,0.602164388,1
YAN,103,5412.96,Freshwater,YAN GZ 0,Non Guano,-1.857072484,1.527457845,-5.400100061,-5.304789881,-3.805050886,-2.174305173,1.703542301,4.322176731,4.41748691,5.917225906,,0.643924995,-2.852401095,-1.933319849,0.530736651,1
YAN,105,5412.96,Freshwater,YAN GZ 0,Non Guano,-1.861940478,1.554233358,-5.380920895,-5.288139162,-3.79965386,-2.179173167,1.730317813,4.341355896,4.43413763,5.922622932,-6.532334292,0.621740053,-2.7657818,-2.018099255,0.528010008,1
YAN,107,5412.96,Freshwater,YAN GZ 0,Non Guano,-1.864144194,1.560199217,-5.436159308,-5.273640379,-3.79488079,-2.181376884,1.736283672,4.286117483,4.448636413,5.927396001,,0.652811013,-2.523935994,-1.871144498,0.614474148,1
YAN,109,5412.96,Freshwater,YAN GZ 0,Non Guano,-1.875640953,1.57566847,-5.4844777,-5.328131629,-3.781129188,-2.192873643,1.751752925,4.237799092,4.394145162,5.941147604,-6.714777142,0.719243945,-2.5266387,-1.83121793,0.593832633,1
YAN,111,5412.96,Freshwater,YAN GZ 0,Non Guano,-1.870836149,1.62858336,-5.506750067,-5.306079372,-3.758240582,-2.188068838,1.804667815,4.215526724,4.41619742,5.96403621,-7.202537089,0.788942422,-2.686198116,-1.771000878,0.655072639,1
YAN,113,5412.96,Freshwater,YAN GZ 0,Non Guano,-1.880241046,1.64935452,-5.519523559,-5.32916983,-3.741296096,-2.197473735,1.825438975,4.202753233,4.393106961,5.980980696,-7.190374557,0.810176125,-2.559536624,-1.807716042,0.83664495,1
YAN,115,5412.96,Freshwater,YAN GZ 0,Non Guano,-1.875396365,1.672017569,-5.494432245,-5.306833632,-3.734933638,-2.192629054,1.848102024,4.227844546,4.41544316,5.987343153,,0.804390479,-2.539108126,-1.867448665,0.737394635,1
YAN,117,5412.96,Freshwater,YAN GZ 0,Non Guano,-1.874406345,1.668761298,-5.497688517,-5.297017821,-3.735461395,-2.191639035,1.844845753,4.224588275,4.42525897,5.986815396,-6.044880587,0.775135778,-2.540430172,-1.837834102,0.590305907,1
YAN,119,5412.96,Freshwater,YAN GZ 0,Non Guano,-1.867573841,1.687171266,-5.51108469,-5.334153982,-3.732857227,-2.18480653,1.863255721,4.211192102,4.38812281,5.989419565,,0.797822619,-2.794932371,-1.863950923,0.685103546,1
YAN,121,5412.96,Freshwater,YAN GZ 0,Non Guano,-1.864725917,1.655488307,-5.473562664,-5.291241107,-3.742588085,-2.181958607,1.831572762,4.248714128,4.431035685,5.979688706,,0.896004381,-2.673188557,-1.973568862,0.68523946,1
YAN,123,5412.96,Freshwater,YAN GZ 0,Non Guano,-1.880601321,1.641997444,-5.548427366,-5.325283815,-3.75389397,-2.197834011,1.818081899,4.173849425,4.396992977,5.968382821,,0.776954331,-2.387834355,-1.89145314,0.541325748,1
YAN,125,5412.96,Freshwater,YAN GZ 0,Non Guano,-1.868255502,1.643726986,-5.488421064,-5.29059532,-3.763981759,-2.185488192,1.819811441,4.233855728,4.431681471,5.958295033,-6.092618861,0.677687588,-2.700232109,-1.961248976,0.402885179,1
YAN,127,5412.96,Freshwater,YAN GZ 0,Non Guano,-1.877048091,1.654827615,-5.491819573,-5.330889206,-3.726871361,-2.19428078,1.83091207,4.230457219,4.391387586,5.995405431,,0.747276752,-2.669244217,-1.877683673,0.525479021,1
YAN,129,5412.96,Freshwater,YAN GZ 0,Non Guano,-1.896899696,1.685149734,-5.530090245,-5.320369714,-3.713638163,-2.214132386,1.861234189,4.192186547,4.401907078,6.008638629,-6.593592329,0.720560956,-2.687587396,-2.016821618,0.632616681,1
YAN,131,5412.96,Freshwater,YAN GZ 0,Non Guano,-1.889602815,1.721434153,-5.522793363,-5.326678484,-3.709054987,-2.206835504,1.897518608,4.199483428,4.395598307,6.013221804,-6.760800866,0.792602263,-2.581298495,-1.811253264,0.608799855,1
YAN,133,5412.96,Freshwater,YAN GZ 0,Non Guano,-1.878055283,1.696121152,-5.488544103,-5.314190716,-3.707423032,-2.195287972,1.872205607,4.233732689,4.408086076,6.01485376,,0.799174949,-2.451490653,-1.838973207,0.668506818,1
YAN,135,5412.96,Freshwater,YAN GZ 0,Non Guano,-1.882731247,1.68917653,-5.516860187,-5.297000711,-3.722372203,-2.199963937,1.865260985,4.205416605,4.425276081,5.999904589,-7.163430555,0.750395219,-2.517438375,-1.889576661,0.589334254,1
YAN,137,5412.96,Freshwater,YAN GZ 0,Non Guano,-1.883874758,1.726331664,-5.504931616,-5.311740387,-3.686216337,-2.201107448,1.902416119,4.217345176,4.410536405,6.036060455,-5.130818739,0.731549013,-2.439199079,-1.949068046,0.58511187,1
YAN,139,5412.96,Freshwater,YAN GZ 0,Non Guano,-1.876121838,1.728104731,-5.510250777,-5.303636528,-3.718491308,-2.193354528,1.904189186,4.212026014,4.418640263,6.003785483,,0.686367494,-2.795723298,-1.893143149,0.520086147,1
YAN,141,5412.96,Freshwater,YAN GZ 0,Non Guano,-1.879498384,1.703535236,-5.538268036,-5.311740387,-3.702302474,-2.196731073,1.879619691,4.184008755,4.410536405,6.019974317,-5.394559513,0.513453746,-3.00603199,-1.97557259,0.365393233,1
YAN,143,5412.96,Freshwater,YAN GZ 0,Non Guano,-1.867849603,1.712816267,-5.451368541,-5.308267697,-3.728601943,-2.185082292,1.888900722,4.27090825,4.414009094,5.993674848,-5.752308054,0.866375299,-2.565611127,-1.888075712,0.545491636,1
YAN,145,5412.96,Freshwater,YAN GZ 0,Non Guano,-1.881533035,1.63932885,-5.504815207,-5.33046182,-3.74805258,-2.198765725,1.815413305,4.217461584,4.391814972,5.974224212,-6.400257445,0.680750615,-2.577065654,-1.946879611,0.515548672,1
YAN,147,5412.96,Freshwater,YAN GZ 0,Non Guano,-1.877652047,1.633134186,-5.533195081,-5.274621093,-3.741435612,-2.194884737,1.809218641,4.18908171,4.447655699,5.980841179,-6.223072177,0.751289796,-2.722783893,-1.938623917,0.570253811,1
YAN,149,5412.96,Freshwater,YAN GZ 0,Non Guano,-1.880964545,1.640860825,-5.511736368,-5.308137413,-3.73623742,-2.198197234,1.81694528,4.210540423,4.414139379,5.986039372,,0.905291347,-2.69749137,-1.893636943,0.729127753,1
YAN,151,5412.96,Freshwater,YAN GZ 0,Non Guano,-1.880964545,1.678039828,-5.595819485,-5.321382639,-3.719976899,-2.198197234,1.854124283,4.126457306,4.400894152,6.002299893,,0.621579876,-2.505167835,-1.880856897,0.452571042,1
YAN,153,5412.96,Freshwater,YAN GZ 0,Non Guano,-1.882731247,1.698861836,-5.533389489,-5.271025224,-3.708840197,-2.199963937,1.874946291,4.188887303,4.451251567,6.013436595,-5.701159991,0.643034227,-2.533577461,-1.932512593,0.456499755,1
YAN,155,5412.96,Freshwater,YAN GZ 0,Non Guano,-1.844351919,1.584460629,-5.557524066,-5.298950078,-3.801929873,-2.161584609,1.760545084,4.164752725,4.423326714,5.920346918,-5.53972784,0.637765153,-2.2184524,-1.621636328,0.73429699,1
YAN,157,5412.96,Freshwater,YAN GZ 0,Non Guano,-1.836495363,1.5712167,-5.537209275,-5.310896149,-3.813875944,-2.153728053,1.747301155,4.185067517,4.411380643,5.908400847,,0.602943043,-2.035305028,-1.675802828,0.612931849,1
YAN,159,5412.96,Freshwater,YAN GZ 0,Non Guano,-1.805604876,1.569917154,-5.537209275,-5.285894847,-3.833905226,-2.122837566,1.746001609,4.185067517,4.436381945,5.888371565,,0.673379631,-2.284095653,-1.688533966,0.61215107,1
YAN,161,5412.96,Freshwater,YAN GZ 0,Non Guano,-1.801809805,1.573810735,-5.553209616,-5.298317367,-3.808226212,-2.119042495,1.74989519,4.169067175,4.423959425,5.91405058,-5.613128106,0.752723593,-2.202640678,-1.68917653,0.683907546,1
YAN,163,5412.96,Freshwater,YAN GZ 0,Non Guano,-1.798679912,1.571745811,-5.518331025,-5.270494861,-3.833669691,-2.115912602,1.747830266,4.203945767,4.451781931,5.8886071,,0.705949853,-2.245182279,-1.627513559,0.776978091,1
YAN,165,5412.96,Freshwater,YAN GZ 0,Non Guano,-1.813157391,1.576523549,-5.573213123,-5.302060353,-3.814790074,-2.13039008,1.752608004,4.149063668,4.420216439,5.907486717,,0.801255584,-1.983525588,-1.626850644,0.815949974,1
YAN,167,5412.96,Freshwater,YAN GZ 0,Non Guano,-1.818632487,1.605642841,-5.527158939,-5.326488244,-3.786971277,-2.135865177,1.781727297,4.195117852,4.395788548,5.935305515,,,,,,1
YAN,169,5412.96,Freshwater,YAN GZ 0,Non Guano,-1.822370782,1.642868966,-5.629033271,-5.323651622,-3.749023114,-2.139603471,1.818953422,4.09324352,4.39862517,5.973253677,,,,,,1
YAN,171,5412.96,Freshwater,YAN GZ 0,Non Guano,-1.828849813,1.694171013,-5.615471552,-5.32333513,-3.732740305,-2.146082503,1.870255469,4.106805239,4.398941662,5.989536487,-6.442540166,0.659135805,-2.138475073,-1.594423802,0.789687061,1
YAN,173,5412.96,Freshwater,YAN GZ 0,Non Guano,-1.82834486,1.707061192,-5.575818478,-5.332196395,-3.717367634,-2.145577549,1.883145647,4.146458313,4.390080396,6.004909157,-6.204423073,0.822832285,-2.391852147,-1.663969202,0.628536818,1
YAN,174,5412.96,Freshwater,YAN GZ 0,Non Guano,-1.841010569,1.719658226,-5.550855152,-5.351726477,-3.698803452,-2.158243259,1.895742681,4.17142164,4.370550315,6.023473339,-5.716244187,0.774840581,-2.27004309,-1.59450065,0.800864221,1
YAN,175,5412.96,Freshwater,YAN GZ 0,Non Guano,-1.822326633,1.71492931,-5.591248795,-5.357633944,-3.704710919,-2.139559323,1.891013765,4.131027997,4.364642848,6.017565872,,0.715089786,-2.306648682,-1.732932601,0.495222658,1
YAN,176,5412.96,Freshwater,YAN GZ 0,Non Guano,-1.830644104,1.679937943,-5.519523559,-5.34259285,-3.727764089,-2.147876794,1.856022398,4.202753233,4.379683941,5.994512702,,0.719049022,-2.255412549,-1.661693605,0.595804911,1
YAN,177,5412.96,Freshwater,YAN GZ 0,Non Guano,-1.835854789,1.726494468,-5.59255684,-5.345148666,-3.700713912,-2.153087479,1.902578923,4.129719952,4.377128125,6.02156288,-5.567027501,0.797723256,-2.360643164,-1.69870419,0.604385099,1
YAN,178,5412.96,Freshwater,YAN GZ 0,Non Guano,-1.825838783,1.676711093,-5.555540232,-5.255435639,-3.728306374,-2.143071472,1.852795548,4.16673656,4.466841152,5.993970417,-5.880688157,0.734930699,-2.269770245,-1.574373345,0.760639055,1
YAN,179,5412.96,Freshwater,YAN GZ 0,Non Guano,-1.814824742,1.698510139,-5.561333309,-5.348411312,-3.714614956,-2.132057432,1.874594595,4.160943482,4.37386548,6.007661836,-4.87784221,0.809478988,-2.14427014,-1.585791793,0.745290797,1
YAN,180,5412.96,Freshwater,YAN GZ 0,Non Guano,-1.835678703,1.702615137,-5.512387622,-5.245072852,-3.704627811,-2.152911393,1.878699592,4.20988917,4.477203939,6.01764898,,0.823052096,-2.265156049,-1.71717142,0.616180968,1
YAN,181,5412.96,Freshwater,YAN GZ 0,Non Guano,-1.804646246,1.664246149,-5.545433559,-5.299598597,-3.732051626,-2.121878935,1.840330604,4.176843232,4.422678195,5.990225165,-5.289528861,0.840670532,-2.204819551,-1.600649406,0.720852846,1
YAN,182,5412.96,Freshwater,YAN GZ 0,Non Guano,-1.822611933,1.685943967,-5.552313381,-5.34259285,-3.709121738,-2.139844622,1.862028422,4.16996341,4.379683941,6.013155053,-5.35048125,0.814394305,-2.185959425,-1.761600368,0.798538314,1
YAN,183,5412.96,Freshwater,YAN GZ 0,Non Guano,-1.803410086,1.673010716,-5.54029876,-5.320439284,-3.724246598,-2.120642776,1.849095172,4.181978032,4.401837508,5.998030194,-5.73027065,0.896098485,-2.217939974,-1.542212078,0.928685831,1
YAN,184,5412.96,Freshwater,YAN GZ 0,Non Guano,-1.865629318,1.612529105,-5.646624061,-5.178815822,-3.770781474,-2.182862007,1.78861356,4.075652731,4.543460969,5.951495317,-5.813030162,0.792125309,-2.036043441,-1.620190704,0.837316971,1
YAN,186,5412.96,Freshwater,YAN GZ 0,Non Guano,-1.879101479,1.597242639,-5.477009155,-4.81327586,-3.78953724,-2.196334169,1.773327094,4.245267636,4.909000932,5.932739551,-6.950335727,0.88128155,-2.570394598,-1.721011231,0.844281474,1
YAN,188,5412.96,Freshwater,YAN GZ 0,Non Guano,-1.852147824,1.634944738,-5.577841251,-4.451829988,-3.761389169,-2.169380514,1.811029194,4.14443554,5.270446803,5.960887622,-7.092850763,0.900262689,-2.230457712,-1.572056734,0.715946237,1
YAN,190,5446.9,Freshwater,YAN GZ 0,Non Guano,-1.822623793,1.456768714,-5.009894279,-4.809223583,-3.669062292,-2.139856483,1.632853169,4.712382513,4.913053208,6.0532145,-5.178248066,0.083232411,-1.04115516,-2.193602666,0.137531333,1
YAN,192,5514.79,Freshwater,YAN GZ 0,Non Guano,-1.751880103,0.856736201,-4.098636414,-4.785352705,-3.510849749,-2.069112793,1.032820656,5.623640377,4.936924087,6.211427042,-5.208001999,0.004821154,-1.337845374,-2.244624709,0.094450855,1
YAN,194,5582.68,Freshwater,YAN GZ 0,Non Guano,-1.812378756,0.928461267,-4.299788536,-4.846332243,-3.513383862,-2.129611446,1.104545723,5.422488255,4.875944549,6.208892929,-5.413865444,0.104808183,-1.539070668,-2.252755428,0.140236631,1
YAN,196,5630.5,Freshwater,YAN GZ 0,Non Guano,-1.728004954,0.850427753,-4.182781863,-4.809679658,-3.524481414,-2.045237644,1.026512208,5.539494929,4.912597134,6.197795378,-5.136314803,0.02597328,-0.960165484,-2.280685994,0.08043532,1
YAN,198,5678.32,Freshwater,YAN GZ 0,Non Guano,-1.629800607,0.796265543,-3.9323857,-4.715145039,-3.52882717,-1.947033296,0.972349998,5.789891092,5.007131752,6.193449621,-5.264361595,-0.139524482,-1.6898512,-2.106692322,0.008229344,1
YAN,200,5726.8,Freshwater,YAN GZ 0,Non Guano,-1.717928659,1.037623876,-4.210431656,-4.871421725,-3.56754631,-2.035161348,1.213708331,5.511845136,4.850855067,6.154730482,-5.081083488,0.164101138,-1.008883136,-2.633003725,-0.090791463,1
YAN,202,5775.94,Freshwater,YAN GZ 0,Non Guano,-1.777846201,1.10269036,-4.778773292,-4.854485113,-3.541003108,-2.095078891,1.278774815,4.9435035,4.867791678,6.181273684,-6.140047595,0.041976142,-2.096880913,-2.344854132,-0.226037961,1
YAN,204,5825.08,Freshwater,YAN GZ 0,Non Guano,-1.737863701,1.303125164,-4.975431659,-5.208053954,-3.830728263,-2.055096391,1.479209619,4.746845133,4.514222837,5.891548528,-5.819984609,-0.126130779,-1.665346215,-2.101429387,0.00334641,1
YAN,206,5871.97,Freshwater,YAN GZ 0,Non Guano,-1.738015193,0.744951592,-4.451896315,-4.745443507,-3.480984498,-2.055247883,0.921036047,5.270380477,4.976833285,6.241292293,-5.408107617,-0.244779534,-1.51207999,-2.09804599,0.013729656,1
YAN,208,5918.87,Freshwater,YAN GZ 0,Non Guano,-1.681513746,0.677352183,-4.268278281,-4.788471655,-3.632700952,-1.998746436,0.853436638,5.453998511,4.933805137,6.089575839,-5.625104761,-0.036269347,-1.428925893,-2.072121398,-0.02961054,1
YAN,210,5966.34,Freshwater,YAN GZ 0,Non Guano,-1.376294278,1.486617083,-4.099382356,-4.328223929,-3.101651292,-1.693526967,1.662701538,5.622894435,5.394052863,6.620625499,-6.041904462,0.915152934,-1.559441476,-1.511414503,0.54711878,1
YAN,214,6062.44,Freshwater,YAN GZ 0,Non Guano,-1.494442865,2.080295391,-4.407402852,-4.685782532,-3.191353728,-1.811675554,2.256379846,5.314873939,5.036494259,6.530923063,-6.670722235,1.373599915,-1.956892633,-1.997568383,0.474864716,1
YAN,216,6110.1,Freshwater,YAN GZ 0,Non Guano,-1.491527318,2.135531008,-4.427836171,-4.702779217,-3.161430426,-1.808760007,2.311615463,5.294440621,5.019497574,6.560846366,-6.474498443,1.413699651,-1.942876945,-1.94393752,0.621689731,1
YAN,218,6157.76,Freshwater,YAN GZ 0,Non Guano,-1.528342019,2.088249668,-4.462830667,-4.695924549,-3.156372764,-1.845574708,2.264334123,5.259446124,5.026352242,6.565904027,,,,,,1
YAN,220,6204.78,Freshwater,YAN GZ 0,Non Guano,-1.490378552,2.027845721,-4.465908119,-4.664359057,-3.136184109,-1.807611242,2.203930176,5.256368673,5.057917734,6.586092682,-6.78380779,1.225348236,-1.912246151,-2.067947056,0.364002962,1
YAN,222,6251.17,Freshwater,YAN GZ 0,Non Guano,-1.501253334,1.984272755,-4.471921639,-4.554442662,-3.178959217,-1.818486023,2.16035721,5.250355153,5.167834129,6.543317574,-6.006248095,1.196832955,-1.640406232,-1.840354689,0.429089268,1
YAN,224,6297.55,Freshwater,YAN GZ 0,Non Guano,-1.487063199,2.102834421,-4.498626938,-4.647472566,-3.136559872,-1.804295889,2.278918876,5.223649853,5.074804226,6.585716919,-6.533004274,1.31195251,-2.165835677,-2.018908646,0.396428021,1
YAN,226,6343.1,Freshwater,YAN GZ 0,Non Guano,-1.493925025,2.012632872,-4.51006617,-4.596140779,-3.155188006,-1.811157715,2.188717327,5.212210621,5.126136012,6.567088786,-6.854415948,1.282891875,-2.043495316,-1.96860297,0.456238042,1
YAN,228,6388.65,Freshwater,YAN GZ 0,Non Guano,-1.563842639,2.018087737,-4.42604352,-4.700480366,-3.057404094,-1.881075329,2.194172192,5.296233271,5.021796426,6.664872697,-6.542878044,0.995749103,-1.897519621,-2.041875945,0.357075065,1
YAN,230,6435.12,Freshwater,YAN GZ 0,Non Guano,-1.506389537,1.906887371,-4.384338774,-4.659750754,-3.097762442,-1.823622226,2.082971826,5.337938017,5.062526037,6.62451435,-6.447334676,0.970649685,-1.959856621,-2.054832796,0.393341483,1
YAN,232,6482.53,Freshwater,YAN GZ 0,Non Guano,-1.534668017,1.94739886,-4.344500913,-4.668550629,-3.114964795,-1.851900707,2.123483315,5.377775879,5.053726162,6.607311997,-6.252191866,0.907196233,-1.705229765,-1.956942334,0.432020297,1
YAN,234,6529.94,Freshwater,YAN GZ 0,Non Guano,-1.5220312,1.821368177,-4.243761505,-4.620711443,-3.086308717,-1.83926389,1.997452632,5.478515286,5.101565348,6.635968075,-6.161893252,0.747385138,-1.460618851,-1.934563563,0.420125163,1
YAN,238,6624.91,Freshwater,YAN GZ 0,Non Guano,-1.545117947,1.792147894,-4.101362135,-4.472221714,-3.119652987,-1.862350636,1.968232349,5.620914657,5.250055078,6.602623804,-5.779407364,0.731362708,-1.39525533,-1.954008963,0.248161685,1
YAN,239,6648.65,Freshwater,YAN GZ 0,Non Guano,-1.435946037,2.347832159,-4.551726353,-4.670785713,-3.868835673,-1.753178727,2.523916614,5.170550438,5.051491078,5.853441119,-6.114009888,0.706306795,-1.491738094,-1.84006646,0.273848768,1
YAN,242,6718.95,Freshwater,YAN GZ 0,Non Guano,-1.476213692,1.659747923,-4.27715764,-4.369816471,-3.226893136,-1.793446382,1.835832378,5.445119151,5.352460321,6.495383656,-4.969077919,0.725419844,-1.354029275,-1.713844103,0.399840634,1
YAN,243,6742.39,Freshwater,YAN GZ 0,Non Guano,-1.497376184,1.535894009,-4.189165864,-3.921851094,-3.234895884,-1.814608873,1.711978464,5.533110927,5.800425697,6.487380907,-5.320311669,0.680626277,-1.410443959,-1.84383339,0.318728298,1
YAN,244,6765.82,Freshwater,YAN GZ 0,Non Guano,-1.542746538,1.468986077,-4.2112659,-4.379730422,-3.324875114,-1.859979227,1.645070532,5.511010891,5.342546369,6.397401677,-5.198266321,0.433484072,-1.472698666,-2.012673134,0.17132246,1
YAN,245,6787.39,Freshwater,YAN GZ 0,Non Guano,-1.599128543,1.198777987,-4.262058309,-4.247459509,-3.451128092,-1.916361232,1.374862443,5.460218483,5.474817282,6.271148699,-5.459784341,0.208887343,-1.550428441,-2.113329383,0.216609327,1
YAN,247,6830.54,Freshwater,YAN GZ 0,Non Guano,,,,,,,,,,,-5.666549249,0.22223813,-2.306798489,-2.395955152,-0.264485748,1
YAN,249,6873.69,Freshwater,YAN GZ 0,Non Guano,-1.83105358,1.222155123,-5.810162878,-5.048022826,-3.994872912,-2.148286269,1.398239578,3.912113913,4.674253965,5.72740388,-6.065947139,0.438488128,-2.922442868,-1.361219369,0.430252266,1
YAN,250,6890.27,Freshwater,YAN GZ 0,Non Guano,-1.856427114,1.21488784,-5.587506923,-5.159313564,-3.944167459,-2.173659804,1.390972296,4.134769869,4.562963228,5.778109333,-6.044124764,0.434604297,-2.877324494,-1.339393705,0.450501831,1
YAN,251,6906.86,Freshwater,YAN GZ 0,Non Guano,-1.787553996,1.234799193,-5.980090584,-4.981561754,-4.017316629,-2.104786685,1.410883648,3.742186207,4.740715037,5.704960162,-5.714808421,0.424598131,-2.613933047,-1.303697981,0.531887992,1
YAN,252,6923.44,Freshwater,YAN GZ 0,Non Guano,-1.78928728,1.308466608,-5.929094216,-5.125946141,-3.953722035,-2.10651997,1.484551063,3.793182575,4.596330651,5.768554757,-5.543328595,0.417197128,-2.434648384,-1.256113234,0.646812059,1
YAN,253,6923.44,Freshwater,YAN GZ 0,Non Guano,-1.790555375,1.266438395,-6.003585908,-5.163281083,-4.023425836,-2.107788065,1.44252285,3.718690884,4.558995709,5.698850956,-5.588373229,0.404849429,-2.271615427,-1.205542197,0.75232664,1
YAN,255,6923.44,Freshwater,YAN GZ 0,Non Guano,-1.815037154,1.384818346,-6.049143659,-3.394142679,-3.938930458,-2.132269844,1.560902801,3.673133133,6.328134113,5.783346333,-5.752608109,0.326506578,-1.999757683,-1.46590562,0.902645286,1
YAN,257,6940.02,Freshwater,YAN GZ 0,Non Guano,-1.791164054,1.320762693,-6.09095259,-4.941047007,-3.998438967,-2.108396743,1.496847148,3.631324201,4.781229784,5.723837824,-5.605006838,0.218470757,-1.617725942,-1.344613547,1.068311631,1
YAN,259,6978.51,Freshwater,YAN GZ 0,Non Guano,-1.777053322,1.240340448,-5.780743516,-4.649341404,-4.002407067,-2.094286011,1.416424904,3.941533276,5.072935387,5.719869725,-5.489485496,0.132135699,-1.302513069,-1.249869336,1.23946689,1
YAN,261,7022.31,Freshwater,YAN GZ 0,Non Guano,-1.682032134,1.049274929,-4.157571034,-4.577120882,-3.172380675,-1.999264824,1.225359384,5.564705757,5.145155909,6.549896116,-5.810899511,0.099656698,-1.245543763,-1.203473806,1.28072183,1
YAN,263,7066.11,Freshwater,YAN GZ 0,Non Guano,-1.645467376,1.190179482,-4.734145762,-4.647134385,-3.101600275,-1.962700066,1.366263937,4.988131029,5.075142406,6.620676517,-5.113719636,0.054725403,-1.196896848,-1.202734906,1.270304776,1
YAN,265,7126.3,Freshwater,YAN GZ 0,Non Guano,-1.627661651,1.08038855,-4.293511498,-4.379771842,-3.211566262,-1.944894341,1.256473005,5.428765293,5.342504949,6.51071053,-4.507397858,0.047868336,-1.118328229,-1.169146974,1.316512908,1
YAN,267,7186.49,Freshwater,YAN GZ 0,Non Guano,-1.702940318,1.02910231,-4.178618162,-4.580153992,-3.286232951,-2.020173008,1.205186765,5.54365863,5.1421228,6.436043841,-4.058062057,0.052199221,-1.150752815,-1.146992823,1.413665148,1
YAN,269,7246.37,Freshwater,YAN GZ 0,Non Guano,-1.682641316,0.999766454,-4.195791179,-4.227539877,-3.340711178,-1.999874006,1.175850909,5.526485613,5.494736915,6.381565614,-3.640677352,0.142335118,-1.049469453,-0.947004522,1.526405142,1
YAN,271,7305.93,Glaciomarine ,YAN GZ 0,Non Guano,-1.672818356,1.010230543,-4.180197861,-4.309409593,-3.382827175,-1.990051045,1.186314998,5.54207893,5.412867198,6.339449616,-3.46157047,0.59522103,-1.005581498,-0.810874314,1.713652871,1
YAN,273,7365.5,Glaciomarine ,YAN GZ 0,Non Guano,-1.668172587,1.060244917,-4.238072449,-3.816607,-3.395393535,-1.985405276,1.236329372,5.484204342,5.905669792,6.326883257,-3.885218593,0.747257977,-1.128338246,-0.938528404,1.454702327,1
YAN,275,7424.94,Glaciomarine ,YAN GZ 0,Non Guano,-1.532183635,1.708443436,-4.350843707,-3.866686331,-2.909098042,-1.849416324,1.884527891,5.371433084,5.855590461,6.81317875,-4.383426215,0.78726466,-1.485303682,-1.098752159,1.11044181,1
YAN,277,7484.38,Glaciomarine ,YAN GZ 0,Non Guano,-1.596450717,1.704946132,-4.490053495,-3.862092295,-2.96992439,-1.913683406,1.881030587,5.232223296,5.860184497,6.752352402,-5.049856007,0.712072704,-1.626795359,-1.231754076,0.856133699,1
YAN,279,7544.41,Glaciomarine ,YAN GZ 0,Non Guano,-1.32508363,2.070542707,-4.575708153,-4.124701025,-3.52857782,-1.64231632,2.246627162,5.146568638,5.597575767,6.193698971,-4.82194349,0.7456493,-1.742473421,-1.280350309,0.82796561,1
YAN,281,7605.01,Glaciomarine ,YAN GZ 0,Non Guano,-1.164286528,2.216089526,-4.347444271,-4.640991462,-3.615582578,-1.481519218,2.392173981,5.374832521,5.081285329,6.106694214,-4.73054721,0.681680383,-1.835472722,-1.355548625,0.679419944,1
YAN,283,7665.62,Glaciomarine ,YAN GZ 0,Non Guano,-1.379483892,2.252370224,-4.352843868,-4.145757753,-3.642152378,-1.696716582,2.428454679,5.369432924,5.576519038,6.080124414,-4.562401016,0.594349316,-1.93982996,-1.368040108,0.649583823,1
YAN,285,7727.12,Glaciomarine ,YAN GZ 0,Non Guano,-1.409667712,2.190971108,-4.451491093,-4.480201199,-3.772595935,-1.726900402,2.367055563,5.270785698,5.242075593,5.949680856,-4.524717341,0.488517745,-1.612366677,-1.354631681,0.607058075,1
YAN,287,7788.62,Glaciomarine ,YAN GZ 0,Non Guano,-1.460225514,2.306027437,-4.291954812,-4.740344964,-3.808388116,-1.777458204,2.482111892,5.43032198,4.981931827,5.913888676,-4.370526942,0.392626904,-1.591342374,-1.33982506,0.52676398,1
YAN,289,7850.23,Glaciomarine ,YAN GZ 0,Non Guano,-1.457924017,2.182783893,-4.289653315,-4.414816457,-3.775471983,-1.775156707,2.358868348,5.432623477,5.307460334,5.946804809,-4.899556152,0.450547783,-1.626907092,-1.400764181,0.273796794,1
YAN,291,7911.95,Glaciomarine ,YAN GZ 0,Non Guano,-1.229595909,2.254575874,-4.313033763,-4.210176378,-3.70689796,-1.546828599,2.430660329,5.409243028,5.512100414,6.015378832,-5.105514102,0.69003124,-1.765050586,-1.385931088,0.186962269,1
YAN,293,7973.67,Glaciomarine ,YAN GZ 0,Non Guano,-1.464635665,1.804870251,-4.256187588,-4.634984449,-3.961771483,-1.781868354,1.980954706,5.466089204,5.087292343,5.760505308,-5.505500118,0.619707493,-1.882081269,-1.417396186,0.075533093,1
YAN,295,8033.68,Glaciomarine ,YAN GZ 0,Non Guano,-1.42809149,2.29554281,-4.126432877,-4.51039178,-3.906192085,-1.745324179,2.471627265,5.595843915,5.211885012,5.816084706,-5.423089517,0.607088474,-2.105763071,-1.426477194,0.080662782,1
YAN,297,8093.68,Glaciomarine ,YAN GZ 0,Non Guano,-1.339774345,1.900515574,-4.240590063,-4.375246948,-3.954878434,-1.657007035,2.076600029,5.481686729,5.347029844,5.767398357,-5.189994835,0.619701959,-2.182461959,-1.399854985,0.094267385,1
YAN,299,8160.98,Glaciomarine ,YAN GZ 0,Non Guano,-1.418919588,2.487988316,-4.49980967,-4.384498824,-3.795612654,-1.736152278,2.664072771,5.222467121,5.337777968,5.926664138,-5.234912748,0.555292042,-2.366600708,-1.413491026,0.097893877,1
YAN,301,8235.56,Glaciomarine ,YAN GZ 0,Non Guano,-1.458948783,2.011560399,-4.228670804,-4.593008621,-4.099921822,-1.776181472,2.187644854,5.493605987,5.129268171,5.62235497,-4.988289873,0.295672617,-2.430072928,-1.439281401,0.121217644,1
YAN,303,8310.14,Glaciomarine ,YAN GZ 0,Non Guano,-1.40246722,2.056452023,-4.283319218,-4.761104988,-4.145919349,-1.71969991,2.232536479,5.438957574,4.961171804,5.576357443,-4.710040015,0.279934062,-2.438942808,-1.425952042,0.165177883,1
YAN,305,8405.64,Glaciomarine ,YAN GZ 0,Non Guano,-1.249486068,2.287149285,-4.070559657,-4.763706838,-3.949931669,-1.566718757,2.46323374,5.651717134,4.958569954,5.772345122,-4.866514201,0.234177781,-2.232616309,-1.509105104,0.090833801,1
YAN,307,8501.15,Glaciomarine ,YAN GZ 0,Non Guano,-1.362913912,1.998278135,-4.341979134,-4.626910173,-4.050173344,-1.680146602,2.17436259,5.380297658,5.095366619,5.672103448,-4.649990018,0.257948597,-2.1039341,-1.513967009,0.199184896,1
YAN,309,8596.24,Glaciomarine ,YAN GZ 0,Non Guano,-1.319849262,2.185891976,-4.528572715,-4.681041309,-3.95320857,-1.637081951,2.361976431,5.193704076,5.041235483,5.769068221,-4.379313731,0.265881566,-2.003111282,-1.478387472,0.286652736,1
YAN,311,8690.93,Glaciomarine ,YAN GZ 0,Non Guano,-1.409772242,2.03999981,-4.27423813,-4.556643145,-3.992526224,-1.727004932,2.216084265,5.448038662,5.165633646,5.729750567,-4.499236512,0.243665873,-1.924333408,-1.49302126,0.279265015,1
YAN,313,8785.62,Glaciomarine ,YAN GZ 0,Non Guano,-1.127633478,2.307151311,-4.450692655,-4.60975735,-3.882708618,-1.444866168,2.483235766,5.271584136,5.112519441,5.839568174,-4.681818818,0.26997841,-1.9654499,-1.533106946,0.273583918,1
YAN,315,8879.38,Glaciomarine ,YAN GZ 0,Non Guano,-1.294838532,2.194498767,-4.290570806,-4.660103905,-3.920971611,-1.612071222,2.370583222,5.431705986,5.062172887,5.80130518,-4.454547757,0.383323608,-2.143806362,-1.451407645,0.391097673,1
YAN,319,9066.52,Glaciomarine ,YAN GZ 0,Non Guano,-1.225510414,2.159567586,-4.4480831,-4.457385493,-3.931717296,-1.542743103,2.335652041,5.274193691,5.264891298,5.790559495,-4.586959394,0.337942702,-2.464216177,-1.419207489,0.326185567,1
YAN,321,9159.51,Glaciomarine ,YAN GZ 0,Non Guano,-1.414333581,2.299122885,-4.405337714,-4.738043467,-3.915485213,-1.731566271,2.47520734,5.316939078,4.984233324,5.806791578,-4.756050217,0.427085769,-2.639153687,-1.284379579,0.342688295,1
YAN,323,9252.51,Glaciomarine ,YAN GZ 0,Non Guano,-1.184675169,2.324268958,-4.197619571,-4.748592263,-3.930990908,-1.501907858,2.500353413,5.52465722,4.973684528,5.791285883,-4.78773326,0.504391057,-2.728790239,-1.197153958,0.329704988,1
YAN,325,9344.05,Glaciomarine ,YAN GZ 0,Non Guano,-1.580123525,2.30601171,-4.450692655,-4.60975735,-3.866179316,-1.897356214,2.482096165,5.271584136,5.112519441,5.856097476,-4.411141542,0.624960533,-2.707009276,-1.105901652,0.421263139,1
YAN,327,9435.6,Glaciomarine ,YAN GZ 0,Non Guano,-1.298916348,2.091470118,-4.414449821,-4.672278931,-3.996936375,-1.616149038,2.267554573,5.30782697,5.049997861,5.725340417,-4.209423162,0.669510722,-2.617189975,-1.011925619,0.547635018,1
YAN,329,9527.78,Glaciomarine ,YAN GZ 0,Non Guano,-1.304756826,2.067082991,-4.311874422,-4.281796967,-3.96671592,-1.621989516,2.243167446,5.41040237,5.440479825,5.755560871,-3.728177156,0.749826696,-2.618945298,-0.91783163,0.708005664,1
YAN,331,9620.6,Glaciomarine ,YAN GZ 0,Non Guano,-1.354679505,2.263278723,-4.38847134,-4.229406645,-3.884566159,-1.671912194,2.439363178,5.333805451,5.492870146,5.837710632,-3.322178025,0.798778961,-2.592515632,-0.948772531,0.882539264,1
YAN,333,9713.43,Glaciomarine ,YAN GZ 0,Non Guano,-1.30683019,2.230210724,-4.429314169,-4.513871557,-3.979789071,-1.624062879,2.406295179,5.292962622,5.208405234,5.74248772,-3.044080058,1.075988577,-1.801094945,-0.934336055,1.232951492,1
YAN,335,9806.56,Glaciomarine ,YAN GZ 0,Non Guano,-1.116961427,2.330012973,-4.518158809,-4.632272116,-3.906689659,-1.434194117,2.506097428,5.204117982,5.090004676,5.815587132,-2.820782509,1.125727768,-1.476556206,-0.801044668,1.608918197,1
YAN,337,9899.69,Glaciomarine ,YAN GZ 0,Non Guano,-1.302211244,2.351792881,-4.47865347,-4.681473549,-3.936441533,-1.619443933,2.527877336,5.243623321,5.040803243,5.785835259,-2.509863382,1.326283914,-1.05891769,-0.652606916,2.02077386,1
YAN,339,9989.81,Glaciomarine ,YAN GZ 0,Non Guano,-1.438938095,2.346479287,-4.559233091,-4.666863755,-3.87634241,-1.756170784,2.522563742,5.163043701,5.055413036,5.845934381,-3.406479358,1.209381146,-1.159624342,-0.943819909,1.578726292,1
YAN,341,10076.94,Glaciomarine ,YAN GZ 0,Non Guano,-1.382816097,2.285009948,-4.148024712,-4.629862799,-3.792821438,-1.700048786,2.461094403,5.57425208,5.092413993,5.929455353,-3.851157856,1.033531725,-1.33949441,-1.132867313,1.323823676,1
YAN,343,10164.06,Glaciomarine ,YAN GZ 0,Non Guano,-1.447214535,2.199323765,-4.222822887,-4.577196334,-3.850147602,-1.764447224,2.37540822,5.499453904,5.145080458,5.87212919,-4.000355645,0.969457654,-1.398144589,-1.187255054,1.246858807,1
YAN,345,10225.77,Glaciomarine ,YAN GZ 0,Non Guano,-1.567580185,2.390567501,-4.41897015,-4.544850396,-3.37562054,-1.884812875,2.566651956,5.303306642,5.177426396,6.346656252,-4.535619123,1.047254341,-1.521617259,-1.314121737,0.939208678,1
YAN,347,10287.48,Glaciomarine ,YAN GZ 0,Non Guano,-1.647589678,2.361005337,-4.304867554,-4.442651256,-3.386598582,-1.964822368,2.537089792,5.417409237,5.279625535,6.335678209,-4.789761891,1.0380528,-1.541407505,-1.343981003,0.838260474,1
YAN,349,10342.61,Glaciomarine ,YAN GZ 0,Non Guano,-1.421902789,2.348556653,-4.170774984,-4.692071908,-3.620127866,-1.739135478,2.524641108,5.551501807,5.030204884,6.102148925,-4.819496602,1.034630089,-1.638519122,-1.393211168,0.782582326,1
YAN,351,10391.15,Glaciomarine ,YAN GZ 0,Non Guano,-1.564232476,2.288615134,-4.311724409,-4.695866747,-3.680819537,-1.881465165,2.464699589,5.410552383,5.026410044,6.041457254,-4.867659521,1.179558886,-1.600535684,-1.368937119,0.766200498,1
YAN,353,10439.69,Glaciomarine ,YAN GZ 0,Non Guano,-1.474715334,2.251229065,-4.371356705,-4.628076552,-3.570963994,-1.791948024,2.42731352,5.350920086,5.094200239,6.151312797,-5.073265215,1.191359091,-1.685147349,-1.417557013,0.657989524,1