"Record","Section","Strat_Depth_cm","SH20_95CI_min_age","SH20_95CI_max_age","SH20_median_age","SH20_mean_age","Type","Group","Guano_Zone","Guano_Sum","Si","Ti","Al","Fe","Mn","Mg","Ca","Na","K","P","Location","Location1","Location2","Reference"
"ARD","ARD1A",0,-56.88,-56.3,-56.6,-56.6,"Freshwater","Unit A13","ARD GZ 0","Non Guano",21.6137590504,0.73118734946,7.18709276642,5.09130419905,0.08518960219,1.5075673,4.36699359733,2.0029964688,0.43167409428,1.22631700626,"Ardley Island","Ardley Island","SSI","Roberts et al. (2017)"
"ARD","ARD1A",1,36.15,49.66,42.72,42.76,"Freshwater","Unit A12","ARD GZ 0","Non Guano",20.56672574,0.72519401053,7.33528024614,5.02134734746,0.08518960219,1.4231435312,4.67432702562,1.95106693072,0.44827694406,1.69327757448,"Ardley Island","Ardley Island","SSI","Roberts et al. (2017)"
"ARD","ARD1A",2,128.85,155.77,142.03,142.11,"Freshwater","Unit A12","ARD GZ 0","Non Guano",21.75866098175,0.77314072197,7.50992977581,5.23899088574,0.08518960219,1.5196278384,4.40987733151,2.09943703952,0.44827694406,1.26995818086,"Ardley Island","Ardley Island","SSI","Roberts et al. (2017)"
"ARD","ARD1A",6,481.02,556.65,512.81,514.1,"Freshwater","Unit A12","ARD GZ 0","Non Guano",23.8200078116,0.85105412806,7.84335160518,5.43331547349,0.08518960219,1.748778068,4.11683848128,2.31457369728,0.43167409428,0.61970467932,"Ardley Island","Ardley Island","SSI","Roberts et al. (2017)"
"ARD","ARD1A",7,547.29,668.04,583.56,588.03,"Freshwater","Unit A12","ARD GZ 0","Non Guano",26.17115850415,0.86903414485,8.28262163435,5.61209409422,0.08518960219,1.7849596832,4.2169005277,2.47778081696,0.72222396543,0.62406879678,"Ardley Island","Ardley Island","SSI","Roberts et al. (2017)"
"ARD","ARD1A",8,606.36,780.68,654.58,661.95,"Freshwater","Unit A12","ARD GZ 0","Non Guano",24.1004631626,0.86304080592,7.92803016502,5.50327232508,0.08518960219,1.7909899524,4.1454276374,2.35908472992,0.43997551917,0.57606350472,"Ardley Island","Ardley Island","SSI","Roberts et al. (2017)"
"ARD","ARD1A",9,661.12,894.54,726.21,735.87,"Freshwater","Unit A12","ARD GZ 0","Non Guano",26.59184153065,0.89300750057,8.30379127431,6.00851625323,0.09293411148,1.869383452,4.39558275345,2.5593843768,0.7471282401,0.55860703488,"Ardley Island","Ardley Island","SSI","Roberts et al. (2017)"
"ARD","ARD1A",11,882.68,1106.63,959.93,967.12,"Freshwater","Unit A12","ARD GZ 0","Non Guano",24.2687363732,0.9589342288,8.35142296422,6.45934929681,0.10067862077,2.0563217972,4.88159840749,2.61131391488,0.44827694406,0.61534056186,"Ardley Island","Ardley Island","SSI","Roberts et al. (2017)"
"ARD","ARD1A",13,1119.03,1403.26,1295.85,1281.77,"Freshwater","Unit A12","ARD GZ 0","Non Guano",18.3511284671,0.61132057086,6.93834949689,4.84256872673,0.0774450929,1.1517814172,5.18178454675,1.81011532736,0.54789404274,2.38717225062,"Ardley Island","Ardley Island","SSI","Roberts et al. (2017)"
"ARD","ARD1A",15,1309.81,1810.73,1622.13,1596.42,"Freshwater","Unit A12","ARD GZ 5","Guano",20.87990088195,0.70122065481,7.72162617541,4.84256872673,0.08518960219,1.447264608,4.88159840749,2.0029964688,0.46487979384,1.71946227924,"Ardley Island","Ardley Island","SSI","Roberts et al. (2017)"
"ARD","ARD1A",17,1511.75,1974.68,1774.64,1766.33,"Freshwater","Unit A12","ARD GZ 5","Guano",14.8080425328,0.43751374189,6.29267547811,4.04972440871,0.10842313006,0.7296625732,7.05437427261,1.43177154992,0.44827694406,4.07172159018,"Ardley Island","Ardley Island","SSI","Roberts et al. (2017)"
"ARD","ARD1A",19,1604.97,2219.49,1945.29,1936.24,"Freshwater","Unit A12","ARD GZ 5","Guano",17.5191109258,0.50943380905,6.89071780698,3.94867562308,0.0774450929,0.8321771496,4.82442009525,1.62465269136,0.48148264362,2.89777399344,"Ardley Island","Ardley Island","SSI","Roberts et al. (2017)"
"ARD","ARD1A",21,1715.32,2390.35,2073.75,2065.19,"Freshwater","Unit A12","ARD GZ 5","Guano",16.81329829245,0.4794671144,6.67902140738,4.06527037573,0.08518960219,0.7658441884,5.52485442019,1.5949786696,0.57279831741,3.3167292696,"Ardley Island","Ardley Island","SSI","Roberts et al. (2017)"
"ARD","ARD1A",23,1802.68,2447.1,2167.53,2153.18,"Freshwater","Unit A12","ARD GZ 5","Guano",17.33681494765,0.5394005037,5.43530505973,3.63775628268,0.08518960219,0.6150874584,6.41111825991,1.29081994656,0.4150712445,3.80114630766,"Ardley Island","Ardley Island","SSI","Roberts et al. (2017)"
"ARD","ARD1A",25,1856.58,2561.1,2252.53,2241.18,"Freshwater","Unit A12","ARD GZ 5","Guano",17.86033160285,0.599333893,7.0389052867,4.57828728739,0.10842313006,1.1095695328,6.18240501095,1.71367475664,0.43997551917,3.05051810454,"Ardley Island","Ardley Island","SSI","Roberts et al. (2017)"
"ARD","ARD1A",27,1936.86,2592.95,2315.73,2299.63,"Freshwater","Unit A12","ARD GZ 5","Guano",18.9120391691,0.73718068839,7.11829143655,5.02912033097,0.10067862077,1.3929921852,5.70353664594,1.9659039416,0.43167409428,2.21697166968,"Ardley Island","Ardley Island","SSI","Roberts et al. (2017)"
"ARD","ARD1A",29,1988.47,2639.36,2377.18,2358.07,"Freshwater","Unit A12","ARD GZ 5","Guano",20.04788334065,0.73118734946,7.19238517641,5.03689331448,0.09293411148,1.4593251464,5.15319539063,2.040088996,0.50638691829,1.79365227606,"Ardley Island","Ardley Island","SSI","Roberts et al. (2017)"
"ARD","ARD1A",31,2049.95,2687.73,2440.06,2418.05,"Freshwater","Unit A12","ARD GZ 5","Guano",19.99179227045,0.74916736625,7.23472445633,4.99802839693,0.09293411148,1.4231435312,5.23181556996,2.02525198512,0.44827694406,1.88093462526,"Ardley Island","Ardley Island","SSI","Roberts et al. (2017)"
"ARD","ARD1A",33,2118.06,2717.92,2508.14,2479.55,"Freshwater","Unit A12","ARD GZ 5","Guano",19.3794647541,0.73718068839,7.10770661657,5.08353121554,0.09293411148,1.4231435312,5.35331948347,1.95848543616,0.43167409428,2.05986344112,"Ardley Island","Ardley Island","SSI","Roberts et al. (2017)"
"ARD","ARD1A",35,2169.18,2772.8,2575.83,2541.04,"Freshwater","Unit A11","ARD GZ 0","Non Guano",22.7355804544,0.67125396016,7.13946107651,4.90475259481,0.0774450929,1.5015370308,4.03821830195,1.84720785456,0.43167409428,1.13903465706,"Ardley Island","Ardley Island","SSI","Roberts et al. (2017)"
"ARD","ARD1A",37,2272.18,2789.62,2643.25,2602.1,"Freshwater","Unit A11","ARD GZ 0","Non Guano",23.00201303785,0.66526062123,7.07065974664,4.81147679269,0.0774450929,1.537718646,3.88812523232,1.86946337088,0.43167409428,1.03429583802,"Ardley Island","Ardley Island","SSI","Roberts et al. (2017)"
"ARD","ARD1A",39,2325.96,2815.67,2712.57,2663.16,"Freshwater","Unit A11","ARD GZ 0","Non Guano",22.93657345595,0.70122065481,7.45171326592,4.95916347938,0.08518960219,1.6643542992,4.23834239479,2.12169255584,0.56449689252,1.02120348564,"Ardley Island","Ardley Island","SSI","Roberts et al. (2017)"
"ARD","ARD1A",41,2368.01,2849.66,2759.62,2708.66,"Freshwater","Unit A11","ARD GZ 0","Non Guano",21.4361373281,0.76714738304,7.38291193605,5.37890458892,0.09293411148,1.6040516072,4.6457378695,2.13652956672,0.45657836895,1.2655940634,"Ardley Island","Ardley Island","SSI","Roberts et al. (2017)"
"ARD","ARD1A",43,2401.23,2870.97,2784.57,2738.6,"Freshwater","Unit A11","ARD GZ 0","Non Guano",19.2485855903,0.67125396016,6.99127359679,4.92807154534,0.09293411148,1.2723868012,5.40335050668,1.99557796336,0.53129119296,2.2475204919,"Ardley Island","Ardley Island","SSI","Roberts et al. (2017)"
"ARD","ARD1A",45,2436.08,2909.07,2805.56,2768.54,"Freshwater","Unit A11","ARD GZ 0","Non Guano",22.16064698485,0.69522731588,7.44112844594,4.90475259481,0.08518960219,1.4291738004,4.92448214167,2.13652956672,0.63920971653,1.75873933638,"Ardley Island","Ardley Island","SSI","Roberts et al. (2017)"
"ARD","ARD1A",47,2466.9,2923.74,2825.46,2791.29,"Freshwater","Unit A11","ARD GZ 0","Non Guano",16.5094716622,0.58734721514,6.2450437882,4.59383325441,0.10842313006,1.1397208788,6.432560127,1.63948970224,0.39846839472,2.88904575852,"Ardley Island","Ardley Island","SSI","Roberts et al. (2017)"
"ARD","ARD1A",49,2495.59,2947.24,2844.36,2814.04,"Freshwater","Unit A11","ARD GZ 0","Non Guano",20.49661190225,0.73118734946,7.32998783615,5.23899088574,0.09293411148,1.4593251464,5.42479237377,2.0771815232,0.47318121873,1.95512462208,"Ardley Island","Ardley Island","SSI","Roberts et al. (2017)"
"ARD","ARD1A",51,2518.94,2969.03,2861.63,2833.23,"Freshwater","Unit A11","ARD GZ 0","Non Guano",23.7358712063,0.78512739983,7.92273775503,5.06798524852,0.09293411148,1.7125964528,4.95307129779,2.27748117008,0.44827694406,1.1346705396,"Ardley Island","Ardley Island","SSI","Roberts et al. (2017)"
"ARD","ARD1A",53,2541.18,2986.86,2874.52,2848.88,"Freshwater","Unit A11","ARD GZ 0","Non Guano",24.60060853855,0.82108743341,8.18206584454,5.35558563839,0.09293411148,1.8271715676,5.08172250033,2.3368292136,0.45657836895,1.05611642532,"Ardley Island","Ardley Island","SSI","Roberts et al. (2017)"
"ARD","ARD1A/B",55,2559.92,3012.59,2887.29,2864.53,"Freshwater","Unit A11","ARD GZ 0","Non Guano",24.6239798178,0.97691424559,8.87007914324,6.36607349469,0.10842313006,2.3638655264,5.59632731049,2.65582494752,0.46487979384,0.78990526026,"Ardley Island","Ardley Island","SSI","Roberts et al. (2017)"
"ARD","ARD1A",57,2578.45,3026.62,2900.07,2878.81,"Freshwater","Unit A11","ARD GZ 0","Non Guano",23.54422671645,0.76714738304,8.15560379459,5.18458000117,0.09293411148,1.7668688756,5.13890081257,2.29231818096,0.47318121873,1.24813759356,"Ardley Island","Ardley Island","SSI","Roberts et al. (2017)"
"ARD","ARD1B",58.2,2587.8,3036.01,2907.78,2887.38,"Freshwater","Unit A11","ARD GZ 0","Non Guano",22.5486102204,0.76115404411,8.07621764474,5.15348806713,0.10067862077,1.7970202216,5.39620321765,2.30715519184,0.48148264362,1.45761523164,"Ardley Island","Ardley Island","SSI","Roberts et al. (2017)"
"ARD","ARD1A",59,2594.01,3043.78,2913.07,2893.09,"Freshwater","Unit A11","ARD GZ 0","Non Guano",23.33855945905,0.92297419522,8.58958141377,6.07070012131,0.10842313006,2.321653642,5.36761406153,2.51487334416,0.43997551917,0.8510029047,"Ardley Island","Ardley Island","SSI","Roberts et al. (2017)"
"ARD","ARD1A",61,2611.63,3059.76,2925.46,2907.4,"Freshwater","Unit A11","ARD GZ 0","Non Guano",21.5202739334,0.64728060444,7.38820434604,4.42282761719,0.09293411148,1.35681057,4.80297822816,1.9659039416,0.53129119296,1.95512462208,"Ardley Island","Ardley Island","SSI","Roberts et al. (2017)"
"ARD","ARD1B",61.3,2614.07,3061.66,2927.48,2909.56,"Freshwater","Unit A11","ARD GZ 0","Non Guano",19.8375418274,0.64128726551,7.42525121597,4.29068689752,0.11616763935,1.326659224,5.68924206788,1.90655589808,0.46487979384,2.3566234284,"Ardley Island","Ardley Island","SSI","Roberts et al. (2017)"
"ARD","ARD1A",63,2633.92,3075.08,2938.8,2921.76,"Freshwater","Unit A11","ARD GZ 0","Non Guano",19.42153305675,0.61731390979,7.09712179659,4.18963811189,0.09293411148,1.2784170704,5.1460481016,1.86946337088,0.45657836895,2.27806931412,"Ardley Island","Ardley Island","SSI","Roberts et al. (2017)"
"ARD","ARD1B",64.5,2645.52,3088.04,2948.97,2932.52,"Freshwater","Unit A10","ARD GZ 4","Guano",17.3321406918,0.50943380905,4.91664888071,4.0419514252,0.10067862077,0.693480958,7.16158360806,1.28340144112,0.42337266939,4.23755805366,"Ardley Island","Ardley Island","SSI","Roberts et al. (2017)"
"ARD","ARD1A",65,2648,3092.82,2951.81,2936.11,"Freshwater","Unit A10","ARD GZ 4","Guano",15.24274832685,0.40155370831,5.91691436882,4.01085949116,0.11616763935,0.693480958,6.92572307007,1.4466085608,0.53129119296,4.00189571082,"Ardley Island","Ardley Island","SSI","Roberts et al. (2017)"
"ARD","ARD1A",67,2670.64,3106.75,2967.09,2950.27,"Freshwater","Unit A10","ARD GZ 4","Guano",20.4171495528,0.64128726551,7.16063071647,4.67156308951,0.10842313006,1.3929921852,5.717831224,1.97332244704,0.44827694406,2.1165969681,"Ardley Island","Ardley Island","SSI","Roberts et al. (2017)"
"ARD","ARD1B",67.6,2675.59,3111.03,2970.74,2954.52,"Freshwater","Unit A10","ARD GZ 4","Guano",13.54131919745,0.37158701366,5.21831625014,3.94867562308,0.13940116722,0.723632304,7.56183179374,1.26856443024,0.40676981961,4.04990100288,"Ardley Island","Ardley Island","SSI","Roberts et al. (2017)"
"ARD","ARD1A",69,2687.3,3123.66,2979.82,2964.43,"Freshwater","Unit A10","ARD GZ 4","Guano",14.50421590255,0.35360699687,5.64170904934,3.97976755712,0.13940116722,0.6271479968,7.36885498993,1.38726051728,0.64751114142,4.40339451714,"Ardley Island","Ardley Island","SSI","Roberts et al. (2017)"
"ARD","ARD1B",70.8,2701.37,3137.75,2992.3,2977.42,"Freshwater","Unit A10","ARD GZ 4","Guano",13.835797316,0.37158701366,5.31887203995,4.05749739222,0.13940116722,0.7296625732,7.39029685702,1.26856443024,0.42337266939,4.07608570764,"Ardley Island","Ardley Island","SSI","Roberts et al. (2017)"
"ARD","ARD1A",71,2702.82,3138.82,2993.71,2978.89,"Freshwater","Unit A10","ARD GZ 4","Guano",11.86793560315,0.31764696329,4.82138550089,3.70771313427,0.1548901858,0.5547847664,7.85487064397,1.17212385952,0.48978406851,4.32920452032,"Ardley Island","Ardley Island","SSI","Roberts et al. (2017)"
"ARD","ARD1A",73,2724.54,3156.51,3008.28,2993.66,"Freshwater","Unit A10","ARD GZ 4","Guano",10.48435587155,0.29367360757,4.38740788171,3.29574500824,0.1548901858,0.5366939588,8.46239021152,1.04600926704,0.43997551917,4.4732203965,"Ardley Island","Ardley Island","SSI","Roberts et al. (2017)"
"ARD","ARD1B",74,2734.58,3166.6,3014.88,3001.05,"Freshwater","Unit A10","ARD GZ 4","Guano",14.1629952255,0.38357369152,5.34004167991,3.87871877149,0.14714567651,0.7899652652,7.04722698358,1.26856443024,0.39846839472,3.74004866322,"Ardley Island","Ardley Island","SSI","Roberts et al. (2017)"
"ARD","ARD1A",75,2745.24,3177.25,3021.36,3008.44,"Freshwater","Unit A10","ARD GZ 4","Guano",13.5179479182,0.40155370831,5.27653276003,4.13522722732,0.13165665793,0.8080560728,7.54038992665,1.35016799008,0.4150712445,3.68331513624,"Ardley Island","Ardley Island","SSI","Roberts et al. (2017)"
"ARD","ARD1A",77,2765.14,3190.2,3038.12,3025.78,"Freshwater","Unit A10","ARD GZ 4","Guano",16.3411984516,0.50943380905,6.09156389849,4.68710905653,0.10067862077,1.0975089944,6.76848271141,1.69883774576,0.4980854934,3.02869751724,"Ardley Island","Ardley Island","SSI","Roberts et al. (2017)"
"ARD","ARD1B",77.1,2766.11,3190.94,3038.97,3026.64,"Freshwater","Unit A10","ARD GZ 4","Guano",15.47646111935,0.41354038617,5.6628786893,3.94867562308,0.10842313006,0.8201166112,6.82566102365,1.47628258256,0.4980854934,3.50438632038,"Ardley Island","Ardley Island","SSI","Roberts et al. (2017)"
"ARD","ARD1A",79,2783.6,3210.36,3053.18,3043.12,"Freshwater","Unit A10","ARD GZ 4","Guano",15.78496200545,0.61132057086,6.49378705773,4.75706590812,0.13940116722,1.3085684164,8.13361491614,1.83978934912,0.4980854934,3.1639851585,"Ardley Island","Ardley Island","SSI","Roberts et al. (2017)"
"ARD","ARD1B",80.3,2797.77,3223.6,3063.96,3054.41,"Freshwater","Unit A10","ARD GZ 4","Guano",13.09259063585,0.35360699687,5.08600600039,3.76989700235,0.14714567651,0.723632304,7.66904112919,1.15728684864,0.37356412005,4.24628628858,"Ardley Island","Ardley Island","SSI","Roberts et al. (2017)"
"ARD","ARD1A",81,2804.84,3228.39,3070.2,3060.53,"Freshwater","Unit A10","ARD GZ 4","Guano",16.359895475,0.60532723193,6.58375802756,5.25453685276,0.13165665793,1.326659224,7.74051401949,1.83978934912,0.43997551917,2.9239586982,"Ardley Island","Ardley Island","SSI","Roberts et al. (2017)"
"ARD","ARD1A",83,2831.65,3247.74,3087.05,3078.01,"Freshwater","Unit A10","ARD GZ 4","Guano",16.16825098515,0.62330724872,6.55729597761,4.99025541342,0.13165665793,1.3145986856,7.76195588658,1.84720785456,0.45657836895,2.91086634582,"Ardley Island","Ardley Island","SSI","Roberts et al. (2017)"
"ARD","ARD1B",83.5,2837.31,3253.11,3091.68,3082.38,"Freshwater","Unit A10","ARD GZ 4","Guano",13.03649956565,0.34761365794,5.05425154045,4.0419514252,0.18586822296,0.7356928424,7.99781642457,1.30565695744,0.44827694406,4.3204762854,"Ardley Island","Ardley Island","SSI","Roberts et al. (2017)"
"ARD","ARD1A",85,2852.61,3270.03,3104.12,3095.5,"Freshwater","Unit A10","ARD GZ 4","Guano",16.1261826825,0.61731390979,6.48849464774,4.84256872673,0.11616763935,1.1819327632,8.17649865032,1.99557796336,0.60600401697,3.29054456484,"Ardley Island","Ardley Island","SSI","Roberts et al. (2017)"
"ARD","ARD1B",86.6,2872.54,3281.61,3116.71,3109.17,"Freshwater","Unit A10","ARD GZ 4","Guano",13.60675877935,0.41354038617,5.59407735943,4.1974110954,0.16263469509,0.8623284956,7.60471552792,1.40209752816,0.42337266939,3.87970042194,"Ardley Island","Ardley Island","SSI","Roberts et al. (2017)"
"ARD","ARD1B",89.8,2904.22,3313.37,3144.63,3136.53,"Freshwater","Unit A10","ARD GZ 4","Guano",13.4057657778,0.37758035259,5.14422251028,4.04972440871,0.13940116722,0.75378365,7.69048299628,1.30565695744,0.40676981961,3.9058851267,"Ardley Island","Ardley Island","SSI","Roberts et al. (2017)"
"ARD","ARD1B",92.9,2946.9,3337.82,3169.9,3162.91,"Freshwater","Unit A10","ARD GZ 4","Guano",12.32601267645,0.35360699687,4.90606406073,3.83985385394,0.12391214864,0.7115717656,7.60471552792,1.20179788128,0.39846839472,3.86660806956,"Ardley Island","Ardley Island","SSI","Roberts et al. (2017)"
"ARD","ARD1B",96.1,2981.49,3365.09,3195.22,3190.52,"Freshwater","Unit A10","ARD GZ 4","Guano",9.4513453287,0.27569359078,4.04340123236,3.64552926619,0.13940116722,0.5366939588,8.39091732122,0.97924271808,0.36526269516,4.41212275206,"Ardley Island","Ardley Island","SSI","Roberts et al. (2017)"
"ARD","ARD1B",99.3,3017.94,3394.09,3222.52,3218.87,"Freshwater","Unit A10","ARD GZ 4","Guano",12.74669570295,0.32963364115,4.85843237082,4.03417844169,0.12391214864,0.6693598812,7.16158360806,1.1498683432,0.38186554494,3.9713468886,"Ardley Island","Ardley Island","SSI","Roberts et al. (2017)"
"ARD","ARD1B",102.4,3052.87,3418.63,3247.15,3245.57,"Freshwater","Unit A10","ARD GZ 4","Guano",13.4805538714,0.35360699687,5.01191226053,4.1196812603,0.10842313006,0.6995112272,7.06152156164,1.20179788128,0.39846839472,3.8840645394,"Ardley Island","Ardley Island","SSI","Roberts et al. (2017)"
"ARD","ARD1B",105.6,3086.92,3448.56,3274.47,3273.04,"Freshwater","Unit A10","ARD GZ 4","Guano",12.62516505085,0.39556036938,5.03837431048,4.18963811189,0.12391214864,0.7779047268,8.13361491614,1.3353309792,0.44827694406,3.89715689178,"Ardley Island","Ardley Island","SSI","Roberts et al. (2017)"
"ARD","ARD1B",108.7,3123.81,3477.87,3300.44,3300.23,"Freshwater","Unit A10","ARD GZ 4","Guano",14.6491178339,0.44350708082,5.63641663935,4.30623286454,0.1548901858,0.9166009184,8.22652967353,1.60239717504,0.59770259208,3.9058851267,"Ardley Island","Ardley Island","SSI","Roberts et al. (2017)"
"ARD","ARD1B",111.9,3156.46,3506.08,3327.18,3327.59,"Freshwater","Unit A9","ARD GZ 4","Guano",17.1358219461,0.58734721514,6.62609730748,4.90475259481,0.13165665793,1.3507803008,7.81913419882,1.8175338328,0.43167409428,3.0767028093,"Ardley Island","Ardley Island","SSI","Roberts et al. (2017)"
"ARD","ARD1B",115.1,3186.37,3535.98,3352.41,3354.52,"Freshwater","Unit A9","ARD GZ 4","Guano",17.85098309115,0.64728060444,7.00185841677,5.2078989517,0.12391214864,1.5075673,7.60471552792,2.040088996,0.4980854934,2.67083988552,"Ardley Island","Ardley Island","SSI","Roberts et al. (2017)"
"ARD","ARD1B",118.2,3224.92,3556.76,3379.58,3382.23,"Freshwater","Unit A9","ARD GZ 4","Guano",18.46798486335,0.6592672823,7.08653697661,5.34003967137,0.12391214864,1.5558094536,7.24735107642,2.06234451232,0.44827694406,2.45699812998,"Ardley Island","Ardley Island","SSI","Roberts et al. (2017)"
"ARD","ARD1B",121.4,3259.06,3587.26,3410.35,3413.9,"Freshwater","Unit A9","ARD GZ 4","Guano",19.4168588009,0.67724729909,7.12358384654,5.22344491872,0.12391214864,1.5919910688,6.49688572827,2.17362209392,0.53129119296,2.02495050144,"Ardley Island","Ardley Island","SSI","Roberts et al. (2017)"
"ARD","ARD1B",124.5,3289.88,3622.32,3444.85,3448.39,"Freshwater","Unit A9","ARD GZ 4","Guano",20.44052083205,0.72519401053,7.7269185854,5.44886144051,0.12391214864,1.7367175296,6.70415711014,2.25522565376,0.47318121873,1.93330403478,"Ardley Island","Ardley Island","SSI","Roberts et al. (2017)"
"ARD","ARD1B",127.7,3324.71,3658.79,3481.02,3483.94,"Freshwater","Unit A9","ARD GZ 4","Guano",20.54335446075,0.72519401053,7.70045653545,5.58877514369,0.12391214864,1.748778068,6.61838964178,2.35166622448,0.53129119296,1.85911403796,"Ardley Island","Ardley Island","SSI","Roberts et al. (2017)"
"ARD","ARD1B",130.9,3354.95,3701.04,3515.55,3519.38,"Freshwater","Unit A9","ARD GZ 4","Guano",20.847181091,0.74916736625,7.67928689549,5.76755376442,0.12391214864,1.8151110292,6.63983150887,2.28489967552,0.45657836895,1.83729345066,"Ardley Island","Ardley Island","SSI","Roberts et al. (2017)"
"ARD","ARD1C",131,3356.07,3701.99,3516.56,3520.48,"Freshwater","Unit A9","ARD GZ 4","Guano",19.10368365895,0.68324063802,7.28764855623,5.24676386925,0.13165665793,1.6522937608,7.01863782746,2.14394807216,0.45657836895,2.26497696174,"Ardley Island","Ardley Island","SSI","Roberts et al. (2017)"
"ARD","ARD1C",133,3379.93,3721.95,3538.97,3542.48,"Freshwater","Unit A9","ARD GZ 4","Guano",19.80482203645,0.7192006716,7.32998783615,5.70536989634,0.12391214864,1.7125964528,6.68271524305,2.13652956672,0.45657836895,2.09041226334,"Ardley Island","Ardley Island","SSI","Roberts et al. (2017)"
"ARD","ARD1B",134,3389.76,3733.76,3550.73,3553.48,"Freshwater","Unit A9","ARD GZ 4","Guano",19.1831460084,0.69522731588,7.22943204634,5.43331547349,0.13165665793,1.6945056452,6.65412608693,2.12169255584,0.44827694406,1.9202116824,"Ardley Island","Ardley Island","SSI","Roberts et al. (2017)"
"ARD","ARD1C",135,3395.59,3751.38,3561.54,3564.48,"Freshwater","Unit A9","ARD GZ 4","Guano",20.12267143425,0.73118734946,7.54168423575,5.51104530859,0.12391214864,1.80908076,6.34679265864,2.21813312656,0.44827694406,1.76310345384,"Ardley Island","Ardley Island","SSI","Roberts et al. (2017)"
"ARD","ARD1C",137,3420.74,3767.07,3582.54,3586.08,"Freshwater","Unit A9","ARD GZ 4","Guano",17.83228606775,0.66526062123,6.80074683715,5.69759691283,0.13940116722,1.6221424148,6.51832759536,2.0029964688,0.42337266939,1.9202116824,"Ardley Island","Ardley Island","SSI","Roberts et al. (2017)"
"ARD","ARD1B",137.2,3422.43,3769.89,3584.8,3588.24,"Freshwater","Unit A9","ARD GZ 4","Guano",18.92606193665,0.70721399374,7.15533830648,5.9851973027,0.12391214864,1.7608386064,6.17525772192,2.13652956672,0.43997551917,1.59726699036,"Ardley Island","Ardley Island","SSI","Roberts et al. (2017)"
"ARD","ARD1C",139,3439.61,3791.01,3604.64,3607.67,"Freshwater","Unit A9","ARD GZ 4","Guano",18.6315838181,0.70122065481,7.08653697661,5.81419166548,0.11616763935,1.688475376,6.38252910379,2.10685554496,0.44827694406,1.79365227606,"Ardley Island","Ardley Island","SSI","Roberts et al. (2017)"
"ARD","ARD1B",140.4,3451.96,3808.86,3619.74,3622.92,"Freshwater","Unit A9","ARD GZ 4","Guano",17.6032475311,0.6592672823,6.75840755723,5.45663442402,0.13165665793,1.5437489152,6.53976946245,2.0029964688,0.47318121873,2.0293146189,"Ardley Island","Ardley Island","SSI","Roberts et al. (2017)"
"ARD","ARD1C",141,3459.32,3815.25,3626.83,3629.59,"Freshwater","Unit A9","ARD GZ 4","Guano",17.6312930662,0.64728060444,6.64726694744,5.37890458892,0.12391214864,1.5015370308,6.73989355529,2.01783347968,0.56449689252,2.09041226334,"Ardley Island","Ardley Island","SSI","Roberts et al. (2017)"
"ARD","ARD1C",143,3484.04,3834.14,3648.25,3651.83,"Freshwater","Unit A9","ARD GZ 4","Guano",17.39290601785,0.67724729909,6.68960622736,5.47995337455,0.13940116722,1.5558094536,7.04722698358,2.01783347968,0.43997551917,2.12532520302,"Ardley Island","Ardley Island","SSI","Roberts et al. (2017)"
"ARD","ARD1B",143.5,3487.57,3840.76,3653.86,3657.39,"Freshwater","Unit A9","ARD GZ 4","Guano",16.1448797059,0.60532723193,6.1921196883,5.06021226501,0.13940116722,1.3447500316,7.14014174097,1.84720785456,0.43167409428,2.32171048872,"Ardley Island","Ardley Island","SSI","Roberts et al. (2017)"
"ARD","ARD1C",145,3501.18,3864.02,3670.06,3674.08,"Freshwater","Unit A9","ARD GZ 4","Guano",17.0890793876,0.66526062123,6.44086295783,5.5965481272,0.13940116722,1.5256581076,7.30452938866,1.9659039416,0.4150712445,2.18642284746,"Ardley Island","Ardley Island","SSI","Roberts et al. (2017)"
"ARD","ARD1B",146.7,3522.82,3887.44,3692.92,3696.02,"Freshwater","Unit A9","ARD GZ 4","Guano",20.61814255435,0.73118734946,7.41995880598,5.8297376325,0.13165665793,1.7548083372,6.83280831268,2.36650323536,0.75542966499,1.80238051098,"Ardley Island","Ardley Island","SSI","Roberts et al. (2017)"
"ARD","ARD1C",147,3525.67,3891.03,3696.87,3699.89,"Freshwater","Unit A9","ARD GZ 4","Guano",17.60792178695,0.67724729909,6.58905043755,5.47995337455,0.12391214864,1.5739002612,6.91857578104,2.04750750144,0.42337266939,2.04677108874,"Ardley Island","Ardley Island","SSI","Roberts et al. (2017)"
"ARD","ARD1C",149,3545.06,3923.5,3721.67,3725.7,"Freshwater","Unit A9","ARD GZ 4","Guano",18.7063719117,0.73118734946,6.9330570869,5.9851973027,0.13165665793,1.7728991448,7.04722698358,2.15878508304,0.43167409428,1.84165756812,"Ardley Island","Ardley Island","SSI","Roberts et al. (2017)"
"ARD","ARD1B",149.8,3551.26,3942.2,3731.68,3736.03,"Freshwater","Unit A9","ARD GZ 4","Guano",19.59915477905,0.76115404411,7.27706373625,5.93078641813,0.13165665793,1.8512926444,6.92572307007,2.16620358848,0.43997551917,1.71509816178,"Ardley Island","Ardley Island","SSI","Roberts et al. (2017)"
"ARD","ARD1C",151,3566.84,3958.81,3745.78,3750.99,"Freshwater","Unit A9","ARD GZ 4","Guano",19.7534052221,0.7791340609,7.28764855623,6.03183520376,0.13165665793,1.95983749,6.48259115021,2.24780714832,0.44827694406,1.3528764126,"Ardley Island","Ardley Island","SSI","Roberts et al. (2017)"
"ARD","ARD1B/C",153,3588.98,3981.76,3769.92,3775.76,"Freshwater","Unit A9","ARD GZ 4","Guano",21.28188688505,0.79112073876,7.66870207551,6.21061382449,0.12391214864,2.0020493744,6.33249808058,2.4481067952,0.61430544186,1.2437734761,"Ardley Island","Ardley Island","SSI","Roberts et al. (2017)"
"ARD","ARD1C",155,3605.72,4021.92,3794.86,3800.53,"Freshwater","Unit A8","ARD GZ 0","Non Guano",22.903853665,0.88102082271,8.31437609429,6.87131742284,0.11616763935,2.3698957956,5.85362971557,2.62615092576,0.48978406851,0.6109764444,"Ardley Island","Ardley Island","SSI","Roberts et al. (2017)"
"ARD","ARD1C",157,3637.67,4049.51,3823.76,3830.48,"Freshwater","Unit A8","ARD GZ 0","Non Guano",24.0724176275,0.94095421201,8.64779792366,7.15891781271,0.11616763935,2.5447736024,5.59632731049,2.75226551824,0.52298976807,0.37531410156,"Ardley Island","Ardley Island","SSI","Roberts et al. (2017)"
"ARD","ARD1C",159,3657.47,4086.4,3853.07,3860.42,"Freshwater","Unit A8","ARD GZ 0","Non Guano",24.75953323745,0.97092090666,8.85420191327,7.2288746643,0.12391214864,2.6895000632,5.47482339698,2.80419505632,0.53959261785,0.23129822538,"Ardley Island","Ardley Island","SSI","Roberts et al. (2017)"
"ARD","ARD1C",161,3685.17,4124.13,3887.81,3894.89,"Freshwater","Unit A8","ARD GZ 0","Non Guano",26.55444748385,0.95294088987,9.42578219219,7.02677709304,0.11616763935,2.7015606016,5.81789327042,2.95256516512,0.73882681521,0.1745646984,"Ardley Island","Ardley Island","SSI","Roberts et al. (2017)"
"ARD","ARD1C",163,3713.06,4165.22,3930.77,3933.88,"Freshwater","Unit A8","ARD GZ 0","Non Guano",24.62865407365,0.92297419522,9.08706795283,6.995685159,0.12391214864,2.7618632936,5.9322498949,2.72259149648,0.48978406851,0.20947763808,"Ardley Island","Ardley Island","SSI","Roberts et al. (2017)"
"ARD","ARD1C",165,3734.38,4223.31,3968.85,3972.86,"Freshwater","Unit A8","ARD GZ 0","Non Guano",24.99324602995,0.94694755094,8.98121975303,6.9179553239,0.11616763935,2.5990460252,5.60347459952,2.84128758352,0.53959261785,0.16147234602,"Ardley Island","Ardley Island","SSI","Roberts et al. (2017)"
"ARD","ARD1C",167,3778.41,4251.85,4009.01,4011.49,"Freshwater","Unit A8","ARD GZ 0","Non Guano",23.8480533467,1.03085429596,8.62133587371,8.7057415312,0.14714567651,3.437253444,4.61000142435,2.27006266464,0.60600401697,0.35785763172,"Ardley Island","Ardley Island","SSI","Roberts et al. (2017)"
"ARD","ARD1C",169,3802.79,4292.4,4049.12,4050.12,"Freshwater","Unit A8","ARD GZ 0","Non Guano",24.97454900655,0.98290758452,8.96005011307,7.31437748291,0.11616763935,2.8101054472,5.38905592862,2.67808046384,0.57279831741,0.14401587618,"Ardley Island","Ardley Island","SSI","Roberts et al. (2017)"
"ARD","ARD1C",171,3839.1,4328.15,4088.56,4088.33,"Freshwater","Unit A8","ARD GZ 0","Non Guano",25.0446628443,0.96492756773,8.97592734304,7.05009604357,0.11616763935,2.683469794,5.46052881892,2.7448470128,0.54789404274,0.14837999364,"Ardley Island","Ardley Island","SSI","Roberts et al. (2017)"
"ARD","ARD1C",173,3873.27,4355.79,4128.58,4126.13,"Freshwater","Unit A8","ARD GZ 0","Non Guano",27.3350482108,0.9589342288,9.40990496222,7.02677709304,0.11616763935,2.7498027552,5.48911797504,2.91547263792,0.87995103834,0.15710822856,"Ardley Island","Ardley Island","SSI","Roberts et al. (2017)"
"ARD","ARD1C",175,3896.51,4397.13,4169.09,4163.93,"Freshwater","Unit A8","ARD GZ 3","Guano",21.78670651685,0.83307411127,7.96507703495,6.38939244522,0.13165665793,2.3156233728,6.56835861857,2.40359576256,0.51468834318,1.1783117142,"Ardley Island","Ardley Island","SSI","Roberts et al. (2017)"
"ARD","ARD1C",177,3941.4,4417.97,4207.24,4202.3,"Freshwater","Unit A7","ARD GZ 3","Guano",16.84134382755,0.56337385942,6.61022007751,4.92029856183,0.1548901858,1.417113262,8.61248328115,1.79527831648,0.48978406851,3.36909867912,"Ardley Island","Ardley Island","SSI","Roberts et al. (2017)"
"ARD","ARD1C",179,3978.16,4447.27,4248.88,4240.66,"Freshwater","Unit A7","ARD GZ 3","Guano",17.14049620195,0.41354038617,6.47790982776,3.76212401884,0.11616763935,0.8020258036,7.24020378739,1.7433487784,0.89655388812,3.47820161562,"Ardley Island","Ardley Island","SSI","Roberts et al. (2017)"
"ARD","ARD1C",181,4018.74,4477.34,4288.75,4278.61,"Freshwater","Unit A7","ARD GZ 3","Guano",16.63567657015,0.40754704724,7.41466639599,5.82196464899,0.08518960219,1.8573229136,5.62491646661,2.4481067952,0.54789404274,1.42706640942,"Ardley Island","Ardley Island","SSI","Roberts et al. (2017)"
"ARD","ARD1C",185,4091.92,4541.19,4386.11,4353.68,"Freshwater","Unit A7","ARD GZ 3","Guano",16.1355311942,0.40155370831,6.28738306812,3.39679379387,0.10067862077,0.9829338796,7.34026583381,1.81011532736,0.53129119296,3.74877689814,"Ardley Island","Ardley Island","SSI","Roberts et al. (2017)"
"ARD","ARD1C",187,4122.89,4559.37,4420.64,4378.48,"Freshwater","Unit A7","ARD GZ 3","Guano",15.6307115624,0.39556036938,6.25033619819,4.05749739222,0.09293411148,0.783934996,5.38190863959,1.43177154992,0.4980854934,2.97196399026,"Ardley Island","Ardley Island","SSI","Roberts et al. (2017)"
"ARD","ARD1C",189,4150.27,4587.34,4437.77,4403.28,"Freshwater","Unit A7","ARD GZ 3","Guano",17.8089147885,0.37758035259,6.26621342816,3.90203772202,0.09293411148,0.7477533808,5.74642038012,1.75818578928,0.76373108988,2.74502988234,"Ardley Island","Ardley Island","SSI","Roberts et al. (2017)"
"ARD","ARD1D",190,4160.47,4603.92,4445.94,4415.68,"Freshwater","Unit A6","ARD GZ 0","Non Guano",24.9231321922,0.97691424559,8.90712601317,7.25996659834,0.12391214864,2.7015606016,5.38905592862,2.75226551824,0.57279831741,0.21384175554,"Ardley Island","Ardley Island","SSI","Roberts et al. (2017)"
"ARD","ARD1C",191,4173.78,4612.36,4454.77,4425.75,"Freshwater","Unit A6","ARD GZ 0","Non Guano",21.595062027,0.76714738304,8.14501897461,5.89192150058,0.12391214864,2.2131087964,7.5046534815,2.38875875168,0.45657836895,1.37906111736,"Ardley Island","Ardley Island","SSI","Roberts et al. (2017)"
"ARD","ARD1D",192,4184.65,4620.21,4463.62,4435.83,"Freshwater","Unit A6","ARD GZ 0","Non Guano",21.8100777961,0.81509409448,7.98095426492,6.27279769257,0.12391214864,2.2432601424,6.86854475783,2.47778081696,0.53129119296,1.2874146507,"Ardley Island","Ardley Island","SSI","Roberts et al. (2017)"
"ARD","ARD1C",193,4195.22,4630.19,4472.28,4445.91,"Freshwater","Unit A6","ARD GZ 0","Non Guano",20.4451950879,0.7192006716,7.65282484554,5.80641868197,0.13165665793,2.0744126048,7.67618841822,2.35908472992,0.50638691829,1.61908757766,"Ardley Island","Ardley Island","SSI","Roberts et al. (2017)"
"ARD","ARD1D",194,4203.66,4642.54,4480.61,4455.99,"Freshwater","Unit A6","ARD GZ 0","Non Guano",26.4656366227,0.98290758452,9.28817953245,7.37656135099,0.12391214864,2.834226524,5.4319396628,2.84128758352,0.78033393966,0.1963852857,"Ardley Island","Ardley Island","SSI","Roberts et al. (2017)"
"ARD","ARD1C",195,4212.58,4658.12,4489.04,4466.06,"Freshwater","Unit A6","ARD GZ 0","Non Guano",20.6976049038,0.76115404411,7.72162617541,5.87637553356,0.13165665793,2.1467758352,7.46891703635,2.41843277344,0.43997551917,1.44452287926,"Ardley Island","Ardley Island","SSI","Roberts et al. (2017)"
"ARD","ARD1D",196,4224.27,4665.46,4497.99,4476.05,"Freshwater","Unit A6","ARD GZ 0","Non Guano",16.8553665951,0.65327394337,6.31913752806,5.47218039104,0.14714567651,1.80908076,8.41235918831,1.86204486544,0.44827694406,2.65338341568,"Ardley Island","Ardley Island","SSI","Roberts et al. (2017)"
"ARD","ARD1C",197,4233.78,4673.47,4506.65,4486.03,"Freshwater","Unit A6","ARD GZ 0","Non Guano",17.18723876045,0.62930058765,6.46203259779,5.24676386925,0.13940116722,1.7306872604,8.24797154062,1.95848543616,0.42337266939,2.38717225062,"Ardley Island","Ardley Island","SSI","Roberts et al. (2017)"
"ARD","ARD1D",198,4245.22,4684.89,4515.76,4496.01,"Freshwater","Unit A6","ARD GZ 0","Non Guano",19.2111915435,0.74916736625,7.04949010668,5.9851973027,0.13165665793,2.0744126048,7.29738209963,2.08460002864,0.53129119296,1.92457579986,"Ardley Island","Ardley Island","SSI","Roberts et al. (2017)"
"ARD","ARD1C",199,4254.12,4696.06,4525.1,4505.99,"Freshwater","Unit A6","ARD GZ 0","Non Guano",21.28188688505,0.79711407769,7.86981365513,6.00851625323,0.12391214864,2.2372298732,6.94001764813,2.40359576256,0.4980854934,1.27868641578,"Ardley Island","Ardley Island","SSI","Roberts et al. (2017)"
"ARD","ARD1D",200,4259.64,4711.58,4533.06,4515.97,"Freshwater","Unit A6","ARD GZ 0","Non Guano",22.94592196765,0.88102082271,8.34083814424,6.56817106595,0.12391214864,2.4543195644,6.21099416707,2.58163989312,0.53959261785,0.7855411428,"Ardley Island","Ardley Island","SSI","Roberts et al. (2017)"
"ARD","ARD1C",201,4275.93,4717.41,4542.73,4525.79,"Freshwater","Unit A6","ARD GZ 0","Non Guano",20.3517099709,0.74916736625,7.53109941577,5.86860255005,0.13165665793,2.0623520664,7.37600227896,2.36650323536,0.54789404274,1.5929028729,"Ardley Island","Ardley Island","SSI","Roberts et al. (2017)"
"ARD","ARD1D",202,4289,4728.49,4550.81,4535.61,"Freshwater","Unit A6","ARD GZ 0","Non Guano",20.51530892565,0.75516070518,7.61577797561,6.31943559363,0.13165665793,2.0985336816,7.61186281695,2.25522565376,0.48978406851,1.67582110464,"Ardley Island","Ardley Island","SSI","Roberts et al. (2017)"
"ARD","ARD1C",203,4300.15,4738.19,4560.21,4545.43,"Freshwater","Unit A6","ARD GZ 0","Non Guano",18.31840867615,0.68324063802,6.85896334704,5.58100216018,0.13165665793,1.8935045288,7.84772335494,2.21071462112,0.4150712445,1.99440167922,"Ardley Island","Ardley Island","SSI","Roberts et al. (2017)"
"ARD","ARD1D",204,4310.49,4748.32,4569.4,4555.25,"Freshwater","Unit A6","ARD GZ 0","Non Guano",18.9400847042,0.68324063802,7.08124456662,5.54213724263,0.13165665793,1.9357164132,7.95493269039,2.10685554496,0.45657836895,1.98130932684,"Ardley Island","Ardley Island","SSI","Roberts et al. (2017)"
"ARD","ARD1D",206,4329.31,4769.91,4587.86,4575.2,"Freshwater","Unit A6","ARD GZ 0","Non Guano",19.2485855903,0.67125396016,6.99656600678,5.5965481272,0.13940116722,1.8754137212,8.46953750055,2.15878508304,0.64751114142,2.39590048554,"Ardley Island","Ardley Island","SSI","Roberts et al. (2017)"
"ARD","ARD1D",208,4349.91,4790.06,4607.28,4595.46,"Freshwater","Unit A6","ARD GZ 0","Non Guano",23.18898327185,0.88701416164,8.45727116402,6.58371703297,0.12391214864,2.4905011796,6.26817247931,2.50003633328,0.53959261785,0.8073617301,"Ardley Island","Ardley Island","SSI","Roberts et al. (2017)"
"ARD","ARD1D",210,4369.19,4817.08,4625.88,4615.73,"Freshwater","Unit A6","ARD GZ 0","Non Guano",20.63683957775,0.77314072197,7.59990074564,5.93855940164,0.12391214864,2.1347152968,7.11869987388,2.30715519184,0.54789404274,1.5056205237,"Ardley Island","Ardley Island","SSI","Roberts et al. (2017)"
"ARD","ARD1D",212,4399.88,4831.84,4644.93,4635.54,"Freshwater","Unit A6","ARD GZ 0","Non Guano",19.7534052221,0.72519401053,7.35115747611,5.72091586336,0.12391214864,2.020140182,7.26164565448,2.23297013744,0.44827694406,1.5710822856,"Ardley Island","Ardley Island","SSI","Roberts et al. (2017)"
"ARD","ARD1D",214,4421.24,4849.53,4663.55,4655.34,"Freshwater","Unit A6","ARD GZ 0","Non Guano",20.5573772283,0.73718068839,7.61048556562,5.84528359952,0.13165665793,2.0563217972,7.68333570725,2.41843277344,0.53129119296,1.65400051734,"Ardley Island","Ardley Island","SSI","Roberts et al. (2017)"
"ARD","ARD1D",216,4442.7,4868.93,4683.01,4675.2,"Freshwater","Unit A6","ARD GZ 0","Non Guano",20.62749106605,0.77314072197,7.63165520558,6.02406222025,0.13165665793,2.1347152968,7.18302547515,2.34424771904,0.47318121873,1.47943581894,"Ardley Island","Ardley Island","SSI","Roberts et al. (2017)"
"ARD","ARD1D",218,4465.58,4889.5,4702.28,4695.1,"Freshwater","Unit A6","ARD GZ 0","Non Guano",21.1089394186,0.7791340609,7.75867304534,6.08624608833,0.12391214864,2.1588363736,6.99719596037,2.40359576256,0.46487979384,1.30487112054,"Ardley Island","Ardley Island","SSI","Roberts et al. (2017)"
"ARD","ARD1D",220,4484.89,4911.09,4722.04,4714.99,"Freshwater","Unit A6","ARD GZ 0","Non Guano",19.2111915435,0.70721399374,7.15533830648,5.65873199528,0.13940116722,1.9839585668,7.92634353427,2.16620358848,0.43997551917,1.97694520938,"Ardley Island","Ardley Island","SSI","Roberts et al. (2017)"
"ARD","ARD1D",222,4511.67,4926.9,4740.3,4734.81,"Freshwater","Unit A6","ARD GZ 0","Non Guano",23.4086732968,0.81509409448,8.31437609429,6.218386808,0.12391214864,2.26135095,6.99004867134,2.66324345296,0.73882681521,1.24813759356,"Ardley Island","Ardley Island","SSI","Roberts et al. (2017)"
"ARD","ARD1D",224,4534.31,4942.65,4758.9,4754.62,"Freshwater","Unit A6","ARD GZ 0","Non Guano",19.77677650135,0.73718068839,7.30881819619,5.88414851707,0.13165665793,2.080442874,7.77625046464,2.16620358848,0.4980854934,1.91584756494,"Ardley Island","Ardley Island","SSI","Roberts et al. (2017)"
"ARD","ARD1D",226,4561.77,4962.57,4777.87,4774.56,"Freshwater","Unit A6","ARD GZ 0","Non Guano",21.98302526255,0.83307411127,7.98095426492,6.36607349469,0.12391214864,2.3095931036,6.61838964178,2.49261782784,0.59770259208,1.1346705396,"Ardley Island","Ardley Island","SSI","Roberts et al. (2017)"
"ARD","ARD1D",228,4591.61,4978.24,4796.86,4794.65,"Freshwater","Unit A6","ARD GZ 0","Non Guano",21.9129114248,0.83307411127,8.00741631487,6.35052752767,0.12391214864,2.3095931036,6.63268421984,2.44068828976,0.52298976807,1.14339877452,"Ardley Island","Ardley Island","SSI","Roberts et al. (2017)"
"ARD","ARD1D",230,4605.76,5001.97,4817.88,4814.73,"Freshwater","Unit A6","ARD GZ 0","Non Guano",18.8652966106,0.68324063802,7.07065974664,5.58100216018,0.13940116722,1.9055650672,8.37662274316,2.13652956672,0.45657836895,2.2256999046,"Ardley Island","Ardley Island","SSI","Roberts et al. (2017)"
"ARD","ARD1D",232,4639.18,5019.32,4838.13,4834.64,"Freshwater","Unit A6","ARD GZ 0","Non Guano",21.44081158395,0.79112073876,7.94919980498,6.03183520376,0.12391214864,2.2191390656,7.06866885067,2.39617725712,0.4980854934,1.27868641578,"Ardley Island","Ardley Island","SSI","Roberts et al. (2017)"
"ARD","ARD1D",234,4665.58,5036.55,4857.32,4854.56,"Freshwater","Unit A6","ARD GZ 0","Non Guano",20.68358213625,0.76714738304,7.62636279559,5.95410536866,0.13165665793,2.140745566,7.31167667769,2.29231818096,0.48978406851,1.5056205237,"Ardley Island","Ardley Island","SSI","Roberts et al. (2017)"
"ARD","ARD1D",236,4689.29,5054.31,4876.67,4874.47,"Freshwater","Unit A6","ARD GZ 0","Non Guano",23.20768029525,0.88102082271,8.50490285393,6.48266824734,0.12391214864,2.4603498336,6.42541283797,2.66324345296,0.52298976807,0.75499232058,"Ardley Island","Ardley Island","SSI","Roberts et al. (2017)"
"ARD","ARD1D",238,4714.16,5071.95,4896.48,4894.39,"Freshwater","Unit A6","ARD GZ 0","Non Guano",24.41363830455,0.89300750057,8.89654119319,6.59149001648,0.11616763935,2.5387433332,6.21099416707,2.7448470128,0.51468834318,0.40586292378,"Ardley Island","Ardley Island","SSI","Roberts et al. (2017)"
"ARD","ARD1D",240,4736.03,5094.54,4916.66,4914.31,"Freshwater","Unit A6","ARD GZ 0","Non Guano",24.42298681625,0.8990008395,8.88066396322,6.6847658186,0.11616763935,2.5206525256,6.16811043289,2.75968402368,0.52298976807,0.42331939362,"Ardley Island","Ardley Island","SSI","Roberts et al. (2017)"
"ARD","ARD1D",242,4764.56,5107.18,4935.11,4935.03,"Freshwater","Unit A6","ARD GZ 0","Non Guano",23.90881867275,0.88102082271,8.74835371347,6.5293061484,0.12391214864,2.472410372,6.48259115021,2.75968402368,0.51468834318,0.56297115234,"Ardley Island","Ardley Island","SSI","Roberts et al. (2017)"
"ARD","ARD1D",244,4793.39,5129.88,4954.62,4955.76,"Freshwater","Unit A6","ARD GZ 0","Non Guano",20.473240623,0.72519401053,7.85922883515,5.54213724263,0.13165665793,2.0382309896,7.79769233173,2.32199220272,0.47318121873,1.88966286018,"Ardley Island","Ardley Island","SSI","Roberts et al. (2017)"
"ARD","ARD1D",246,4820.84,5150.35,4972.96,4975.97,"Freshwater","Unit A6","ARD GZ 0","Non Guano",21.27253837335,0.72519401053,7.64224002556,5.65873199528,0.13940116722,1.9477769516,7.84057606591,2.43326978432,0.68071684098,2.0293146189,"Ardley Island","Ardley Island","SSI","Roberts et al. (2017)"
"ARD","ARD1D",248,4852.53,5167.49,4990.05,4995.67,"Freshwater","Unit A6","ARD GZ 0","Non Guano",20.52465743735,0.76115404411,7.61577797561,5.91524045111,0.13940116722,2.1347152968,7.90490166718,2.35908472992,0.45657836895,1.7674675713,"Ardley Island","Ardley Island","SSI","Roberts et al. (2017)"
"ARD","ARD1D",250,4873.69,5187.36,5008.96,5015.37,"Freshwater","Unit A6","ARD GZ 0","Non Guano",20.6976049038,0.74916736625,7.66870207551,5.96187835217,0.13165665793,2.0925034124,7.47606432538,2.32199220272,0.47318121873,1.6147234602,"Ardley Island","Ardley Island","SSI","Roberts et al. (2017)"
"ARD","ARD1D",253,4908.07,5214.18,5034.35,5041.63,"Freshwater","Unit A6","ARD GZ 0","Non Guano",22.49719340605,0.82708077234,8.29849886432,6.31166261012,0.12391214864,2.3397444496,6.99004867134,2.596476904,0.48148264362,1.01683936818,"Ardley Island","Ardley Island","SSI","Roberts et al. (2017)"
"ARD","ARD1D",254,4915.56,5224.23,5044.09,5050.39,"Freshwater","Unit A6","ARD GZ 0","Non Guano",23.9976295339,0.80910075555,8.53136490388,6.18729487396,0.12391214864,2.3276839112,6.94001764813,2.61873242032,0.7471282401,1.05175230786,"Ardley Island","Ardley Island","SSI","Roberts et al. (2017)"
"ARD","ARD1D",256,4933.16,5242.98,5060.19,5066.78,"Freshwater","Unit A6","ARD GZ 0","Non Guano",21.56234223605,0.79711407769,7.97036944494,6.16397592343,0.13165665793,2.2251693348,6.88998662492,2.41843277344,0.4980854934,1.21758877134,"Ardley Island","Ardley Island","SSI","Roberts et al. (2017)"
"ARD","ARD1D",258,4949.54,5261.49,5075.66,5082.06,"Freshwater","Unit A6","ARD GZ 0","Non Guano",20.1179971784,0.73118734946,7.52580700578,5.79864569846,0.13165665793,2.0563217972,7.41173872411,2.27748117008,0.50638691829,1.65400051734,"Ardley Island","Ardley Island","SSI","Roberts et al. (2017)"
"ARD","ARD1D",260,4960.39,5276.11,5090.61,5097.34,"Freshwater","Unit A6","ARD GZ 0","Non Guano",23.2404000862,0.85704746699,8.49431803395,6.40493841224,0.12391214864,2.4241682184,6.37538181476,2.60389540944,0.51468834318,0.6982587936,"Ardley Island","Ardley Island","SSI","Roberts et al. (2017)"
"ARD","ARD1D",262,4982.62,5293.86,5105.84,5113,"Freshwater","Unit A6","ARD GZ 0","Non Guano",22.33826870715,0.82708077234,8.18735825453,6.34275454416,0.13165665793,2.3276839112,6.7899245785,2.52971035504,0.50638691829,1.02993172056,"Ardley Island","Ardley Island","SSI","Roberts et al. (2017)"
"ARD","ARD1D",264,4999.06,5308.28,5122.85,5128.66,"Freshwater","Unit A6","ARD GZ 0","Non Guano",23.2590971096,0.84506078913,8.55253454384,6.35052752767,0.12391214864,2.4060774108,6.48259115021,2.65582494752,0.50638691829,0.69389467614,"Ardley Island","Ardley Island","SSI","Roberts et al. (2017)"
"ARD","ARD1D",266,5016.13,5326.31,5138.37,5144.18,"Freshwater","Unit A6","ARD GZ 0","Non Guano",24.00230378975,0.86903414485,8.82773986332,6.45934929681,0.11616763935,2.4603498336,6.39682368185,2.73742850736,0.50638691829,0.48878115552,"Ardley Island","Ardley Island","SSI","Roberts et al. (2017)"
"ARD","ARD1D",268,5033.03,5340.34,5154.33,5159.54,"Freshwater","Unit A6","ARD GZ 0","Non Guano",22.19804103165,0.82108743341,8.14501897461,6.24947874204,0.12391214864,2.3095931036,6.61124235275,2.53712886048,0.48148264362,0.93392113644,"Ardley Island","Ardley Island","SSI","Roberts et al. (2017)"
"ARD","ARD1D",270,5043.89,5358.99,5171.03,5174.9,"Freshwater","Unit A6","ARD GZ 0","Non Guano",23.3806277617,0.8390674502,8.5207800839,6.31166261012,0.12391214864,2.3095931036,6.72559897723,2.75226551824,0.5810997423,0.90337231422,"Ardley Island","Ardley Island","SSI","Roberts et al. (2017)"
"ARD","ARD1D",272,5065,5375.74,5185.54,5190.37,"Freshwater","Unit A6","ARD GZ 0","Non Guano",21.78670651685,0.82708077234,7.91215293505,6.39716542873,0.13165665793,2.2734114884,7.08296342873,2.58905839856,0.44827694406,1.24813759356,"Ardley Island","Ardley Island","SSI","Roberts et al. (2017)"
"ARD","ARD1D",274,5079.12,5395.82,5199.85,5205.85,"Freshwater","Unit A6","ARD GZ 0","Non Guano",22.02041930935,0.82708077234,7.96507703495,6.25725172555,0.13165665793,2.2191390656,6.76848271141,2.66324345296,0.52298976807,1.13903465706,"Ardley Island","Ardley Island","SSI","Roberts et al. (2017)"
"ARD","ARD1D/E",276,5096.91,5412.11,5214.76,5221.39,"Freshwater","Unit A6","ARD GZ 0","Non Guano",23.1188694341,0.86304080592,8.40434706412,6.48266824734,0.12391214864,2.3578352572,6.51118030633,2.71517299104,0.50638691829,0.8291823174,"Ardley Island","Ardley Island","SSI","Roberts et al. (2017)"
"ARD","ARD1D/E",278,5113.04,5425.95,5230.62,5236.99,"Freshwater","Unit A6","ARD GZ 0","Non Guano",23.72184843875,0.84506078913,8.45197875403,6.35052752767,0.13165665793,2.3397444496,6.62553693081,2.70033598016,0.63090829164,0.92519290152,"Ardley Island","Ardley Island","SSI","Roberts et al. (2017)"
"ARD","ARD1D/E",280,5128.03,5445.01,5246.38,5252.6,"Freshwater","Unit A6","ARD GZ 0","Non Guano",22.7449289661,0.84506078913,8.35671537421,6.34275454416,0.12391214864,2.3638655264,6.63268421984,2.65582494752,0.50638691829,0.82481819994,"Ardley Island","Ardley Island","SSI","Roberts et al. (2017)"
"ARD","ARD1D/E",282,5147.95,5472.12,5270.67,5276.21,"Freshwater","Unit A6","ARD GZ 0","Non Guano",21.27253837335,0.76714738304,7.87510606512,6.07847310482,0.13165665793,2.080442874,7.08296342873,2.411014268,0.46487979384,1.49252817132,"Ardley Island","Ardley Island","SSI","Roberts et al. (2017)"
"ARD","ARD1D/E",284,5167.43,5507.77,5290.12,5299.82,"Freshwater","Unit A5","ARD GZ 0","Non Guano",17.2106100397,0.51542714798,5.75284965913,5.16126105064,0.13940116722,1.296507878,8.91981670944,1.46144557168,0.36526269516,2.63156282838,"Ardley Island","Ardley Island","SSI","Roberts et al. (2017)"
"ARD","ARD1E",286,5185.29,5541.04,5313.38,5324.79,"Freshwater","Unit A5","ARD GZ 0","Non Guano",15.98128075115,0.38357369152,5.81106616902,4.09636230977,0.11616763935,0.7718744576,5.96798634005,1.34274948464,0.48148264362,3.04178986962,"Ardley Island","Ardley Island","SSI","Roberts et al. (2017)"
"ARD","ARD1E",288,5204.91,5575.8,5340.51,5351.11,"Freshwater","Unit A5","ARD GZ 0","Non Guano",12.23252755945,0.31764696329,5.30299480998,4.01085949116,0.17812371367,0.7356928424,8.98414231071,1.23889040848,0.44827694406,4.32920452032,"Ardley Island","Ardley Island","SSI","Roberts et al. (2017)"
"ARD","ARD1E",290,5217.64,5625.71,5365.31,5377.43,"Freshwater","Unit A5","ARD GZ 0","Non Guano",14.17701799305,0.38357369152,5.58878494944,3.36570185983,0.14714567651,0.7477533808,8.45524292249,1.47628258256,0.52298976807,4.48194863142,"Ardley Island","Ardley Island","SSI","Roberts et al. (2017)"
"ARD","ARD1E",294,5268.09,5766.46,5449.3,5464.82,"Freshwater","Unit A5","ARD GZ 0","Non Guano",16.1168341708,0.44950041975,6.32972234804,5.14571508362,0.13940116722,1.0914787252,6.53976946245,1.55046763696,0.54789404274,2.8584969363,"Ardley Island","Ardley Island","SSI","Roberts et al. (2017)"
"ARD","ARD1E",300,5352.67,6007.92,5580.9,5604.39,"Freshwater","Unit A5","ARD GZ 2","Guano",22.3522914747,0.90499417843,8.20852789449,6.66144686807,0.13165665793,2.4603498336,5.98942820714,2.35908472992,0.46487979384,0.9601058412,"Ardley Island","Ardley Island","SSI","Roberts et al. (2017)"
"ARD","ARD1E",302,5396.41,6067.28,5625.1,5649,"Freshwater","Unit A5","ARD GZ 2","Guano",18.76713723775,0.49145379226,6.52024910768,4.67156308951,0.13165665793,1.2181143784,5.76786224721,1.60239717504,0.51468834318,2.25188460936,"Ardley Island","Ardley Island","SSI","Roberts et al. (2017)"
"ARD","ARD1E",304,5423.58,6117.13,5669.53,5693.62,"Freshwater","Unit A5","ARD GZ 2","Guano",16.88808638605,0.40754704724,5.85340544894,3.76989700235,0.1548901858,0.9166009184,7.01149053843,1.39467902272,0.47318121873,3.19016986326,"Ardley Island","Ardley Island","SSI","Roberts et al. (2017)"
"ARD","ARD1E",310,5547.86,6390.4,5843.74,5870.86,"Freshwater","Unit A4","ARD GZ 0","Non Guano",25.03998858845,0.92896753415,9.05531349289,6.77026863721,0.11616763935,2.6050762944,5.77500953624,2.88579861616,0.54789404274,0.1745646984,"Ardley Island","Ardley Island","SSI","Roberts et al. (2017)"
"ARD","ARD1E",312,5632.53,6522.87,5984.52,6007.42,"Freshwater","Unit A4","ARD GZ 0","Non Guano",24.9418292156,0.94095421201,8.997096983,6.86354443933,0.11616763935,2.623167102,5.74642038012,2.84128758352,0.55619546763,0.19202116824,"Ardley Island","Ardley Island","SSI","Roberts et al. (2017)"
"ARD","ARD1E",314,5683.19,6755.91,6112.2,6143.97,"Freshwater","Unit A4","ARD GZ 0","Non Guano",24.6894193997,0.94694755094,8.87537155323,6.9179553239,0.11616763935,2.6291973712,5.52485442019,2.78193954,0.56449689252,0.22256999046,"Ardley Island","Ardley Island","SSI","Roberts et al. (2017)"
"ARD","ARD1E",316,5769.96,6947.48,6245.41,6277.85,"Freshwater","Unit A4","ARD GZ 0","Non Guano",24.32950169925,0.93496087308,8.76423094344,6.86354443933,0.11616763935,2.623167102,5.54629628728,2.73001000192,0.55619546763,0.24439057776,"Ardley Island","Ardley Island","SSI","Roberts et al. (2017)"
"ARD","ARD1E",318,5855.86,7060.14,6390.66,6409.04,"Freshwater","Unit A4","ARD GZ 0","Non Guano",23.31051392395,0.8990008395,8.35671537421,6.71585775264,0.12391214864,2.5085919872,5.56059086534,2.58163989312,0.55619546763,0.50623762536,"Ardley Island","Ardley Island","SSI","Roberts et al. (2017)"
"ARD","ARD1E",320,5918.01,7255.63,6524.45,6540.23,"Freshwater","Unit A3","ARD GZ 1","Guano",15.5372264454,0.40754704724,5.99630051867,4.53164938633,0.20910175083,1.0130852256,6.65412608693,1.43919005536,0.58940116719,2.95014340296,"Ardley Island","Ardley Island","SSI","Roberts et al. (2017)"
"ARD","ARD1E",322,6074.5,7354.44,6660.26,6680.78,"Freshwater","Unit A3","ARD GZ 1","Guano",10.4983786391,0.32364030222,4.51971813146,3.90981070553,0.24782429728,0.874389034,8.2193823845,1.0385907616,0.4150712445,3.63530984418,"Ardley Island","Ardley Island","SSI","Roberts et al. (2017)"
"ARD","ARD1E",324,6173.24,7505.01,6811.97,6821.33,"Freshwater","Unit A3","ARD GZ 1","Guano",15.04642958115,0.52142048691,5.64170904934,5.7520077974,0.19361273225,1.2784170704,6.26102519028,1.669163724,0.57279831741,2.18642284746,"Ardley Island","Ardley Island","SSI","Roberts et al. (2017)"
"ARD","ARD1E",326,6293.88,7644.08,6946.97,6954.91,"Freshwater","Unit A2","ARD GZ 0","Non Guano",24.12383444185,0.86903414485,8.55782695383,6.74694968668,0.11616763935,2.321653642,4.99595503197,2.71517299104,0.57279831741,0.29239586982,"Ardley Island","Ardley Island","SSI","Roberts et al. (2017)"
"ARD","ARD1E",328,6407.52,7719.08,7085.29,7081.51,"Freshwater","Unit A2","ARD GZ 0","Non Guano",25.85330910635,0.99489426238,8.52607249389,7.08896096112,0.12391214864,2.0623520664,4.11683848128,3.08609826304,0.75542966499,0.20947763808,"Ardley Island","Ardley Island","SSI","Roberts et al. (2017)"
"ARD","ARD1E",330,6479.9,7864.61,7219.31,7208.11,"Freshwater","Unit A2","ARD GZ 0","Non Guano",25.46067161495,1.04883431275,8.40963947411,7.46983715311,0.12391214864,2.231199604,4.45990835472,3.10093527392,0.68901826587,0.13965175872,"Ardley Island","Ardley Island","SSI","Roberts et al. (2017)"
"ARD","ARD1E",332,6668.76,7920.22,7356.43,7339.48,"Freshwater","Unit A2","ARD GZ 0","Non Guano",25.74112696595,1.04883431275,8.467855984,7.48538312013,0.13165665793,2.26135095,4.61000142435,3.13802780112,0.69731969076,0.1527441111,"Ardley Island","Ardley Island","SSI","Roberts et al. (2017)"
"ARD","ARD1E",334,6784.53,8007.27,7500.44,7470.86,"Freshwater","Unit A2","ARD GZ 0","Non Guano",25.18956477565,1.10876770205,8.55253454384,7.83516737808,0.13165665793,2.321653642,5.13175352354,3.152864812,0.58940116719,0.16147234602,"Ardley Island","Ardley Island","SSI","Roberts et al. (2017)"
"ARD","ARD1E",336,6956.85,8094.53,7631.91,7600.48,"Freshwater","Unit A2","ARD GZ 0","Non Guano",25.2970726602,1.1387343967,8.58958141377,8.02171898232,0.13940116722,2.321653642,5.23896285899,3.17512032832,0.57279831741,0.15710822856,"Ardley Island","Ardley Island","SSI","Roberts et al. (2017)"
"ARD","ARD1E",338,7125.43,8154.78,7760.28,7728.34,"Freshwater","Unit A2","ARD GZ 0","Non Guano",25.87200612975,1.07280766847,8.53665731387,7.5397940047,0.13940116722,2.140745566,4.84586196234,3.39767549152,0.67241541609,0.13965175872,"Ardley Island","Ardley Island","SSI","Roberts et al. (2017)"
"ARD","ARD1E",340,7242.46,8261.17,7900.52,7856.21,"Freshwater","Unit A2","ARD GZ 0","Non Guano",25.4653458708,1.09078768526,8.68484479359,7.68748069139,0.13165665793,2.3698957956,5.33187761638,3.21221285552,0.5810997423,0.14401587618,"Ardley Island","Ardley Island","SSI","Roberts et al. (2017)"
"ARD","ARD1E",342,7564.61,8289.22,8008.15,7987.21,"Freshwater","Unit A2","ARD GZ 0","Non Guano",24.7455104699,1.1387343967,8.53136490388,8.75237943226,0.13940116722,2.3638655264,5.31043574929,3.17512032832,0.52298976807,0.14401587618,"Ardley Island","Ardley Island","SSI","Roberts et al. (2017)"
"ARD","ARD1E",344,7819.83,8332.49,8129.79,8118.21,"Freshwater","Unit A2","ARD GZ 0","Non Guano",25.2970726602,1.10277436312,8.64779792366,7.58643190576,0.13165665793,2.321653642,5.26755201511,3.21963136096,0.57279831741,0.13528764126,"Ardley Island","Ardley Island","SSI","Roberts et al. (2017)"
"ARD","ARD1E",346,8035.06,8395.39,8245.03,8241.61,"Freshwater","Unit A2","ARD GZ 0","Non Guano",24.0911146509,0.50943380905,9.4204897822,5.48772635806,0.06195607432,1.7427477988,2.36575266893,1.9288114144,0.71392254054,0.10473881904,"Ardley Island","Ardley Island","SSI","Roberts et al. (2017)"
"ARD","ARD1E",348,8170.38,8537.64,8362.89,8357.39,"Freshwater","Unit A1","ARD GZ 0","Non Guano",24.65669960875,0.56337385942,10.46309455023,6.59926299999,0.06970058361,2.2854720268,2.46581471535,1.87688187632,0.68071684098,0.09601058412,"Ardley Island","Ardley Island","SSI","Roberts et al. (2017)"
"ARD","ARD1E",350,8231.4,8852.84,8449.26,8473.18,"Freshwater","Unit A1","ARD GZ 0","Non Guano",24.3528729785,0.55138718156,10.23552092066,7.22110168079,0.0774450929,2.3879866032,2.72311712043,1.77302280016,0.63090829164,0.08291823174,"Ardley Island","Ardley Island","SSI","Roberts et al. (2017)"
"ARD","ARD1E",352,8288.7,8999.32,8551.12,8574.24,"Freshwater","Unit A1","ARD GZ 0","Non Guano",24.7829045167,0.65327394337,10.02911693105,7.43874521907,0.08518960219,2.3276839112,3.34493126604,2.16620358848,0.63920971653,0.09164646666,"Ardley Island","Ardley Island","SSI","Roberts et al. (2017)"
"ARD","ARD1E",354,8329.31,9220.93,8635.36,8675.31,"Freshwater","Unit A1","ARD GZ 0","Non Guano",24.7081164231,0.54539384263,10.21964369069,7.32215046642,0.0774450929,2.3578352572,2.94468308036,1.85462636,0.65581256631,0.07855411428,"Ardley Island","Ardley Island","SSI","Roberts et al. (2017)"
"ARD","ARD1E",356,8388.22,9397.95,8732.89,8776.18,"Freshwater","Unit A1","ARD GZ 0","Non Guano",25.6710131282,0.54539384263,10.34136912046,7.3843343345,0.0774450929,2.3879866032,2.83032645588,2.0029964688,0.75542966499,0.08291823174,"Ardley Island","Ardley Island","SSI","Roberts et al. (2017)"
"ARD","ARD1E",358,8444.06,9557.1,8834.44,8876.85,"Freshwater","Unit A1","ARD GZ 0","Non Guano",24.65669960875,0.5394005037,10.10321067091,7.31437748291,0.0774450929,2.3638655264,2.95183036939,1.85462636,0.64751114142,0.07855411428,"Ardley Island","Ardley Island","SSI","Roberts et al. (2017)"
