Record,strat_depth,SH20_age,Group,Guano_Zone,Guano_Sum,cln_P2O5_TiO2,cln_CaO_TiO2,cln_Cu_TiO2,cln_Zn_TiO2,cln_Sr_TiO2,cln_P_Ti,cln_Ca_Ti,cln_Cu_Ti,cln_Zn_Ti,cln_Sr_Ti,cln_P_Ti_CS,cln_Ca_Ti_CS,cln_Cu_Ti_CS,cln_Zn_Ti_CS,cln_Sr_Ti_CS,Plot_order
,cm,cal a BP,NA,NA,NA,NA,NA,NA,NA,NA,NA,NA,NA,NA,NA,NA,NA,NA,NA,NA,NA
ARD,13,1286,Unit 12,ARD GZ 5,Guano,0.964494665,0.03340639,0.658355084,0.30324396,0.491622197,0.964494665,0.03340639,0.658355084,0.30324396,0.491622197,-0.585272865,-0.646057512,-1.592542679,-1.496146146,-1.485349739,3
ARD,15,1609,Unit 12,ARD GZ 5,Guano,0.505215982,-0.157846763,0.099152047,0.260016772,0.149357382,0.505215982,-0.157846763,0.099152047,0.260016772,0.149357382,1.050132991,0.508844139,1.032740661,1.107657438,0.413160554,3
ARD,17,1783,Unit 12,ARD GZ 5,Guano,1.839577749,0.683075532,1.587312507,1.501986641,1.318503713,1.839577749,0.683075532,1.587312507,1.501986641,1.318503713,0.842347303,0.693707207,1.163648819,1.126399399,0.542386587,3
ARD,19,1958,Unit 12,ARD GZ 5,Guano,1.348161599,0.152899872,1.133559068,0.937748849,0.809985762,1.348161599,0.152899872,1.133559068,0.937748849,0.809985762,1.799692188,1.10946519,1.509772425,1.689576165,1.149240679,3
ARD,21,2084,Unit 12,ARD GZ 5,Guano,1.538478003,0.343124642,1.356697986,1.173439328,0.988987141,1.538478003,0.343124642,1.356697986,1.173439328,0.988987141,1.163096403,1.040849183,1.542693255,1.646954049,1.04668301,3
ARD,23,2163,Unit 12,ARD GZ 5,Guano,,,,,,,,,,,0.835698819,-0.211616201,0.769527827,0.496223369,0.248379906,3
ARD,25,2243,Unit 12,ARD GZ 5,Guano,1.229198598,0.229688747,0.862681649,0.997878058,0.738177379,1.229198598,0.229688747,0.862681649,0.997878058,0.738177379,1.859464665,1.023570663,1.662522767,1.610283966,0.952379706,3
ARD,27,2303,Unit 12,ARD GZ 5,Guano,0.707900718,-0.052326971,0.267146882,0.263602976,0.195461584,0.707900718,-0.052326971,0.267146882,0.263602976,0.195461584,0.89103687,0.09927951,0.180949975,0.169598736,-0.191078377,3
ARD,29,2363,Unit 12,ARD GZ 5,Guano,0.502652445,-0.14726046,0.163053225,-0.056624475,0.072683799,0.502652445,-0.14726046,0.163053225,-0.056624475,0.072683799,0.671006752,0.244557049,0.332010296,0.328991618,-0.011357144,3
ARD,31,2424,Unit 12,ARD GZ 5,Guano,0.523630403,-0.159606667,0.131784918,0.143850779,0.079939164,0.523630403,-0.159606667,0.131784918,0.143850779,0.079939164,0.187033221,-0.052337758,-0.007389355,-0.094978925,-0.294993171,3
ARD,33,2487,Unit 12,ARD GZ 5,Guano,0.630114886,-0.12057068,0.162900312,0.193958044,0.096016681,0.630114886,-0.12057068,0.162900312,0.193958044,0.096016681,0.570442101,0.145991728,0.191399777,0.139237273,-0.176314313,3
ARD,35,2549,Unit  11,ARD GZ 0,Non Guano,0.132162346,-0.306444151,-0.3416143,-0.377459869,-0.151923563,0.132162346,-0.306444151,-0.3416143,-0.377459869,-0.151923563,-0.105547049,-0.117353066,-0.467376227,-0.202190993,-0.505416526,2
ARD,37,2606,Unit  11,ARD GZ 0,Non Guano,0.045662917,-0.337158564,-0.320938509,-0.543961291,-0.189317512,0.045662917,-0.337158564,-0.320938509,-0.543961291,-0.189317512,-0.091280174,-0.341447336,-0.706808945,-0.839492222,-0.789101696,2
ARD,39,2663,Unit  11,ARD GZ 0,Non Guano,-0.019140874,-0.300858088,-0.268884018,-0.259899823,-0.176523848,-0.019140874,-0.300858088,-0.268884018,-0.259899823,-0.176523848,-0.022739649,-0.379895367,-0.766926659,-0.861941745,-0.770096483,2
ARD,41,2706,Unit  11,ARD GZ 0,Non Guano,0.10485639,-0.300497734,-0.193247543,-0.202471806,-0.145165901,0.10485639,-0.300497734,-0.193247543,-0.202471806,-0.145165901,-0.075753029,-0.065045054,-0.020154678,-0.201197143,-0.424707789,2
ARD,43,2736,Unit  11,ARD GZ 0,Non Guano,0.812565581,-0.015228506,0.40129439,0.375459055,0.262674029,0.812565581,-0.015228506,0.40129439,0.375459055,0.262674029,1.021857757,0.271885985,0.247081034,0.148180427,-0.233426003,2
ARD,45,2766,Unit  11,ARD GZ 0,Non Guano,0.531463102,-0.145669817,0.171575453,0.091367244,0.106112778,0.531463102,-0.145669817,0.171575453,0.091367244,0.106112778,0.710517161,0.252236632,0.295036729,0.252120926,-0.010005388,2
ARD,47,2789,Unit  11,ARD GZ 0,Non Guano,1.198109517,0.293548732,0.742548217,0.816162303,0.6238712,1.198109517,0.293548732,0.742548217,0.816162303,0.6238712,0.313525442,-0.17384409,-0.367027616,-0.386358159,-0.345221282,2
ARD,49,2811,Unit  11,ARD GZ 0,Non Guano,0.585396007,-0.099171145,0.08943841,0.108641617,0.112250632,0.585396007,-0.099171145,0.08943841,0.108641617,0.112250632,0.614363267,0.481893748,0.678571617,0.617136008,0.155701505,2
ARD,51,2830,Unit  11,ARD GZ 0,Non Guano,-0.03053711,-0.261094659,-0.521088363,-0.459622024,-0.152050992,-0.03053711,-0.261094659,-0.521088363,-0.459622024,-0.152050992,-0.060838558,-0.146910631,-0.628334369,-0.511961406,-0.430394792,2
ARD,53,2846,Unit  11,ARD GZ 0,Non Guano,-0.14383747,-0.279374436,-0.636984069,-0.503544231,-0.213742669,-0.14383747,-0.279374436,-0.636984069,-0.503544231,-0.213742669,0.166867551,-0.278642651,-1.123481847,-0.691752631,-0.554698614,2
ARD,55,2862,Unit  11,ARD GZ 0,Non Guano,-1.258179298,-0.445825512,-1.742387754,-1.150524619,-0.620416489,-1.258179298,-0.445825512,-1.742387754,-1.150524619,-0.620416489,-0.650991915,-0.362621042,-1.245014481,-0.93188588,-0.790685312,2
ARD,57,2876,Unit  11,ARD GZ 0,Non Guano,0.092610569,-0.197265903,-0.37630793,-0.283279338,-0.049688375,0.092610569,-0.197265903,-0.37630793,-0.283279338,-0.049688375,-0.433034265,-0.297400538,-0.917756716,-0.857676073,-0.759399921,2
ARD,59,2890,Unit  11,ARD GZ 0,Non Guano,-0.473673643,-0.336173468,-0.992395773,-0.721182991,-0.309464317,-0.473673643,-0.336173468,-0.992395773,-0.721182991,-0.309464317,-1.55651462,-0.270934652,-0.784283575,-0.849096206,-0.757477971,2
ARD,61.3,2907,Unit  11,ARD GZ 0,Non Guano,0.909559283,0.085699475,0.427750302,0.570656725,0.541230067,0.909559283,0.085699475,0.427750302,0.570656725,0.541230067,,-0.153967309,-0.030477129,-0.164927451,0.513301525,2
ARD,64.5,2930,Unit  11,ARD GZ 0,Non Guano,,,,,,,,,,,1.314402639,0.83528017,1.474051318,1.518986575,1.304675078,2
ARD,67.6,2953,Unit 10,ARD GZ 4,Guano,1.997803133,0.916353695,1.748076315,1.831804411,1.512694339,1.997803133,0.916353695,1.748076315,1.831804411,1.512694339,1.675070792,0.7553249,1.499147395,1.464632493,1.45155124,4
ARD,70.8,2977,Unit 10,ARD GZ 4,Guano,1.997152975,0.886956503,1.810922848,1.809352434,1.485557798,1.997152975,0.886956503,1.810922848,1.809352434,1.485557798,1.562242183,1.055244235,1.520255511,1.454131662,1.055174863,4
ARD,74,3001,Unit 10,ARD GZ 4,Guano,1.884335449,0.812458441,1.65002001,1.74199365,1.422582999,1.884335449,0.812458441,1.65002001,1.74199365,1.422582999,1.18345904,0.913553651,1.387944171,1.296586265,0.94379897,4
ARD,77.1,3027,Unit 10,ARD GZ 4,Guano,1.747047986,0.708083589,1.557852689,1.655728081,1.284725355,1.747047986,0.708083589,1.557852689,1.655728081,1.284725355,2.727071942,1.128753648,2.009863843,2.271739911,2.606246431,4
ARD,80.3,3054,Unit 10,ARD GZ 4,Guano,2.096202995,0.981895463,1.826650046,1.982113883,1.574342162,2.096202995,0.981895463,1.826650046,1.982113883,1.574342162,0.091509286,0.983966834,1.713925863,2.007888047,2.137812123,4
ARD,83.5,3081,Unit 10,ARD GZ 4,Guano,2.129687138,1.03932338,1.884289072,2.111126919,1.581968347,2.129687138,1.03932338,1.884289072,2.111126919,1.581968347,1.870658248,1.473384239,2.966116303,3.419713367,4.109892938,4
ARD,86.6,3108,Unit 10,ARD GZ 4,Guano,1.849921667,0.817619583,1.583920933,1.60638017,1.323724622,1.849921667,0.817619583,1.583920933,1.60638017,1.323724622,1.913217862,1.183233861,1.802564075,1.921489955,1.832129932,4
ARD,89.8,3136,Unit 10,ARD GZ 4,Guano,1.943285751,0.915581024,1.711943004,1.777419786,1.378252272,1.943285751,0.915581024,1.711943004,1.777419786,1.378252272,-0.267739461,0.721082616,1.254905308,1.188211541,1.145229861,4
ARD,92.9,3163,Unit 10,ARD GZ 4,Guano,2.001029234,0.971770262,1.841160506,1.973854354,1.454467211,2.001029234,0.971770262,1.841160506,1.973854354,1.454467211,0.61414293,0.60707647,1.31513288,1.13034958,1.150125703,4
ARD,96.1,3191,Unit 10,ARD GZ 4,Guano,2.389055223,1.326581122,2.178981361,2.25625937,1.875518719,2.389055223,1.326581122,2.178981361,2.25625937,1.875518719,2.032000527,1.636286213,2.130342364,2.083944777,1.917124219,4
ARD,99.3,3219,Unit 10,ARD GZ 4,Guano,2.089018898,0.973101821,1.843821852,1.853953822,1.546926744,2.089018898,0.973101821,1.843821852,1.853953822,1.546926744,1.794672341,1.416227674,1.920914359,1.770233484,1.442300885,4
ARD,102.4,3246,Unit 10,ARD GZ 4,Guano,2.004059737,0.895963055,1.824733464,1.80498141,1.494010933,2.004059737,0.895963055,1.824733464,1.80498141,1.494010933,1.671648926,1.186119533,1.70638618,1.654557889,1.179158524,4
ARD,105.6,3274,Unit 10,ARD GZ 4,Guano,1.886896469,0.917452006,1.603465655,1.635713002,1.37835489,1.886896469,0.917452006,1.603465655,1.635713002,1.37835489,1.138985502,1.078145261,1.578778701,1.464867833,1.067318994,4
ARD,108.7,3301,Unit 10,ARD GZ 4,Guano,1.784829115,0.824505057,1.490915842,1.600835766,1.326305934,1.784829115,0.824505057,1.490915842,1.600835766,1.326305934,1.294507799,0.988675612,1.160398879,1.152838533,0.904620409,4
ARD,111.9,3329,Unit 9,ARD GZ 4,Guano,1.261371713,0.488749952,0.840247885,0.93895788,0.844111992,1.261371713,0.488749952,0.840247885,0.93895788,0.844111992,0.287438233,0.440253929,0.794724934,0.788581117,0.281363111,4
ARD,115.1,3357,Unit 9,ARD GZ 4,Guano,1.019797949,0.360084028,0.662521694,0.694996426,0.638106174,1.019797949,0.360084028,0.662521694,0.694996426,0.638106174,1.012112991,0.525559439,0.333447783,0.329527508,0.254382652,4
ARD,118.2,3385,Unit 9,ARD GZ 4,Guano,0.92374197,0.300030264,0.5503813,0.59185914,0.585542289,0.92374197,0.300030264,0.5503813,0.59185914,0.585542289,0.169623491,0.08275848,-0.485708594,-0.558228916,-0.434650265,4
ARD,121.4,3416,Unit 9,ARD GZ 4,Guano,0.70504079,0.164624826,0.444246243,0.459157056,0.456826086,0.70504079,0.164624826,0.444246243,0.459157056,0.456826086,0.093956346,0.172717283,0.314059617,0.32220138,0.150204305,4
ARD,124.5,3451,Unit 9,ARD GZ 4,Guano,0.589657497,0.127392112,0.243839397,0.462840149,0.380707186,0.589657497,0.127392112,0.243839397,0.462840149,0.380707186,-0.134527192,0.231670627,0.159709461,-0.101549255,0.113938828,4
ARD,127.7,3486,Unit 9,ARD GZ 4,Guano,0.547215812,0.111205137,0.237000795,0.393438776,0.337824712,0.547215812,0.111205137,0.237000795,0.393438776,0.337824712,0.574670159,0.323865991,0.099201937,0.084229436,0.122606422,4
ARD,130.9,3520,Unit 9,ARD GZ 4,Guano,0.500726485,0.079519324,0.14012989,0.281060401,0.271155697,0.500726485,0.079519324,0.14012989,0.281060401,0.271155697,-0.129288682,0.18275947,0.00860454,0.23255916,0.321569231,4
ARD,134,3554,Unit 9,ARD GZ 4,Guano,0.623477173,0.16051616,0.315652487,0.431134207,0.4617934,0.623477173,0.16051616,0.315652487,0.431134207,0.4617934,0.448900353,0.211340988,-0.441388029,-0.209994582,-0.168971438,4
ARD,137.2,3588,Unit 9,ARD GZ 4,Guano,0.42160802,0.067009592,0.188813851,0.299984962,0.280171566,0.42160802,0.067009592,0.188813851,0.299984962,0.280171566,0.645851356,0.198193796,-0.165507283,0.038513312,-0.235722584,4
ARD,140.4,3623,Unit 9,ARD GZ 4,Guano,0.733604021,0.199120963,0.499562384,0.511766835,0.3978448,0.733604021,0.199120963,0.499562384,0.511766835,0.3978448,0.780749973,0.481058828,0.516676214,0.276718549,0.194220092,4
ARD,143.5,3657,Unit 9,ARD GZ 4,Guano,0.949337822,0.367755709,0.627295849,0.583382442,0.678210265,0.949337822,0.367755709,0.627295849,0.583382442,0.678210265,-0.620711074,0.454136348,0.433553308,0.482731105,0.12010854,4
ARD,146.7,3696,Unit 9,ARD GZ 4,Guano,0.510888955,0.138965098,0.155774684,0.171591575,0.320594647,0.510888955,0.138965098,0.155774684,0.171591575,0.320594647,0.384652521,0.414435504,-0.003740075,3.98E-05,-0.054258177,4
ARD,149.8,3736,Unit 9,ARD GZ 4,Guano,0.421344114,0.11135355,0.075741021,0.078976802,0.230818153,0.421344114,0.11135355,0.075741021,0.078976802,0.230818153,0.895527016,0.326721203,-0.167826004,-0.293441685,-0.288922103,4
ARD,151,3751,Unit 9,ARD GZ 4,Guano,0.15907232,0.021811114,-0.061007938,-0.156470183,0.064723111,0.15907232,0.021811114,-0.061007938,-0.156470183,0.064723111,-1.040383944,0.074608697,-0.466801349,-0.552084931,-0.240260423,4
ARD,153,3777,Unit 9,ARD GZ 4,Guano,0.517029494,0.146579329,0.162707829,0.182348816,0.332670279,0.517029494,0.146579329,0.162707829,0.182348816,0.332670279,0.318378749,-0.182086499,-1.054120287,-0.883493357,-0.720984923,4
ARD,155,3802,Unit 9,ARD GZ 4,Guano,-0.758245587,-0.202819897,-0.803890439,-0.768326608,-0.361635013,-0.758245587,-0.202819897,-0.803890439,-0.768326608,-0.361635013,-0.665839271,-0.269889216,-1.246068514,-1.347946238,-0.87732636,4
ARD,157,3833,Unit 9,ARD GZ 4,Guano,-1.319266585,-0.318264737,-1.126879654,-1.017868291,-0.556426181,-1.319266585,-0.318264737,-1.126879654,-1.017868291,-0.556426181,-0.839622319,-0.428938347,-1.609924127,-1.535355089,-0.921694018,4
ARD,159,3864,Unit 8,ARD GZ 0,Non Guano,-1.819365009,-0.368439149,-1.255747067,-1.182428621,-0.640079873,-1.819365009,-0.368439149,-1.255747067,-1.182428621,-0.640079873,-1.242155061,-0.347070189,-2.005253956,-1.732011502,-1.136887193,2
ARD,161,3898,Unit 8,ARD GZ 0,Non Guano,-2.08835521,-0.292707403,-1.420764896,-1.225294642,-0.612256133,-2.08835521,-0.292707403,-1.420764896,-1.225294642,-0.612256133,-0.161191478,-0.349927581,-2.365548414,-1.775001206,-1.265846193,2
ARD,163,3936,Unit 8,ARD GZ 0,Non Guano,-1.870425788,-0.236804672,-1.457352635,-1.22522489,-0.599105688,-1.870425788,-0.236804672,-1.457352635,-1.22522489,-0.599105688,-1.448681916,-0.325602765,-2.625503604,-1.789474022,-1.424763375,2
ARD,165,3974,Unit 8,ARD GZ 0,Non Guano,-2.173779713,-0.324593012,-1.53464431,-1.293736877,-0.643052768,-2.173779713,-0.324593012,-1.53464431,-1.293736877,-0.643052768,-1.23689782,-0.476027085,-2.243074481,-1.707134901,-1.438959712,2
ARD,167,4012,Unit 8,ARD GZ 0,Non Guano,-1.453545173,-0.599794423,-1.327004945,-1.155777432,-0.89328928,-1.453545173,-0.599794423,-1.327004945,-1.155777432,-0.89328928,-1.142034641,-0.384412778,-2.306144294,-1.825761042,-1.429987855,2
ARD,169,4051,Unit 8,ARD GZ 0,Non Guano,-2.30152326,-0.397132356,-1.407236635,-1.277249148,-0.722716616,-2.30152326,-0.397132356,-1.407236635,-1.277249148,-0.722716616,-0.474821332,-0.337560512,-1.844056031,-1.798640977,-1.382569958,2
ARD,171,4089,Unit 8,ARD GZ 0,Non Guano,-2.272997476,-0.367336054,-1.489988227,-1.285320879,-0.686837918,-2.272997476,-0.367336054,-1.489988227,-1.285320879,-0.686837918,-1.552231959,-0.451748615,-1.855106243,-1.731310612,-1.372713634,2
ARD,173,4127,Unit 8,ARD GZ 0,Non Guano,-2.216758046,-0.357759515,-1.399866811,-1.244152312,-0.679762233,-2.216758046,-0.357759515,-1.399866811,-1.244152312,-0.679762233,-0.887145602,0.222165873,0.20475584,0.137959275,-0.088061153,2
ARD,175,4165,Unit 8,ARD GZ 0,Non Guano,-0.049248033,-0.037939929,-0.271888396,-0.229364898,-0.135787165,-0.049248033,-0.037939929,-0.271888396,-0.229364898,-0.135787165,0.783810801,1.117615195,1.667808921,1.662173572,1.987509585,2
ARD,177,4204,Unit 8,ARD GZ 0,Non Guano,1.391588373,0.623875104,1.004178058,1.088786757,0.896072979,1.391588373,0.623875104,1.004178058,1.088786757,0.896072979,1.065593151,1.095875208,1.795176565,1.775964192,1.750788322,2
ARD,179,4242,Unit 7,ARD GZ 3,Guano,1.730036579,0.756906084,1.63818111,1.554913445,1.2064841,1.730036579,0.756906084,1.63818111,1.554913445,1.2064841,1.009258121,0.36452821,1.521704418,1.150062001,0.745273065,5
ARD,181,4280,Unit 7,ARD GZ 3,Guano,,,,,,,,,,,0.94455781,0.31312621,1.401282867,1.000253008,-0.046560994,5
ARD,183,4319,Unit 7,ARD GZ 3,Guano,,,,,,,,,,,-0.21383126,0.202201186,0.521847573,0.395164194,0.20328648,5
ARD,185,4357,Unit 7,ARD GZ 3,Guano,,,,,,,,,,,1.69069611,0.43100826,1.533697311,1.250234105,1.034517403,5
ARD,187,4382,Unit 7,ARD GZ 3,Guano,1.628259893,0.516610979,1.652658142,1.52267122,1.111972382,1.628259893,0.516610979,1.652658142,1.52267122,1.111972382,0.041028504,0.37383985,1.692138458,1.235145093,0.582337475,5
ARD,189,4407,Unit 7,ARD GZ 3,Guano,1.587818504,0.620999947,1.603926151,1.288550221,1.010788472,1.587818504,0.620999947,1.603926151,1.288550221,1.010788472,0.716318068,0.606777676,0.544896893,0.42954233,0.262180499,5
ARD,191,4430,Unit 7,ARD GZ 3,Guano,0.193227878,0.180636627,-0.212412392,-0.06671446,0.088265682,0.193227878,0.180636627,-0.212412392,-0.06671446,0.088265682,0.184042727,0.249334965,-0.124151335,-0.114189765,-0.027162268,5
ARD,193,4450,Unit 6,ARD GZ 0,Non Guano,0.414533303,0.2661097,0.062019226,0.1389495,0.212413832,0.414533303,0.2661097,0.062019226,0.1389495,0.212413832,-0.561269913,-0.062592043,-0.940022983,-0.750879243,-0.650546755,2
ARD,195,4470,Unit 6,ARD GZ 0,Non Guano,0.242929692,0.181347106,-0.11686781,-0.061230701,0.101617302,0.242929692,0.181347106,-0.11686781,-0.061230701,0.101617302,0.202809573,0.692080437,0.709161412,0.515591139,0.29917739,2
ARD,197,4491,Unit 6,ARD GZ 0,Non Guano,0.942464992,0.476011777,0.507686449,0.516151297,0.604918121,0.942464992,0.476011777,0.507686449,0.516151297,0.604918121,0.147973379,0.637837762,0.464427576,0.278374421,0.095860364,2
ARD,199,4511,Unit 6,ARD GZ 0,Non Guano,0.08113256,0.06786527,-0.246964774,-0.183637839,0.005160075,0.08113256,0.06786527,-0.246964774,-0.183637839,0.005160075,0.606617202,0.802705757,0.64508777,0.684691997,0.45500912,2
ARD,201,4531,Unit 6,ARD GZ 0,Non Guano,0.361772528,0.187861976,0.105008471,0.063627911,0.157577663,0.361772528,0.187861976,0.105008471,0.063627911,0.157577663,-0.050897577,0.135137716,-0.592960404,-0.529971241,-0.456455333,2
ARD,204,4560,Unit 6,ARD GZ 0,Non Guano,0.669809193,0.353860542,0.187603454,0.23828415,0.378142635,0.669809193,0.353860542,0.187603454,0.23828415,0.378142635,-1.033332787,-0.280381321,-1.314139978,-1.024750676,-0.865559344,2
ARD,206,4580,Unit 6,ARD GZ 0,Non Guano,0.881926536,0.438698451,0.428165607,0.406866991,0.530673396,0.881926536,0.438698451,0.428165607,0.406866991,0.530673396,0.047092372,0.239893358,-0.350254709,-0.482739289,-0.323874703,2
ARD,208,4600,Unit 6,ARD GZ 0,Non Guano,-0.487884387,-0.145259281,-0.683289593,-0.613396646,-0.291456096,-0.487884387,-0.145259281,-0.683289593,-0.613396646,-0.291456096,1.190876421,0.789204346,0.624496287,0.361765397,0.35379371,2
ARD,210,4621,Unit 6,ARD GZ 0,Non Guano,0.276563366,0.123161893,-0.127028116,-0.030382984,0.114695842,0.276563366,0.123161893,-0.127028116,-0.030382984,0.114695842,-0.294746363,-0.039909986,-0.8127228,-0.8674879,-0.595378954,2
ARD,212,4641,Unit 6,ARD GZ 0,Non Guano,0.375857904,0.200659197,-0.074208356,0.058004608,0.202479975,0.375857904,0.200659197,-0.074208356,0.058004608,0.202479975,-1.464361844,-0.115353742,-1.001124734,-0.824173742,-0.664451722,2
ARD,214,4661,Unit 6,ARD GZ 0,Non Guano,0.417200317,0.248086358,0.09266216,0.035912375,0.216955765,0.417200317,0.248086358,0.09266216,0.035912375,0.216955765,-0.906930485,0.079232328,-0.394435582,-0.452671518,-0.338235308,2
ARD,216,4681,Unit 6,ARD GZ 0,Non Guano,0.256011277,0.130603454,-0.157710391,-0.027482635,0.103911005,0.256011277,0.130603454,-0.157710391,-0.027482635,0.103911005,0.254625587,0.077958779,-0.356204096,-0.353280948,-0.335151997,2
ARD,218,4701,Unit 6,ARD GZ 0,Non Guano,0.124660584,0.098972209,-0.148460269,-0.087710939,0.046139571,0.124660584,0.098972209,-0.148460269,-0.087710939,0.046139571,-1.454314664,0.086744983,-0.491167745,-0.421234928,-0.341708592,2
ARD,220,4721,Unit 6,ARD GZ 0,Non Guano,0.635470866,0.318347164,0.28478286,0.284044174,0.395398645,0.635470866,0.318347164,0.28478286,0.284044174,0.395398645,0.192685234,0.523356015,0.402590433,0.298306247,0.188784744,2
ARD,222,4741,Unit 6,ARD GZ 0,Non Guano,0.031239921,0.049711796,-0.211368899,-0.198924179,-0.011918915,0.031239921,0.049711796,-0.211368899,-0.198924179,-0.011918915,-0.910316268,0.100551315,-0.511910444,-0.521593549,-0.507275949,2
ARD,224,4760,Unit 6,ARD GZ 0,Non Guano,0.558318451,0.252786763,0.174032153,0.175195768,0.30639619,0.558318451,0.252786763,0.174032153,0.175195768,0.30639619,-0.217951662,0.315547314,-0.201303268,-0.398401118,-0.190792392,2
ARD,226,4780,Unit 6,ARD GZ 0,Non Guano,-0.089253368,-0.030351816,-0.292507683,-0.307733965,-0.093151933,-0.089253368,-0.030351816,-0.292507683,-0.307733965,-0.093151933,-0.246680813,0.565953112,0.20201472,0.164136231,0.160765671,2
ARD,228,4800,Unit 6,ARD GZ 0,Non Guano,-0.076079667,-0.02460107,-0.294136378,-0.298720649,-0.072316878,-0.076079667,-0.02460107,-0.294136378,-0.298720649,-0.072316878,-0.429547106,0.323396192,-0.061736919,-0.269065058,0.013380722,2
ARD,230,4819,Unit 6,ARD GZ 0,Non Guano,0.784438032,0.40463712,0.382734423,0.350049746,0.508806616,0.784438032,0.40463712,0.382734423,0.350049746,0.508806616,-0.404537618,0.28086683,-0.156035601,-0.300052256,-0.117310972,2
ARD,232,4840,Unit 6,ARD GZ 0,Non Guano,0.088631247,0.09304876,-0.25067556,-0.192089684,0.030053433,0.088631247,0.09304876,-0.25067556,-0.192089684,0.030053433,-0.564984441,0.360156966,-0.090472173,0.008644483,-0.105647852,2
ARD,234,4861,Unit 6,ARD GZ 0,Non Guano,0.283705167,0.158499849,-0.080874568,-0.06280056,0.133948995,0.283705167,0.158499849,-0.080874568,-0.06280056,0.133948995,-0.949611483,-0.078135669,-1.193820195,-1.042908881,-0.728524878,2
ARD,236,4881,Unit 6,ARD GZ 0,Non Guano,-0.544116581,-0.110303308,-0.665889413,-0.631387591,-0.287282188,-0.544116581,-0.110303308,-0.665889413,-0.631387591,-0.287282188,-0.730665983,-0.272647663,-1.83783167,-1.516337166,-1.164829966,2
ARD,238,4901,Unit 6,ARD GZ 0,Non Guano,-1.184667638,-0.15913855,-1.093470102,-0.943534447,-0.432844403,-1.184667638,-0.15913855,-1.093470102,-0.943534447,-0.432844403,-0.70235567,-0.018698557,-0.874991174,-0.702161549,-0.684514736,2
ARD,240,4921,Unit 6,ARD GZ 0,Non Guano,-1.151787325,-0.175431601,-1.060275104,-0.896809597,-0.439923305,-1.151787325,-0.175431601,-1.060275104,-0.896809597,-0.439923305,-1.110002571,0.054346005,-0.992050463,-0.734111086,-0.541901211,2
ARD,242,4941,Unit 6,ARD GZ 0,Non Guano,-0.842529512,-0.100761531,-0.846090794,-0.776557107,-0.348731608,-0.842529512,-0.100761531,-0.846090794,-0.776557107,-0.348731608,-0.509787167,-0.067639499,-1.320917405,-1.035008835,-0.805058083,2
ARD,244,4960,Unit 6,ARD GZ 0,Non Guano,0.566132375,0.278492149,0.124294247,0.312557946,0.301290064,0.566132375,0.278492149,0.124294247,0.312557946,0.301290064,-0.631320809,0.042337392,-0.73825403,-0.580681931,-0.487356284,2
ARD,246,4980,Unit 6,ARD GZ 0,Non Guano,0.637694933,0.283976623,0.305292176,0.315930631,0.33852841,0.637694933,0.283976623,0.305292176,0.315930631,0.33852841,-0.096554482,0.216018902,-0.207402955,-0.174453202,-0.088884501,2
ARD,248,4999,Unit 6,ARD GZ 0,Non Guano,0.452211771,0.244384321,-0.063826135,-0.02288715,0.167254489,0.452211771,0.244384321,-0.063826135,-0.02288715,0.167254489,-0.259183332,0.073468324,-0.612232823,-0.596225099,-0.461642693,2
ARD,250,5018,Unit 6,ARD GZ 0,Non Guano,0.370291082,0.197341464,0.089225304,0.084427358,0.178938024,0.370291082,0.197341464,0.089225304,0.084427358,0.178938024,-0.215538734,0.333755362,0.100650387,0.148797179,0.082808067,2
ARD,253,5044,Unit 6,ARD GZ 0,Non Guano,-0.186790219,0.034377432,-0.410010527,-0.382677194,-0.104148533,-0.186790219,0.034377432,-0.410010527,-0.382677194,-0.104148533,0.682230342,0.436888131,0.049514977,-0.057210343,-0.2350165,2
ARD,254,5052,Unit 6,ARD GZ 0,Non Guano,-0.13413059,0.046953381,-0.283708129,-0.339525165,-0.08261476,-0.13413059,0.046953381,-0.283708129,-0.339525165,-0.08261476,-0.092867533,0.336364951,-0.060978676,0.01744675,-0.12877719,2
ARD,256,5069,Unit 6,ARD GZ 0,Non Guano,0.026492315,0.055360984,-0.21120249,-0.193970253,-0.005096579,0.026492315,0.055360984,-0.21120249,-0.193970253,-0.005096579,-1.176700598,0.377223451,-0.081584482,-0.166711498,-0.118071973,2
ARD,258,5084,Unit 6,ARD GZ 0,Non Guano,0.419336412,0.212914286,-0.021787225,0.112714942,0.217772425,0.419336412,0.212914286,-0.021787225,0.112714942,0.217772425,-0.711865768,0.125456015,-0.410504286,-0.430790751,-0.544726999,2
ARD,260,5100,Unit 6,ARD GZ 0,Non Guano,-0.597704223,-0.09185747,-0.72991352,-0.583922644,-0.273140809,-0.597704223,-0.09185747,-0.72991352,-0.583922644,-0.273140809,-0.349087062,0.164243422,-0.329822423,-0.277011519,-0.443459552,2
ARD,262,5115,Unit 6,ARD GZ 0,Non Guano,-0.177749226,0.002435389,-0.389512005,-0.344986272,-0.107042891,-0.177749226,0.002435389,-0.389512005,-0.344986272,-0.107042891,-1.452541118,0.149503163,-0.417658376,-0.330518344,-0.375292775,2
ARD,264,5131,Unit 6,ARD GZ 0,Non Guano,-0.589485081,-0.063204961,-0.717937329,-0.622136197,-0.245035236,-0.589485081,-0.063204961,-0.717937329,-0.622136197,-0.245035236,-0.136809794,-0.009817977,-0.350368553,-0.28001016,-0.164952422,2
ARD,266,5146,Unit 6,ARD GZ 0,Non Guano,-0.969464818,-0.104477994,-0.965105903,-0.826546935,-0.362914245,-0.969464818,-0.104477994,-0.965105903,-0.826546935,-0.362914245,-1.005356555,-0.036389344,-0.698484073,-0.553090569,-0.357641039,2
ARD,268,5162,Unit 6,ARD GZ 0,Non Guano,-0.267364087,-0.01552453,-0.471500239,-0.394774151,-0.164413643,-0.267364087,-0.01552453,-0.471500239,-0.394774151,-0.164413643,-0.871140938,-0.186526212,-1.381781894,-1.139236335,-0.703027328,2
ARD,270,5177,Unit 6,ARD GZ 0,Non Guano,-0.31533057,-0.015000014,-0.420821443,-0.387588388,-0.16597233,-0.31533057,-0.015000014,-0.420821443,-0.387588388,-0.16597233,-1.193715959,-0.255582038,-1.031790442,-0.653730488,-0.275062502,2
ARD,272,5192,Unit 6,ARD GZ 0,Non Guano,0.013361278,0.044687939,-0.224683606,-0.173136015,-0.033442533,0.013361278,0.044687939,-0.224683606,-0.173136015,-0.033442533,-0.638668678,-0.172673176,-0.87022502,-0.587406827,-0.281108634,2
ARD,274,5207,Unit 6,ARD GZ 0,Non Guano,-0.073017501,0.002166855,-0.261794583,-0.214258543,-0.08828917,-0.073017501,0.002166855,-0.261794583,-0.214258543,-0.08828917,0.238537575,0.244876577,0.252979103,0.345559132,0.323369821,2
ARD,276,5223,Unit 6,ARD GZ 0,Non Guano,-0.589215356,-0.126578903,-0.710635965,-0.592011212,-0.306201672,-0.589215356,-0.126578903,-0.710635965,-0.592011212,-0.306201672,-0.08939752,0.028161248,-0.290706499,-0.126866468,-0.103194937,2
ARD,278,5238,Unit 6,ARD GZ 0,Non Guano,-0.592519115,-0.112844618,-0.587847043,-0.601059805,-0.252670557,-0.592519115,-0.112844618,-0.587847043,-0.601059805,-0.252670557,-0.651013596,-0.081848167,-0.602282994,-0.427088898,-0.373124819,2
ARD,280,5253,Unit 6,ARD GZ 0,Non Guano,-0.608646825,-0.108494182,-0.725713643,-0.597575611,-0.285444314,-0.608646825,-0.108494182,-0.725713643,-0.597575611,-0.285444314,-0.090349802,-0.143585312,-0.603733534,-0.475671976,-0.384139997,2
ARD,282,5276,Unit 6,ARD GZ 0,Non Guano,-0.55374823,-0.096804524,-0.648799962,-0.656805995,-0.299526079,-0.55374823,-0.096804524,-0.648799962,-0.656805995,-0.299526079,-1.107374449,-0.10136014,-0.522172379,-0.378047256,-0.216455938,2
ARD,284,5300,Unit 6,ARD GZ 0,Non Guano,,,,,,,,,,,-0.022732069,-0.159742624,-0.565258108,-0.383397501,-0.242835564,2
ARD,286,5324,Unit 6,ARD GZ 0,Non Guano,1.681024378,0.64936861,1.569985612,1.335839245,1.111007053,1.681024378,0.64936861,1.569985612,1.335839245,1.111007053,0.970564463,0.327059587,1.097088053,0.824345402,0.495247209,2
ARD,288,5351,Unit 6,ARD GZ 0,Non Guano,2.210378561,1.23479391,1.831155965,1.861736054,1.532205487,2.210378561,1.23479391,1.831155965,1.861736054,1.532205487,0.96596331,0.79094881,1.688391533,1.608413003,1.346360048,2
ARD,290,5377,Unit 6,ARD GZ 0,Non Guano,,,,,,,,,,,1.23656583,0.974010192,1.089692351,1.265177654,1.048423876,2
ARD,292,5420,Unit 6,ARD GZ 0,Non Guano,,,,,,,,,,,0.879929505,0.461564637,1.634578227,1.366218467,1.113099746,2
ARD,294,5463,Unit 6,ARD GZ 0,Non Guano,1.450958462,0.573565378,1.298312325,1.177697054,0.957317132,1.450958462,0.573565378,1.298312325,1.177697054,0.957317132,-0.52312743,0.33656057,0.958813282,0.891054715,0.505772414,2
ARD,296,5507,Unit 5,ARD GZ 2,Guano,,,,,,,,,,,0.70128527,0.92832841,1.646180329,1.517420844,1.172724988,6
ARD,298,5552,Unit 5,ARD GZ 2,Guano,,,,,,,,,,,0.099664275,0.197526442,0.70531959,0.74692167,0.752883712,6
ARD,300,5597,Unit 5,ARD GZ 2,Guano,-0.33218787,-0.208151558,-0.402199989,-0.494667856,-0.237607021,-0.33218787,-0.208151558,-0.402199989,-0.494667856,-0.237607021,-0.009654619,0.079107729,1.180336313,0.951613836,1.0527695,6
ARD,302,5643,Unit 5,ARD GZ 2,Guano,1.133232037,0.367615854,1.025769893,0.865050994,0.683776776,1.133232037,0.367615854,1.025769893,0.865050994,0.683776776,0.691671455,0.129948015,0.788972916,0.559316949,0.216769096,6
ARD,304,5689,Unit 5,ARD GZ 2,Guano,1.665734048,0.748131712,1.385390347,1.302908814,1.115946611,1.665734048,0.748131712,1.385390347,1.302908814,1.115946611,-0.012073,0.775463244,1.752059379,1.693661998,1.408473483,6
ARD,306,5744,Unit 5,ARD GZ 2,Guano,,,,,,,,,,,1.606612279,1.530872664,1.661384435,1.791997153,1.394663562,6
ARD,308,5807,Unit 5,ARD GZ 2,Guano,,,,,,,,,,,1.131534914,1.077538159,1.531512065,1.207867263,0.73733241,6
ARD,310,5870,Unit 5,ARD GZ 2,Guano,-2.067836412,-0.272096241,-1.481048034,-1.233652817,-0.602311671,-2.067836412,-0.272096241,-1.481048034,-1.233652817,-0.602311671,-1.544970835,-0.356766197,-1.821983713,-1.454635019,-1.057035796,6
ARD,312,6000,Unit 4,ARD GZ 0,Non Guano,-1.972526668,-0.288612433,-1.404308829,-1.208838574,-0.608670256,-1.972526668,-0.288612433,-1.404308829,-1.208838574,-0.608670256,-0.469896478,-0.44174224,-2.217961137,-1.308059614,-0.73068346,2
ARD,314,6131,Unit 4,ARD GZ 0,Non Guano,-1.833167694,-0.333024962,-1.409401138,-1.167410868,-0.608594594,-1.833167694,-0.333024962,-1.409401138,-1.167410868,-0.608594594,-0.114153463,0.179940665,0.718940327,0.610414058,0.345031431,2
ARD,316,6266,Unit 4,ARD GZ 0,Non Guano,-1.745546795,-0.32022286,-1.306443557,-1.124959545,-0.59709196,-1.745546795,-0.32022286,-1.306443557,-1.124959545,-0.59709196,-0.811955759,-0.252790084,-1.804886031,-1.447147935,-1.17286174,2
ARD,318,6405,Unit 4,ARD GZ 0,Non Guano,-0.968869494,-0.276453099,-0.868366437,-0.78243894,-0.460352351,-0.968869494,-0.276453099,-0.868366437,-0.78243894,-0.460352351,-0.573559307,-0.155124366,-0.668951521,-0.734130338,-0.76061159,2
ARD,320,6544,Unit 4,ARD GZ 0,Non Guano,1.58129401,0.688470958,1.337220781,1.240501465,1.041281849,1.58129401,0.688470958,1.337220781,1.240501465,1.041281849,1.011402098,1.097730841,1.558590016,1.247181138,0.979328017,2
ARD,322,6673,Unit 3,ARD GZ 1,Guano,2.025096684,1.134654622,1.606950423,1.451559703,1.341388007,2.025096684,1.134654622,1.606950423,1.451559703,1.341388007,1.203736346,1.16654957,1.370213144,1.094264194,0.985036639,7
ARD,324,6802,Unit 3,ARD GZ 1,Guano,1.040567989,0.387880917,0.985194741,0.716262257,0.55124856,1.040567989,0.387880917,0.985194741,0.716262257,0.55124856,1.142028379,1.029057484,1.694127923,0.93544629,0.861667652,7
ARD,326,6933,Unit 3,ARD GZ 1,Guano,-1.484507543,-0.347507318,-1.021586873,-0.983890753,-0.564560129,-1.484507543,-0.347507318,-1.021586873,-0.983890753,-0.564560129,-0.756337196,-0.459384919,-1.916755236,-1.652922488,-1.676738085,7
ARD,328,7068,Unit 2,ARD GZ 0,Non Guano,-1.957886788,-0.679156089,-1.917378264,-1.13235923,-0.840816157,-1.957886788,-0.679156089,-1.917378264,-1.13235923,-0.840816157,-0.608618549,-0.767444047,-2.520238944,-1.748813366,-1.617137368,2
ARD,330,7202,Unit 2,ARD GZ 0,Non Guano,-2.405965328,-0.654226976,-2.141568189,-1.230032439,-0.905232145,-2.405965328,-0.654226976,-2.141568189,-1.230032439,-0.905232145,-1.160125014,-0.703983439,-2.667356645,-1.7834634,-1.474814379,2
ARD,332,7334,Unit 2,ARD GZ 0,Non Guano,-2.328335765,-0.618270699,-2.112736374,-1.238105181,-0.883856768,-2.328335765,-0.618270699,-2.112736374,-1.238105181,-0.883856768,-0.924141146,-0.760378408,-3.190863821,-1.426645721,-1.310044167,2
ARD,334,7465,Unit 2,ARD GZ 0,Non Guano,-2.318712238,-0.568305203,-2.399564572,-1.284429866,-0.899188218,-2.318712238,-0.568305203,-2.399564572,-1.284429866,-0.899188218,-1.092276575,-0.6386414,-2.967232986,-1.662040287,-1.649087508,2
ARD,336,7595,Unit 2,ARD GZ 0,Non Guano,-2.386816882,-0.57164944,-2.219985987,-1.297639321,-0.902888586,-2.386816882,-0.57164944,-2.219985987,-1.297639321,-0.902888586,-0.948118165,-0.649242632,-5.020299153,-1.674709584,-1.259256433,2
ARD,338,7725,Unit 2,ARD GZ 0,Non Guano,-2.430521267,-0.592675574,-2.334863963,-1.229971751,-0.914293603,-2.430521267,-0.592675574,-2.334863963,-1.229971751,-0.914293603,-2.122863894,-0.502146872,-2.628333062,-1.655532845,-1.275146408,2
ARD,340,7855,Unit 2,ARD GZ 0,Non Guano,-2.431127387,-0.513159639,-2.261314182,-1.300692541,-0.879370426,-2.431127387,-0.513159639,-2.261314182,-1.300692541,-0.879370426,-1.335393314,-0.52201584,-2.565729585,-1.874138301,-1.345906021,2
ARD,344,8117,Unit 2,ARD GZ 0,Non Guano,-2.484922202,-0.538397971,-2.303402343,-1.336521416,-0.89247105,-2.484922202,-0.538397971,-2.303402343,-1.336521416,-0.89247105,-2.65357911,-0.610076119,-3.093450995,-1.829094763,-1.614546222,2
ARD,346,8241,Unit 2,ARD GZ 0,Non Guano,-1.989093508,-0.569106278,-0.323803209,-0.378707975,-0.140409417,-1.989093508,-0.569106278,-0.323803209,-0.378707975,-0.140409417,-0.951268734,-0.792615635,-0.655743892,-0.901739342,-0.872044363,2
ARD,348,8358,Unit 1,ARD GZ 0,Non Guano,-2.179540909,-0.625754317,-0.174469116,-0.566394214,-0.107559668,-2.179540909,-0.625754317,-0.174469116,-0.566394214,-0.107559668,-0.382083495,-0.814008409,-0.763600907,-1.131105051,-0.974376909,2
ARD,350,8474,Unit 1,ARD GZ 0,Non Guano,-2.311146351,-0.503954121,-0.291343413,-0.738749315,-0.079806085,-2.311146351,-0.503954121,-0.291343413,-0.738749315,-0.079806085,-0.528671403,-0.722899376,-0.922023272,-1.460152933,-0.821334527,2
ARD,352,8575,Unit 1,ARD GZ 0,Non Guano,-2.379322976,-0.46859132,-0.578448801,-0.847686488,-0.221941328,-2.379322976,-0.46859132,-0.578448801,-0.847686488,-0.221941328,-1.863664087,-0.396298703,-1.166008267,-1.437853043,-0.850482881,2
ARD,356,8777,Unit 1,ARD GZ 0,Non Guano,-2.30562006,-0.454422146,-0.154800061,-0.702830873,-0.018245213,-2.30562006,-0.454422146,-0.154800061,-0.702830873,-0.018245213,0.100325531,-0.629433827,-0.897427536,-1.09521744,-0.660237492,2
YAN,3,413,Freshwater,YAN GZ 0,Non Guano,-2.468121315,-0.569691587,-1.628567023,-1.283749558,-0.790466842,-2.468121315,-0.569691587,-1.628567023,-1.283749558,-0.790466842,-2.457944898,-0.624301718,-2.329580252,-2.347910374,-2.167301809,1
YAN,5,725.64,Freshwater,YAN GZ 0,Non Guano,-2.404823775,-0.541016689,-1.636038554,-1.381231611,-0.823329235,-2.404823775,-0.541016689,-1.636038554,-1.381231611,-0.823329235,-1.613727227,-0.876159751,-1.712511692,-2.226050553,-2.04080864,1
YAN,7,961.52,Freshwater,YAN GZ 0,Non Guano,-2.392810247,-0.916516555,-0.80625728,-0.972646245,-0.659287119,-2.392810247,-0.916516555,-0.80625728,-0.972646245,-0.659287119,-1.889659067,-1.131971443,-1.4596495,-2.108461906,-2.110867255,1
YAN,9,1197.4,Freshwater,YAN GZ 0,Non Guano,-2.3005828,-1.070135725,-0.574463957,-0.848540824,-0.559469941,-2.3005828,-1.070135725,-0.574463957,-0.848540824,-0.559469941,-1.067997644,-1.229282267,-0.85997974,-2.003941909,-1.88525871,1
YAN,13,2153.18,Freshwater,YAN GZ 0,Non Guano,-2.11330309,-0.904863863,-1.25075928,-1.237532935,-0.823919913,-2.11330309,-0.904863863,-1.25075928,-1.237532935,-0.823919913,-1.368082165,-1.181110023,-1.403837249,-1.998858316,-1.908182078,1
YAN,15,2711.74,Freshwater,YAN GZ 0,Non Guano,-2.29760584,-0.94269273,-0.902925666,-1.028582528,-0.672500935,-2.29760584,-0.94269273,-0.902925666,-1.028582528,-0.672500935,-1.960728297,-1.086193717,-1.613637653,-2.111713883,-2.034998419,1
YAN,17,3040.18,Freshwater,YAN GZ 0,Non Guano,-2.265011029,-0.895432262,-1.11928985,-1.161809334,-0.749297848,-2.265011029,-0.895432262,-1.11928985,-1.161809334,-0.749297848,-1.6226723,-1.014724572,-1.310824469,-2.091092523,-1.952861777,1
YAN,19,3368.62,Freshwater,YAN GZ 0,Non Guano,-2.289812504,-0.707366399,-1.153443656,-1.307271395,-0.741118332,-2.289812504,-0.707366399,-1.153443656,-1.307271395,-0.741118332,-1.664317682,-0.876537407,-1.558312489,-2.205549875,-2.003419181,1
YAN,21,3660.84,Freshwater,YAN GZ 0,Non Guano,-2.360892575,-0.913661523,-0.494699494,-1.069030219,-0.717287027,-2.360892575,-0.913661523,-0.494699494,-1.069030219,-0.717287027,-1.514445866,-1.233993407,-1.11283036,-1.936589824,-1.964763834,1
YAN,23,3916.86,Freshwater,YAN GZ 0,Non Guano,-2.314125513,-0.975944881,-0.374559352,-0.950981082,-0.662151715,-2.314125513,-0.975944881,-0.374559352,-0.950981082,-0.662151715,-1.466388566,-0.984769598,-1.043476874,-2.121970573,-1.96854069,1
YAN,25,4172.88,Freshwater,YAN GZ 0,Non Guano,-2.404557548,-0.754802231,-0.607212793,-1.057666861,-0.640960646,-2.404557548,-0.754802231,-0.607212793,-1.057666861,-0.640960646,-1.611456513,-0.980602478,-1.309763606,-2.156940521,-1.955751797,1
YAN,27,4328.62,Freshwater,YAN GZ 0,Non Guano,-2.415314905,-0.764199968,-0.586042412,-1.057060459,-0.630957716,-2.415314905,-0.764199968,-0.586042412,-1.057060459,-0.630957716,-1.413409047,-0.885024487,-1.335627013,-2.215764193,-1.950135463,1
YAN,29,4484.36,Freshwater,YAN GZ 0,Non Guano,,,,,,,,,,,-1.348011652,-0.841343219,-1.234519685,-2.156601677,-2.082018212,1
YAN,31,4654.93,Freshwater,YAN GZ 0,Non Guano,-2.415009892,-0.640343925,-0.753617047,-1.133287395,-0.651777722,-2.415009892,-0.640343925,-0.753617047,-1.133287395,-0.651777722,-1.763949846,-0.725290386,-1.318713514,-2.242612418,-2.015599809,1
YAN,33,4840.35,Freshwater,YAN GZ 0,Non Guano,-2.513119546,-0.552806968,-0.994602709,-1.179521036,-0.707607626,-2.513119546,-0.552806968,-0.994602709,-1.179521036,-0.707607626,-2.563347587,-0.653815259,-1.853076685,-2.207358432,-2.133250846,1
YAN,35,5025.76,Freshwater,YAN GZ 0,Non Guano,-2.59116123,-0.508408702,-1.17006579,-1.252493918,-0.664758084,-2.59116123,-0.508408702,-1.17006579,-1.252493918,-0.664758084,-2.547857516,-0.526085198,-2.121888748,-2.215696332,-2.189790673,1
YAN,37,5180.64,Freshwater,YAN GZ 0,Non Guano,-2.602912093,-0.46253386,-1.38606357,-1.285407307,-0.658128992,-2.602912093,-0.46253386,-1.38606357,-1.285407307,-0.658128992,-2.934493284,-0.451451374,-2.453092674,-2.353159628,-2.273678512,1
YAN,39,5335.52,Freshwater,YAN GZ 0,Non Guano,-2.596025856,-0.441879568,-1.443599243,-1.311879382,-0.682643817,-2.596025856,-0.441879568,-1.443599243,-1.311879382,-0.682643817,-2.591697154,-0.385088349,-2.437102792,-2.35736669,-2.199705234,1
YAN,41,5412.96,Freshwater,YAN GZ 0,Non Guano,-2.617546028,-0.388981128,-1.466437227,-1.304412017,-0.65904707,-2.617546028,-0.388981128,-1.466437227,-1.304412017,-0.65904707,-2.143926038,-0.467388345,-2.025442692,-1.589015222,-1.316176152,1
YAN,43,5412.96,Freshwater,YAN GZ 0,Non Guano,-2.601117995,-0.410995375,-1.470799964,-1.308774754,-0.668757413,-2.601117995,-0.410995375,-1.470799964,-1.308774754,-0.668757413,-2.432348246,-0.46386678,-1.997801401,-1.572727195,-1.315928394,1
YAN,45,5412.96,Freshwater,YAN GZ 0,Non Guano,-2.599873439,-0.398851529,-1.485059595,-1.346750912,-0.667512858,-2.599873439,-0.398851529,-1.485059595,-1.346750912,-0.667512858,-2.084886757,-0.455208136,-2.002901652,-1.55356265,-1.316120254,1
YAN,47,5412.96,Freshwater,YAN GZ 0,Non Guano,-2.582928652,-0.410241437,-1.382723268,-1.335880312,-0.680282188,-2.582928652,-0.410241437,-1.382723268,-1.335880312,-0.680282188,-2.108432971,-0.427980423,-1.970989491,-1.543456498,-1.271841426,1
YAN,49,5412.96,Freshwater,YAN GZ 0,Non Guano,-2.592497349,-0.425485519,-1.452241272,-1.320521411,-0.685880427,-2.592497349,-0.425485519,-1.452241272,-1.320521411,-0.685880427,-2.503875813,-0.398855808,-1.946569307,-1.529000188,-1.231923011,1
YAN,51,5412.96,Freshwater,YAN GZ 0,Non Guano,-2.596537759,-0.428236552,-1.452241272,-1.234578982,-0.685880427,-2.596537759,-0.428236552,-1.452241272,-1.234578982,-0.685880427,-2.23067935,-0.388165509,-1.963082354,-1.532058646,-1.250178403,1
YAN,53,5412.96,Freshwater,YAN GZ 0,Non Guano,-2.579858339,-0.424870701,-1.481931804,-1.294588786,-0.687964667,-2.579858339,-0.424870701,-1.481931804,-1.294588786,-0.687964667,-2.288173032,-0.363688627,-1.974692268,-1.522023343,-1.233952584,1
YAN,55,5412.96,Freshwater,YAN GZ 0,Non Guano,-2.572884997,-0.445003894,-1.441719354,-1.299496772,-0.731444927,-2.572884997,-0.445003894,-1.441719354,-1.299496772,-0.731444927,-2.697211004,-0.342565918,-1.998911595,-1.529295234,-1.22251878,1
YAN,59,5412.96,Freshwater,YAN GZ 0,Non Guano,-2.581052779,-0.380228381,-1.498314185,-1.279718624,-0.667703656,-2.581052779,-0.380228381,-1.498314185,-1.279718624,-0.667703656,-2.748511234,-0.36476384,-2.008856359,-1.531881401,-1.330101823,1
YAN,61,5412.96,Freshwater,YAN GZ 0,Non Guano,-2.56466255,-0.418640865,-1.467279149,-1.295203603,-0.699449157,-2.56466255,-0.418640865,-1.467279149,-1.295203603,-0.699449157,-3.13170656,-0.356771012,-2.052118255,-1.523361011,-1.326117151,1
YAN,63,5412.96,Freshwater,YAN GZ 0,Non Guano,-2.571473965,-0.377402986,-1.500807952,-1.294791173,-0.683729429,-2.571473965,-0.377402986,-1.500807952,-1.294791173,-0.683729429,-2.840502467,-0.372291206,-2.073437485,-1.553394598,-1.351189703,1
YAN,65,5412.96,Freshwater,YAN GZ 0,Non Guano,-2.57576315,-0.359176534,-1.45054495,-1.291048187,-0.677265353,-2.57576315,-0.359176534,-1.45054495,-1.291048187,-0.677265353,-2.848438531,-0.385364837,-2.044332277,-1.55176825,-1.367924489,1
YAN,67,5412.96,Freshwater,YAN GZ 0,Non Guano,-2.511672218,-0.506702878,-1.34507478,-1.25345321,-0.818838343,-2.511672218,-0.506702878,-1.34507478,-1.25345321,-0.818838343,-2.61046138,-0.378829403,-2.028261054,-1.543162638,-1.342565432,1
YAN,69,5412.96,Freshwater,YAN GZ 0,Non Guano,-2.558512027,-0.347522537,-1.404842406,-1.302536431,-0.686943642,-2.558512027,-0.347522537,-1.404842406,-1.302536431,-0.686943642,-2.570287172,-0.369250408,-2.026572196,-1.549865656,-1.315149993,1
YAN,71,5412.96,Freshwater,YAN GZ 0,Non Guano,-2.557886049,-0.341735257,-1.44866819,-1.314813857,-0.694593573,-2.557886049,-0.341735257,-1.44866819,-1.314813857,-0.694593573,-2.169800377,-0.374365794,-1.963219541,-1.561981726,-1.307825565,1
YAN,73,5412.96,Freshwater,YAN GZ 0,Non Guano,-2.548553156,-0.353286658,-1.481941414,-1.291672991,-0.697095138,-2.548553156,-0.353286658,-1.481941414,-1.291672991,-0.697095138,-2.203401178,-0.387831184,-1.979148686,-1.561818637,-1.322281118,1
YAN,75,5412.96,Freshwater,YAN GZ 0,Non Guano,-2.560832237,-0.341874577,-1.458913681,-1.296888471,-0.684046715,-2.560832237,-0.341874577,-1.458913681,-1.296888471,-0.684046715,-1.913037606,-0.438597555,-2.026857407,-1.584644809,-1.369741598,1
YAN,77,5412.96,Freshwater,YAN GZ 0,Non Guano,-2.586103693,-0.329189224,-1.43225368,-1.311471429,-0.653554015,-2.586103693,-0.329189224,-1.43225368,-1.311471429,-0.653554015,-1.942840314,-0.431098256,-2.057146809,-1.604465964,-1.397866135,1
YAN,79,5412.96,Freshwater,YAN GZ 0,Non Guano,-2.586740028,-0.331118384,-1.448157487,-1.299035682,-0.648799502,-2.586740028,-0.331118384,-1.448157487,-1.299035682,-0.648799502,-1.920387437,-0.43581069,-2.06029774,-1.602884341,-1.393900221,1
YAN,81,5412.96,Freshwater,YAN GZ 0,Non Guano,-2.5779268,-0.36254225,-1.418815227,-1.301910452,-0.686317663,-2.5779268,-0.36254225,-1.418815227,-1.301910452,-0.686317663,-2.08498538,-0.422372582,-2.081595663,-1.594756937,-1.385618351,1
YAN,83,5412.96,Freshwater,YAN GZ 0,Non Guano,-2.532432488,-0.430692047,-1.382723268,-1.285236579,-0.766807538,-2.532432488,-0.430692047,-1.382723268,-1.285236579,-0.766807538,-2.09834654,-0.382298645,-2.070894958,-1.5766762,-1.333195875,1
YAN,85,5412.96,Freshwater,YAN GZ 0,Non Guano,-2.540510221,-0.447448883,-1.38700593,-1.277249148,-0.753748725,-2.540510221,-0.447448883,-1.38700593,-1.277249148,-0.753748725,-2.54635845,-0.362331031,-2.014464589,-1.571248469,-1.311720866,1
YAN,87,5412.96,Freshwater,YAN GZ 0,Non Guano,-2.550504971,-0.366934512,-1.46481761,-1.292742064,-0.744549028,-2.550504971,-0.366934512,-1.46481761,-1.292742064,-0.744549028,-2.379871833,-0.390646948,-1.998763166,-1.566298497,-1.299493874,1
YAN,89,5412.96,Freshwater,YAN GZ 0,Non Guano,-2.570227859,-0.332051158,-1.468309303,-1.293545067,-0.693442337,-2.570227859,-0.332051158,-1.468309303,-1.293545067,-0.693442337,-2.350230635,-0.410579491,-1.892869795,-1.517352632,-1.293423135,1
YAN,91,5412.96,Freshwater,YAN GZ 0,Non Guano,-2.580382096,-0.282572901,-1.481316609,-1.30094226,-0.664238086,-2.580382096,-0.282572901,-1.481316609,-1.30094226,-0.664238086,-2.660927646,-0.454148228,-1.781358734,-1.481143797,-1.309051125,1
YAN,93,5412.96,Freshwater,YAN GZ 0,Non Guano,-2.561754987,-0.447011376,-1.39915899,-1.251318415,-0.772176729,-2.561754987,-0.447011376,-1.39915899,-1.251318415,-0.772176729,-2.770788941,-0.494530514,-1.693836146,-1.431074462,-1.328805715,1
YAN,95,5412.96,Freshwater,YAN GZ 0,Non Guano,-2.550326535,-0.451750098,-1.327429052,-1.271739492,-0.762669334,-2.550326535,-0.451750098,-1.327429052,-1.271739492,-0.762669334,-2.479250853,-0.474541454,-1.582559844,-1.369180858,-1.279384184,1
YAN,97,5412.96,Freshwater,YAN GZ 0,Non Guano,-2.560967965,-0.44401407,-1.349174213,-1.266816405,-0.743315982,-2.560967965,-0.44401407,-1.349174213,-1.266816405,-0.743315982,-3.142911334,-0.467348853,-1.522118046,-1.31903015,-1.254894058,1
YAN,99,5412.96,Freshwater,YAN GZ 0,Non Guano,-2.560832237,-0.412902414,-1.34284151,-1.199250001,-0.720516395,-2.560832237,-0.412902414,-1.34284151,-1.199250001,-0.720516395,-1.656848277,-0.501175939,-1.928310329,-1.675490331,-1.323427863,1
YAN,101,5412.96,Freshwater,YAN GZ 0,Non Guano,-2.559183373,-0.419018488,-1.352842828,-1.241369897,-0.720029646,-2.559183373,-0.419018488,-1.352842828,-1.241369897,-0.720029646,,-0.439954617,-1.777132947,-1.581335553,-1.300756639,1
YAN,103,5412.96,Freshwater,YAN GZ 0,Non Guano,-2.568505472,-0.396420707,-1.359955752,-1.284941919,-0.710055176,-2.568505472,-0.396420707,-1.359955752,-1.284941919,-0.710055176,,-0.493792018,-2.214845371,-1.587760717,-1.372184377,1
YAN,105,5412.96,Freshwater,YAN GZ 0,Non Guano,-2.573373466,-0.369645194,-1.340776586,-1.2682912,-0.704658149,-2.573373466,-0.369645194,-1.340776586,-1.2682912,-0.704658149,-2.410384246,-0.51597696,-2.128226076,-1.672540123,-1.374911019,1
YAN,107,5412.96,Freshwater,YAN GZ 0,Non Guano,-2.575577183,-0.363679335,-1.396014999,-1.253792417,-0.69988508,-2.575577183,-0.363679335,-1.396014999,-1.253792417,-0.69988508,,-0.484906,-1.88638027,-1.525585366,-1.288446879,1
YAN,109,5412.96,Freshwater,YAN GZ 0,Non Guano,-2.587073941,-0.348210083,-1.444333391,-1.308283667,-0.686133478,-2.587073941,-0.348210083,-1.444333391,-1.308283667,-0.686133478,-2.592827096,-0.418473068,-1.889082977,-1.485658798,-1.309088395,1
YAN,111,5412.96,Freshwater,YAN GZ 0,Non Guano,-2.582269137,-0.295295193,-1.466605758,-1.28623141,-0.663244872,-2.582269137,-0.295295193,-1.466605758,-1.28623141,-0.663244872,-3.080587042,-0.348774591,-2.048642393,-1.425441746,-1.247848388,1
YAN,113,5412.96,Freshwater,YAN GZ 0,Non Guano,-2.591674034,-0.274524033,-1.47937925,-1.309321868,-0.646300385,-2.591674034,-0.274524033,-1.47937925,-1.309321868,-0.646300385,-3.068424511,-0.327540888,-1.921980901,-1.46215691,-1.066276077,1
YAN,115,5412.96,Freshwater,YAN GZ 0,Non Guano,-2.586829353,-0.251860983,-1.454287937,-1.286985669,-0.639937928,-2.586829353,-0.251860983,-1.454287937,-1.286985669,-0.639937928,,-0.333326534,-1.901552403,-1.521889533,-1.165526393,1
YAN,117,5412.96,Freshwater,YAN GZ 0,Non Guano,-2.585839333,-0.255117255,-1.457544208,-1.277169859,-0.640465685,-2.585839333,-0.255117255,-1.457544208,-1.277169859,-0.640465685,-1.922930541,-0.362581236,-1.902874449,-1.49227497,-1.312615121,1
YAN,119,5412.96,Freshwater,YAN GZ 0,Non Guano,-2.579006829,-0.236707286,-1.470940381,-1.31430602,-0.637861517,-2.579006829,-0.236707286,-1.470940381,-1.31430602,-0.637861517,,-0.339894395,-2.157376647,-1.518391792,-1.217817481,1
YAN,121,5412.96,Freshwater,YAN GZ 0,Non Guano,-2.576158905,-0.268390246,-1.433418355,-1.271393145,-0.647592375,-2.576158905,-0.268390246,-1.433418355,-1.271393145,-0.647592375,,-0.241712632,-2.035632834,-1.62800973,-1.217681567,1
YAN,123,5412.96,Freshwater,YAN GZ 0,Non Guano,-2.592034309,-0.281881109,-1.508283057,-1.305435853,-0.65889826,-2.592034309,-0.281881109,-1.508283057,-1.305435853,-0.65889826,,-0.360762682,-1.750278632,-1.545894008,-1.36159528,1
YAN,125,5412.96,Freshwater,YAN GZ 0,Non Guano,-2.579688491,-0.280151567,-1.448276755,-1.270747358,-0.668986049,-2.579688491,-0.280151567,-1.448276755,-1.270747358,-0.668986049,-1.970668814,-0.460029425,-2.062676385,-1.615689844,-1.500035849,1
YAN,127,5412.96,Freshwater,YAN GZ 0,Non Guano,-2.588481079,-0.269050938,-1.451675264,-1.311041244,-0.631875651,-2.588481079,-0.269050938,-1.451675264,-1.311041244,-0.631875651,,-0.390440261,-2.031688493,-1.532124541,-1.377442007,1
YAN,129,5412.96,Freshwater,YAN GZ 0,Non Guano,-2.608332685,-0.238728818,-1.489945936,-1.300521751,-0.618642453,-2.608332685,-0.238728818,-1.489945936,-1.300521751,-0.618642453,-2.471642283,-0.417156057,-2.050031673,-1.671262486,-1.270304346,1
YAN,131,5412.96,Freshwater,YAN GZ 0,Non Guano,-2.601035803,-0.2024444,-1.482649054,-1.306830522,-0.614059277,-2.601035803,-0.2024444,-1.482649054,-1.306830522,-0.614059277,-2.63885082,-0.345114751,-1.943742772,-1.465694132,-1.294121173,1
YAN,133,5412.96,Freshwater,YAN GZ 0,Non Guano,-2.589488271,-0.227757401,-1.448399794,-1.294342754,-0.612427322,-2.589488271,-0.227757401,-1.448399794,-1.294342754,-0.612427322,,-0.338542064,-1.81393493,-1.493414075,-1.234414209,1
YAN,135,5412.96,Freshwater,YAN GZ 0,Non Guano,-2.594164236,-0.234702022,-1.476715878,-1.277152749,-0.627376493,-2.594164236,-0.234702022,-1.476715878,-1.277152749,-0.627376493,-3.041480509,-0.387321794,-1.879882651,-1.544017529,-1.313586774,1
YAN,137,5412.96,Freshwater,YAN GZ 0,Non Guano,-2.595307746,-0.197546889,-1.464787307,-1.291892425,-0.591220627,-2.595307746,-0.197546889,-1.464787307,-1.291892425,-0.591220627,-1.008868692,-0.406168,-1.801643356,-1.603508914,-1.317809157,1
YAN,139,5412.96,Freshwater,YAN GZ 0,Non Guano,-2.587554826,-0.195773822,-1.470106469,-1.283788566,-0.623495598,-2.587554826,-0.195773822,-1.470106469,-1.283788566,-0.623495598,,-0.45134952,-2.158167574,-1.547584017,-1.38283488,1
YAN,141,5412.96,Freshwater,YAN GZ 0,Non Guano,-2.590931372,-0.220343317,-1.498123727,-1.291892425,-0.607306764,-2.590931372,-0.220343317,-1.498123727,-1.291892425,-0.607306764,-1.272609467,-0.624263267,-2.368476267,-1.630013458,-1.537527794,1
YAN,143,5412.96,Freshwater,YAN GZ 0,Non Guano,-2.579282591,-0.211062286,-1.411224232,-1.288419735,-0.633606233,-2.579282591,-0.211062286,-1.411224232,-1.288419735,-0.633606233,-1.630358007,-0.271341715,-1.928055404,-1.54251658,-1.357429392,1
YAN,145,5412.96,Freshwater,YAN GZ 0,Non Guano,-2.592966024,-0.284549703,-1.464670898,-1.310613858,-0.65305687,-2.592966024,-0.284549703,-1.464670898,-1.310613858,-0.65305687,-2.278307399,-0.456966398,-1.93950993,-1.601320479,-1.387372355,1
YAN,147,5412.96,Freshwater,YAN GZ 0,Non Guano,-2.589085036,-0.290744366,-1.493050772,-1.254773131,-0.646439902,-2.589085036,-0.290744366,-1.493050772,-1.254773131,-0.646439902,-2.101122131,-0.386427218,-2.085228169,-1.593064785,-1.332667216,1
YAN,149,5412.96,Freshwater,YAN GZ 0,Non Guano,-2.592397533,-0.283017728,-1.471592059,-1.288289451,-0.641241709,-2.592397533,-0.283017728,-1.471592059,-1.288289451,-0.641241709,,-0.232425666,-2.059935647,-1.548077811,-1.173793274,1
YAN,151,5412.96,Freshwater,YAN GZ 0,Non Guano,-2.592397533,-0.245838725,-1.555675176,-1.301534677,-0.624981189,-2.592397533,-0.245838725,-1.555675176,-1.301534677,-0.624981189,,-0.516137137,-1.867612112,-1.535297765,-1.450349985,1
YAN,153,5412.96,Freshwater,YAN GZ 0,Non Guano,-2.594164236,-0.225016717,-1.49324518,-1.251177262,-0.613844487,-2.594164236,-0.225016717,-1.49324518,-1.251177262,-0.613844487,-1.579209945,-0.494682786,-1.896021737,-1.586953461,-1.446421272,1
YAN,155,5412.96,Freshwater,YAN GZ 0,Non Guano,-2.555784908,-0.339417923,-1.517379757,-1.279102116,-0.706934163,-2.555784908,-0.339417923,-1.517379757,-1.279102116,-0.706934163,-1.417777793,-0.49995186,-1.580896677,-1.276077196,-1.168624037,1
YAN,157,5412.96,Freshwater,YAN GZ 0,Non Guano,-2.547928351,-0.352661853,-1.497064966,-1.291048187,-0.718880234,-2.547928351,-0.352661853,-1.497064966,-1.291048187,-0.718880234,,-0.53477397,-1.397749305,-1.330243696,-1.289989179,1
YAN,159,5412.96,Freshwater,YAN GZ 0,Non Guano,-2.517037864,-0.353961398,-1.497064966,-1.266046884,-0.738909516,-2.517037864,-0.353961398,-1.497064966,-1.266046884,-0.738909516,,-0.464337383,-1.646539929,-1.342974834,-1.290769958,1
YAN,161,5412.96,Freshwater,YAN GZ 0,Non Guano,-2.513242793,-0.350067818,-1.513065307,-1.278469404,-0.713230502,-2.513242793,-0.350067818,-1.513065307,-1.278469404,-0.713230502,-1.49117806,-0.38499342,-1.565084954,-1.343617398,-1.219013481,1
YAN,163,5412.96,Freshwater,YAN GZ 0,Non Guano,-2.5101129,-0.352132742,-1.478186716,-1.250646899,-0.738673981,-2.5101129,-0.352132742,-1.478186716,-1.250646899,-0.738673981,,-0.43176716,-1.607626555,-1.281954427,-1.125942936,1
YAN,165,5412.96,Freshwater,YAN GZ 0,Non Guano,-2.524590379,-0.347355004,-1.533068814,-1.282212391,-0.719794364,-2.524590379,-0.347355004,-1.533068814,-1.282212391,-0.719794364,,-0.33646143,-1.345969865,-1.281291512,-1.086971053,1
YAN,167,5412.96,Freshwater,YAN GZ 0,Non Guano,-2.530065476,-0.318235711,-1.48701463,-1.306640281,-0.691975567,-2.530065476,-0.318235711,-1.48701463,-1.306640281,-0.691975567,,,,,,1
YAN,169,5412.96,Freshwater,YAN GZ 0,Non Guano,-2.53380377,-0.281009586,-1.588888962,-1.30380366,-0.654027404,-2.53380377,-0.281009586,-1.588888962,-1.30380366,-0.654027404,,,,,,1
YAN,171,5412.96,Freshwater,YAN GZ 0,Non Guano,-2.540282802,-0.229707539,-1.575327243,-1.303487167,-0.637744595,-2.540282802,-0.229707539,-1.575327243,-1.303487167,-0.637744595,-2.32059012,-0.478581208,-1.50091935,-1.24886467,-1.113233966,1
YAN,173,5412.96,Freshwater,YAN GZ 0,Non Guano,-2.539777848,-0.216817361,-1.535674169,-1.312348433,-0.622371924,-2.539777848,-0.216817361,-1.535674169,-1.312348433,-0.622371924,-2.082473027,-0.314884729,-1.754296424,-1.31841007,-1.274384209,1
YAN,174,5412.96,Freshwater,YAN GZ 0,Non Guano,-2.552443557,-0.204220326,-1.510710843,-1.331878514,-0.603807742,-2.552443557,-0.204220326,-1.510710843,-1.331878514,-0.603807742,-1.59429414,-0.362876433,-1.632487366,-1.248941518,-1.102056806,1
YAN,175,5412.96,Freshwater,YAN GZ 0,Non Guano,-2.533759621,-0.208949243,-1.551104486,-1.337785982,-0.609715209,-2.533759621,-0.208949243,-1.551104486,-1.337785982,-0.609715209,,-0.422627228,-1.669092958,-1.387373469,-1.407698369,1
YAN,176,5412.96,Freshwater,YAN GZ 0,Non Guano,-2.542077093,-0.243940609,-1.47937925,-1.322744888,-0.632768379,-2.542077093,-0.243940609,-1.47937925,-1.322744888,-0.632768379,,-0.418667992,-1.617856825,-1.316134473,-1.307116116,1
YAN,177,5412.96,Freshwater,YAN GZ 0,Non Guano,-2.547287777,-0.197384085,-1.552412531,-1.325300704,-0.605718202,-2.547287777,-0.197384085,-1.552412531,-1.325300704,-0.605718202,-1.445077455,-0.339993758,-1.723087441,-1.353145058,-1.298535929,1
YAN,178,5412.96,Freshwater,YAN GZ 0,Non Guano,-2.537271771,-0.247167459,-1.515395923,-1.235587677,-0.633310664,-2.537271771,-0.247167459,-1.515395923,-1.235587677,-0.633310664,-1.758738111,-0.402786315,-1.632214521,-1.228814213,-1.142281972,1
YAN,179,5412.96,Freshwater,YAN GZ 0,Non Guano,-2.52625773,-0.225368413,-1.521189,-1.32856335,-0.619619245,-2.52625773,-0.225368413,-1.521189,-1.32856335,-0.619619245,-0.755892164,-0.328238026,-1.506714417,-1.240232661,-1.15763023,1
YAN,180,5412.96,Freshwater,YAN GZ 0,Non Guano,-2.547111691,-0.221263415,-1.472243313,-1.22522489,-0.609632101,-2.547111691,-0.221263415,-1.472243313,-1.22522489,-0.609632101,,-0.314664917,-1.627600326,-1.371612288,-1.286740059,1
YAN,181,5412.96,Freshwater,YAN GZ 0,Non Guano,-2.516079234,-0.259632404,-1.50528925,-1.279750635,-0.637055916,-2.516079234,-0.259632404,-1.50528925,-1.279750635,-0.637055916,-1.167578814,-0.297046482,-1.567263827,-1.255090274,-1.182068182,1
YAN,182,5412.96,Freshwater,YAN GZ 0,Non Guano,-2.534044921,-0.237934585,-1.512169072,-1.322744888,-0.614126028,-2.534044921,-0.237934585,-1.512169072,-1.322744888,-0.614126028,-1.228531203,-0.323322708,-1.548403702,-1.416041236,-1.104382713,1
YAN,183,5412.96,Freshwater,YAN GZ 0,Non Guano,-2.514843075,-0.250867836,-1.500154451,-1.300591322,-0.629250888,-2.514843075,-0.250867836,-1.500154451,-1.300591322,-0.629250888,-1.608320604,-0.241618528,-1.58038425,-1.196652946,-0.974235197,1
YAN,184,5412.96,Freshwater,YAN GZ 0,Non Guano,-2.577062306,-0.311349448,-1.606479752,-1.15896786,-0.675785764,-2.577062306,-0.311349448,-1.606479752,-1.15896786,-0.675785764,-1.691080116,-0.345591705,-1.398487717,-1.274631572,-1.065604056,1
YAN,186,5412.96,Freshwater,YAN GZ 0,Non Guano,-2.590534468,-0.326635913,-1.436864846,-0.793427898,-0.69454153,-2.590534468,-0.326635913,-1.436864846,-0.793427898,-0.69454153,-2.82838568,-0.256435464,-1.932838875,-1.375452099,-1.058639554,1
YAN,188,5412.96,Freshwater,YAN GZ 0,Non Guano,-2.563580812,-0.288933814,-1.537696942,-0.431982026,-0.666393459,-2.563580812,-0.288933814,-1.537696942,-0.431982026,-0.666393459,-2.970900716,-0.237454324,-1.592901988,-1.226497602,-1.18697479,1
YAN,190,5446.9,Freshwater,YAN GZ 0,Non Guano,-2.534056782,-0.467109838,-0.96974997,-0.789375621,-0.574066582,-2.534056782,-0.467109838,-0.96974997,-0.789375621,-0.574066582,-1.056298019,-1.054484602,-0.403599437,-1.848043534,-1.765389694,1
YAN,192,5514.79,Freshwater,YAN GZ 0,Non Guano,-2.463313091,-1.067142351,-0.058492105,-0.765504742,-0.415854039,-2.463313091,-1.067142351,-0.058492105,-0.765504742,-0.415854039,-1.086051952,-1.132895859,-0.700289651,-1.899065577,-1.808470172,1
YAN,194,5582.68,Freshwater,YAN GZ 0,Non Guano,-2.523811745,-0.995417285,-0.259644228,-0.826484281,-0.418388152,-2.523811745,-0.995417285,-0.259644228,-0.826484281,-0.418388152,-1.291915397,-1.03290883,-0.901514944,-1.907196296,-1.762684396,1
YAN,196,5630.5,Freshwater,YAN GZ 0,Non Guano,-2.439437943,-1.073450799,-0.142637554,-0.789831696,-0.429485703,-2.439437943,-1.073450799,-0.142637554,-0.789831696,-0.429485703,-1.014364757,-1.111743733,-0.322609761,-1.935126862,-1.822485707,1
YAN,198,5678.32,Freshwater,YAN GZ 0,Non Guano,-2.341233595,-1.12761301,0.107758609,-0.695297077,-0.43383146,-2.341233595,-1.12761301,0.107758609,-0.695297077,-0.43383146,-1.142411549,-1.277241495,-1.052295476,-1.76113319,-1.894691684,1
YAN,200,5726.8,Freshwater,YAN GZ 0,Non Guano,-2.429361647,-0.886254676,-0.170287347,-0.851573762,-0.4725506,-2.429361647,-0.886254676,-0.170287347,-0.851573762,-0.4725506,-0.959133442,-0.973615876,-0.371327412,-2.287444593,-1.993712491,1
YAN,202,5775.94,Freshwater,YAN GZ 0,Non Guano,-2.48927919,-0.821188192,-0.738628983,-0.834637151,-0.446007398,-2.48927919,-0.821188192,-0.738628983,-0.834637151,-0.446007398,-2.018097548,-1.095740871,-1.45932519,-1.999295,-2.128958988,1
YAN,204,5825.08,Freshwater,YAN GZ 0,Non Guano,-2.449296689,-0.620753388,-0.93528735,-1.188205992,-0.735732553,-2.449296689,-0.620753388,-0.93528735,-1.188205992,-0.735732553,-1.698034563,-1.263847792,-1.027790491,-1.755870255,-1.899574618,1
YAN,206,5871.97,Freshwater,YAN GZ 0,Non Guano,-2.449448182,-1.178926961,-0.411752006,-0.725595544,-0.385988788,-2.449448182,-1.178926961,-0.411752006,-0.725595544,-0.385988788,-1.286157571,-1.382496547,-0.874524267,-1.752486858,-1.889191372,1
YAN,208,5918.87,Freshwater,YAN GZ 0,Non Guano,-2.392946734,-1.24652637,-0.228133972,-0.768623693,-0.537705242,-2.392946734,-1.24652637,-0.228133972,-0.768623693,-0.537705242,-1.503154715,-1.17398636,-0.791370169,-1.726562266,-1.932531568,1
YAN,210,5966.34,Freshwater,YAN GZ 0,Non Guano,-2.087727266,-0.43726147,-0.059238047,-0.308375967,-0.006655582,-2.087727266,-0.43726147,-0.059238047,-0.308375967,-0.006655582,-1.919954416,-0.222564079,-0.921885753,-1.165855372,-1.355802247,1
YAN,214,6062.44,Freshwater,YAN GZ 0,Non Guano,-2.205875853,0.156416839,-0.367258543,-0.66593457,-0.096358018,-2.205875853,0.156416839,-0.367258543,-0.66593457,-0.096358018,-2.548772189,0.235882902,-1.31933691,-1.652009251,-1.428056311,1
YAN,216,6110.1,Freshwater,YAN GZ 0,Non Guano,-2.202960306,0.211652456,-0.387691862,-0.682931255,-0.066434716,-2.202960306,0.211652456,-0.387691862,-0.682931255,-0.066434716,-2.352548396,0.275982638,-1.305321221,-1.598378388,-1.281231296,1
YAN,218,6157.76,Freshwater,YAN GZ 0,Non Guano,-2.239775007,0.164371115,-0.422686358,-0.676076587,-0.061377054,-2.239775007,0.164371115,-0.422686358,-0.676076587,-0.061377054,,,,,,1
YAN,220,6204.78,Freshwater,YAN GZ 0,Non Guano,-2.201811541,0.103967169,-0.42576381,-0.644511095,-0.041188399,-2.201811541,0.103967169,-0.42576381,-0.644511095,-0.041188399,-2.661857744,0.087631222,-1.274690428,-1.722387924,-1.538918066,1
YAN,222,6251.17,Freshwater,YAN GZ 0,Non Guano,-2.212686322,0.060394202,-0.43177733,-0.5345947,-0.083963507,-2.212686322,0.060394202,-0.43177733,-0.5345947,-0.083963507,-1.884298049,0.059115941,-1.002850509,-1.494795557,-1.473831759,1
YAN,224,6297.55,Freshwater,YAN GZ 0,Non Guano,-2.198496188,0.178955869,-0.458482629,-0.627624604,-0.041564162,-2.198496188,0.178955869,-0.458482629,-0.627624604,-0.041564162,-2.411054228,0.174235497,-1.528279953,-1.673349514,-1.506493007,1
YAN,226,6343.1,Freshwater,YAN GZ 0,Non Guano,-2.205358014,0.088754319,-0.469921862,-0.576292817,-0.060192295,-2.205358014,0.088754319,-0.469921862,-0.576292817,-0.060192295,-2.732465902,0.145174862,-1.405939593,-1.623043838,-1.446682985,1
YAN,228,6388.65,Freshwater,YAN GZ 0,Non Guano,-2.275275627,0.094209184,-0.385899211,-0.680632404,0.037591616,-2.275275627,0.094209184,-0.385899211,-0.680632404,0.037591616,-2.420927998,-0.14196791,-1.259963898,-1.696316813,-1.545845962,1
YAN,230,6435.12,Freshwater,YAN GZ 0,Non Guano,-2.217822525,-0.016991182,-0.344194466,-0.639902792,-0.002766731,-2.217822525,-0.016991182,-0.344194466,-0.639902792,-0.002766731,-2.32538463,-0.167067329,-1.322300898,-1.709273664,-1.509579544,1
YAN,232,6482.53,Freshwater,YAN GZ 0,Non Guano,-2.246101006,0.023520307,-0.304356604,-0.648702667,-0.019969085,-2.246101006,0.023520307,-0.304356604,-0.648702667,-0.019969085,-2.13024182,-0.23052078,-1.067674042,-1.611383202,-1.47090073,1
YAN,234,6529.94,Freshwater,YAN GZ 0,Non Guano,-2.233464189,-0.102510376,-0.203617197,-0.600863481,0.008686993,-2.233464189,-0.102510376,-0.203617197,-0.600863481,0.008686993,-2.039943206,-0.390331876,-0.823063127,-1.589004431,-1.482795864,1
YAN,238,6624.91,Freshwater,YAN GZ 0,Non Guano,-2.256550935,-0.131730658,-0.061217826,-0.452373752,-0.024657277,-2.256550935,-0.131730658,-0.061217826,-0.452373752,-0.024657277,-1.657457318,-0.406354305,-0.757699607,-1.608449831,-1.654759342,1
YAN,239,6648.65,Freshwater,YAN GZ 0,Non Guano,-2.147379026,0.423953606,-0.511582044,-0.650937751,-0.773839963,-2.147379026,0.423953606,-0.511582044,-0.650937751,-0.773839963,-1.992059841,-0.431410219,-0.854182371,-1.494507329,-1.629072259,1
YAN,242,6718.95,Freshwater,YAN GZ 0,Non Guano,-2.187646681,-0.26413063,-0.237013331,-0.349968509,-0.131897426,-2.187646681,-0.26413063,-0.237013331,-0.349968509,-0.131897426,-0.847127873,-0.412297169,-0.716473552,-1.368284971,-1.503080393,1
YAN,243,6742.39,Freshwater,YAN GZ 0,Non Guano,-2.208809172,-0.387984543,-0.149021555,0.097996868,-0.139900174,-2.208809172,-0.387984543,-0.149021555,0.097996868,-0.139900174,-1.198361623,-0.457090736,-0.772888236,-1.498274258,-1.58419273,1
YAN,244,6765.82,Freshwater,YAN GZ 0,Non Guano,-2.254179526,-0.454892476,-0.171121591,-0.35988246,-0.229879404,-2.254179526,-0.454892476,-0.171121591,-0.35988246,-0.229879404,-1.076316275,-0.704232941,-0.835142943,-1.667114002,-1.731598567,1
YAN,245,6787.39,Freshwater,YAN GZ 0,Non Guano,-2.310561531,-0.725100565,-0.221914,-0.227611547,-0.356132382,-2.310561531,-0.725100565,-0.221914,-0.227611547,-0.356132382,-1.337834295,-0.92882967,-0.912872717,-1.767770251,-1.6863117,1
YAN,247,6830.54,Freshwater,YAN GZ 0,Non Guano,,,,,,,,,,,-1.544599203,-0.915478883,-1.669242766,-2.05039602,-2.167406776,1
YAN,249,6873.69,Freshwater,YAN GZ 0,Non Guano,-2.542486568,-0.701723429,-1.770018569,-1.028174864,-0.899877201,-2.542486568,-0.701723429,-1.770018569,-1.028174864,-0.899877201,-1.943997093,-0.699228885,-2.284887145,-1.015660237,-1.472668761,1
YAN,250,6890.27,Freshwater,YAN GZ 0,Non Guano,-2.567860103,-0.708990712,-1.547362614,-1.139465602,-0.849171749,-2.567860103,-0.708990712,-1.547362614,-1.139465602,-0.849171749,-1.922174718,-0.703112717,-2.239768771,-0.993834573,-1.452419196,1
YAN,251,6906.86,Freshwater,YAN GZ 0,Non Guano,-2.498986984,-0.689079359,-1.939946275,-0.961713792,-0.922320919,-2.498986984,-0.689079359,-1.939946275,-0.961713792,-0.922320919,-1.592858375,-0.713118883,-1.976377324,-0.958138849,-1.371033036,1
YAN,252,6923.44,Freshwater,YAN GZ 0,Non Guano,-2.500720268,-0.615411945,-1.888949908,-1.106098179,-0.858726324,-2.500720268,-0.615411945,-1.888949908,-1.106098179,-0.858726324,-1.421378549,-0.720519885,-1.797092661,-0.910554102,-1.256108968,1
YAN,253,6923.44,Freshwater,YAN GZ 0,Non Guano,-2.501988363,-0.657440157,-1.963441599,-1.143433121,-0.928430125,-2.501988363,-0.657440157,-1.963441599,-1.143433121,-0.928430125,-1.466423182,-0.732867585,-1.634059703,-0.859983065,-1.150594388,1
YAN,255,6923.44,Freshwater,YAN GZ 0,Non Guano,-2.526470142,-0.539060206,-2.00899935,0.625705283,-0.843934748,-2.526470142,-0.539060206,-2.00899935,0.625705283,-0.843934748,-1.630658062,-0.811210435,-1.362201959,-1.120346488,-1.000275742,1
YAN,257,6940.02,Freshwater,YAN GZ 0,Non Guano,-2.502597042,-0.60311586,-2.050808281,-0.921199045,-0.903443257,-2.502597042,-0.60311586,-2.050808281,-0.921199045,-0.903443257,-1.483056791,-0.919246256,-0.980170219,-0.999054415,-0.834609396,1
YAN,259,6978.51,Freshwater,YAN GZ 0,Non Guano,-2.48848631,-0.683538104,-1.740599207,-0.629493442,-0.907411357,-2.48848631,-0.683538104,-1.740599207,-0.629493442,-0.907411357,-1.36753545,-1.005581314,-0.664957346,-0.904310204,-0.663454137,1
YAN,261,7022.31,Freshwater,YAN GZ 0,Non Guano,-2.393465123,-0.874603624,-0.117426725,-0.55727292,-0.077384965,-2.393465123,-0.874603624,-0.117426725,-0.55727292,-0.077384965,-1.688949465,-1.038060315,-0.60798804,-0.857914674,-0.622199197,1
YAN,263,7066.11,Freshwater,YAN GZ 0,Non Guano,-2.356900364,-0.73369907,-0.694001453,-0.627286423,-0.006604564,-2.356900364,-0.73369907,-0.694001453,-0.627286423,-0.006604564,-0.99176959,-1.08299161,-0.559341124,-0.857175774,-0.632616251,1
YAN,265,7126.3,Freshwater,YAN GZ 0,Non Guano,-2.33909464,-0.843490003,-0.253367189,-0.35992388,-0.116570552,-2.33909464,-0.843490003,-0.253367189,-0.35992388,-0.116570552,-0.385447812,-1.089848677,-0.480772505,-0.823587842,-0.586408119,1
YAN,267,7186.49,Freshwater,YAN GZ 0,Non Guano,-2.414373307,-0.894776243,-0.138473853,-0.56030603,-0.19123724,-2.414373307,-0.894776243,-0.138473853,-0.56030603,-0.19123724,0.063887989,-1.085517793,-0.513197091,-0.801433691,-0.489255879,1
YAN,269,7246.37,Freshwater,YAN GZ 0,Non Guano,-2.394074305,-0.924112099,-0.15564687,-0.207691915,-0.245715468,-2.394074305,-0.924112099,-0.15564687,-0.207691915,-0.245715468,0.481272694,-0.995381895,-0.41191373,-0.60144539,-0.376515885,1
YAN,271,7305.93,Glaciomarine ,YAN GZ 0,Non Guano,-2.384251344,-0.913648009,-0.140053553,-0.289561631,-0.287831465,-2.384251344,-0.913648009,-0.140053553,-0.289561631,-0.287831465,0.660379577,-0.542495983,-0.368025774,-0.465315182,-0.189268157,1
YAN,273,7365.5,Glaciomarine ,YAN GZ 0,Non Guano,-2.379605575,-0.863633635,-0.197928141,0.203240962,-0.300397825,-2.379605575,-0.863633635,-0.197928141,0.203240962,-0.300397825,0.236731454,-0.390459037,-0.490782523,-0.592969272,-0.4482187,1
YAN,275,7424.94,Glaciomarine ,YAN GZ 0,Non Guano,-2.243616623,-0.215435116,-0.310699398,0.153161632,0.185897669,-2.243616623,-0.215435116,-0.310699398,0.153161632,0.185897669,-0.261476169,-0.350452354,-0.847747959,-0.753193027,-0.792479217,1
YAN,277,7484.38,Glaciomarine ,YAN GZ 0,Non Guano,-2.307883705,-0.218932421,-0.449909187,0.157755667,0.125071321,-2.307883705,-0.218932421,-0.449909187,0.157755667,0.125071321,-0.927905961,-0.425644309,-0.989239636,-0.886194944,-1.046787328,1
YAN,279,7544.41,Glaciomarine ,YAN GZ 0,Non Guano,-2.036516618,0.146664154,-0.535563844,-0.104853063,-0.43358211,-2.036516618,0.146664154,-0.535563844,-0.104853063,-0.43358211,-0.699993444,-0.392067714,-1.104917698,-0.934791177,-1.074955417,1
YAN,281,7605.01,Glaciomarine ,YAN GZ 0,Non Guano,-1.875719517,0.292210973,-0.307299962,-0.6211435,-0.520586868,-1.875719517,0.292210973,-0.307299962,-0.6211435,-0.520586868,-0.608597163,-0.45603663,-1.197916999,-1.009989493,-1.223501083,1
YAN,283,7665.62,Glaciomarine ,YAN GZ 0,Non Guano,-2.09091688,0.328491672,-0.312699559,-0.125909791,-0.547156668,-2.09091688,0.328491672,-0.312699559,-0.125909791,-0.547156668,-0.440450969,-0.543367697,-1.302274236,-1.022480977,-1.253337204,1
YAN,285,7727.12,Glaciomarine ,YAN GZ 0,Non Guano,-2.121100701,0.267092556,-0.411346784,-0.460353237,-0.677600225,-2.121100701,0.267092556,-0.411346784,-0.460353237,-0.677600225,-0.402767295,-0.649199268,-0.974810953,-1.009072549,-1.295862952,1
YAN,287,7788.62,Glaciomarine ,YAN GZ 0,Non Guano,-2.171658503,0.382148885,-0.251810503,-0.720497002,-0.713392406,-2.171658503,0.382148885,-0.251810503,-0.720497002,-0.713392406,-0.248576896,-0.745090109,-0.95378665,-0.994265928,-1.376157047,1
YAN,289,7850.23,Glaciomarine ,YAN GZ 0,Non Guano,-2.169357006,0.258905341,-0.249509006,-0.394968495,-0.680476273,-2.169357006,0.258905341,-0.249509006,-0.394968495,-0.680476273,-0.777606106,-0.68716923,-0.989351368,-1.055205049,-1.629124233,1
YAN,291,7911.95,Glaciomarine ,YAN GZ 0,Non Guano,-1.941028898,0.330697321,-0.272889454,-0.190328416,-0.611902249,-1.941028898,0.330697321,-0.272889454,-0.190328416,-0.611902249,-0.983564055,-0.447685773,-1.127494863,-1.040371956,-1.715958758,1
YAN,293,7973.67,Glaciomarine ,YAN GZ 0,Non Guano,-2.176068653,-0.119008301,-0.216043279,-0.615136487,-0.866775773,-2.176068653,-0.119008301,-0.216043279,-0.615136487,-0.866775773,-1.383550072,-0.51800952,-1.244525546,-1.071837054,-1.827387935,1
YAN,295,8033.68,Glaciomarine ,YAN GZ 0,Non Guano,-2.139524478,0.371664258,-0.086288568,-0.490543818,-0.811196375,-2.139524478,0.371664258,-0.086288568,-0.490543818,-0.811196375,-1.301139471,-0.530628539,-1.468207348,-1.080918062,-1.822258245,1
YAN,297,8093.68,Glaciomarine ,YAN GZ 0,Non Guano,-2.051207334,-0.023362979,-0.200445754,-0.355398986,-0.859882724,-2.051207334,-0.023362979,-0.200445754,-0.355398986,-0.859882724,-1.068044788,-0.518015054,-1.544906236,-1.054295853,-1.808653642,1
YAN,299,8160.98,Glaciomarine ,YAN GZ 0,Non Guano,-2.130352577,0.564109764,-0.459665361,-0.364650862,-0.700616943,-2.130352577,0.564109764,-0.459665361,-0.364650862,-0.700616943,-1.112962701,-0.582424972,-1.729044985,-1.067931894,-1.805027151,1
YAN,301,8235.56,Glaciomarine ,YAN GZ 0,Non Guano,-2.170381771,0.087681847,-0.188526495,-0.573160659,-1.004926111,-2.170381771,0.087681847,-0.188526495,-0.573160659,-1.004926111,-0.866339826,-0.842044396,-1.792517205,-1.093722269,-1.781703384,1
YAN,303,8310.14,Glaciomarine ,YAN GZ 0,Non Guano,-2.113900209,0.132573471,-0.243174909,-0.741257026,-1.050923638,-2.113900209,0.132573471,-0.243174909,-0.741257026,-1.050923638,-0.588089969,-0.857782951,-1.801387084,-1.08039291,-1.737743144,1
YAN,305,8405.64,Glaciomarine ,YAN GZ 0,Non Guano,-1.960919056,0.363270732,-0.030415348,-0.743858876,-0.854935959,-1.960919056,0.363270732,-0.030415348,-0.743858876,-0.854935959,-0.744564154,-0.903539233,-1.595060585,-1.163545972,-1.812087227,1
YAN,307,8501.15,Glaciomarine ,YAN GZ 0,Non Guano,-2.074346901,0.074399582,-0.301834825,-0.607062211,-0.955177634,-2.074346901,0.074399582,-0.301834825,-0.607062211,-0.955177634,-0.528039972,-0.879768416,-1.466378376,-1.168407877,-1.703736131,1
YAN,309,8596.24,Glaciomarine ,YAN GZ 0,Non Guano,-2.03128225,0.262013423,-0.488428406,-0.661193347,-0.85821286,-2.03128225,0.262013423,-0.488428406,-0.661193347,-0.85821286,-0.257363684,-0.871835447,-1.365555559,-1.13282834,-1.616268291,1
YAN,311,8690.93,Glaciomarine ,YAN GZ 0,Non Guano,-2.12120523,0.116121257,-0.234093821,-0.536795183,-0.897530514,-2.12120523,0.116121257,-0.234093821,-0.536795183,-0.897530514,-0.377286465,-0.894051141,-1.286777685,-1.147462128,-1.623656012,1
YAN,313,8785.62,Glaciomarine ,YAN GZ 0,Non Guano,-1.839066466,0.383272758,-0.410548347,-0.589909388,-0.787712908,-1.839066466,0.383272758,-0.410548347,-0.589909388,-0.787712908,-0.559868771,-0.867738603,-1.327894176,-1.187547814,-1.62933711,1
YAN,315,8879.38,Glaciomarine ,YAN GZ 0,Non Guano,-2.006271521,0.270620215,-0.250426497,-0.640255943,-0.825975901,-2.006271521,0.270620215,-0.250426497,-0.640255943,-0.825975901,-0.332597711,-0.754393405,-1.506250639,-1.105848513,-1.511823354,1
YAN,319,9066.52,Glaciomarine ,YAN GZ 0,Non Guano,-1.936943402,0.235689034,-0.407938792,-0.437537531,-0.836721586,-1.936943402,0.235689034,-0.407938792,-0.437537531,-0.836721586,-0.465009348,-0.799774311,-1.826660453,-1.073648357,-1.57673546,1
YAN,321,9159.51,Glaciomarine ,YAN GZ 0,Non Guano,-2.125766569,0.375244333,-0.365193405,-0.718195505,-0.820489503,-2.125766569,0.375244333,-0.365193405,-0.718195505,-0.820489503,-0.634100171,-0.710631245,-2.001597964,-0.938820447,-1.560232732,1
YAN,323,9252.51,Glaciomarine ,YAN GZ 0,Non Guano,-1.896108157,0.400390405,-0.157475263,-0.728744301,-0.835995198,-1.896108157,0.400390405,-0.157475263,-0.728744301,-0.835995198,-0.665783213,-0.633325957,-2.091234516,-0.851594826,-1.57321604,1
YAN,325,9344.05,Glaciomarine ,YAN GZ 0,Non Guano,-2.291556513,0.382133157,-0.410548347,-0.589909388,-0.771183606,-2.291556513,0.382133157,-0.410548347,-0.589909388,-0.771183606,-0.289191495,-0.51275648,-2.069453553,-0.76034252,-1.481657888,1
YAN,327,9435.6,Glaciomarine ,YAN GZ 0,Non Guano,-2.010349336,0.167591565,-0.374305513,-0.652430969,-0.901940665,-2.010349336,0.167591565,-0.374305513,-0.652430969,-0.901940665,-0.087473116,-0.468206292,-1.979634252,-0.666366487,-1.35528601,1
YAN,329,9527.78,Glaciomarine ,YAN GZ 0,Non Guano,-2.016189814,0.143204438,-0.271730113,-0.261949005,-0.87172021,-2.016189814,0.143204438,-0.271730113,-0.261949005,-0.87172021,0.393772891,-0.387890317,-1.981389575,-0.572272498,-1.194915363,1
YAN,331,9620.6,Glaciomarine ,YAN GZ 0,Non Guano,-2.066112493,0.339400171,-0.348327031,-0.209558683,-0.789570449,-2.066112493,0.339400171,-0.348327031,-0.209558683,-0.789570449,0.799772021,-0.338938052,-1.954959908,-0.603213399,-1.020381763,1
YAN,333,9713.43,Glaciomarine ,YAN GZ 0,Non Guano,-2.018263178,0.306332172,-0.38916986,-0.494023595,-0.884793361,-2.018263178,0.306332172,-0.38916986,-0.494023595,-0.884793361,1.077869989,-0.061728437,-1.163539222,-0.588776923,-0.669969536,1
YAN,335,9806.56,Glaciomarine ,YAN GZ 0,Non Guano,-1.828394416,0.40613442,-0.4780145,-0.612424154,-0.811693949,-1.828394416,0.40613442,-0.4780145,-0.612424154,-0.811693949,1.301167537,-0.011989246,-0.839000483,-0.455485536,-0.29400283,1
YAN,337,9899.69,Glaciomarine ,YAN GZ 0,Non Guano,-2.013644232,0.427914328,-0.438509161,-0.661625587,-0.841445823,-2.013644232,0.427914328,-0.438509161,-0.661625587,-0.841445823,1.612086665,0.188566901,-0.421361967,-0.307047784,0.117852833,1
YAN,339,9989.81,Glaciomarine ,YAN GZ 0,Non Guano,-2.150371083,0.422600734,-0.519088782,-0.647015793,-0.7813467,-2.150371083,0.422600734,-0.519088782,-0.647015793,-0.7813467,0.715470689,0.071664133,-0.522068619,-0.598260777,-0.324194735,1
YAN,341,10076.94,Glaciomarine ,YAN GZ 0,Non Guano,-2.094249085,0.361131396,-0.107880403,-0.610014836,-0.697825728,-2.094249085,0.361131396,-0.107880403,-0.610014836,-0.697825728,0.27079219,-0.104185289,-0.701938687,-0.787308181,-0.579097351,1
YAN,343,10164.06,Glaciomarine ,YAN GZ 0,Non Guano,-2.158647523,0.275445212,-0.182678578,-0.557348372,-0.755151892,-2.158647523,0.275445212,-0.182678578,-0.557348372,-0.755151892,0.121594401,-0.168259359,-0.760588866,-0.841695922,-0.65606222,1
YAN,345,10225.77,Glaciomarine ,YAN GZ 0,Non Guano,-2.279013173,0.466688948,-0.378825841,-0.525002434,-0.28062483,-2.279013173,0.466688948,-0.378825841,-0.525002434,-0.28062483,-0.413669077,-0.090462672,-0.884061536,-0.968562605,-0.96371235,1
YAN,347,10287.48,Glaciomarine ,YAN GZ 0,Non Guano,-2.359022667,0.437126784,-0.264723245,-0.422803294,-0.291602872,-2.359022667,0.437126784,-0.264723245,-0.422803294,-0.291602872,-0.667811845,-0.099664213,-0.903851782,-0.998421871,-1.064660554,1
YAN,349,10342.61,Glaciomarine ,YAN GZ 0,Non Guano,-2.133335777,0.4246781,-0.130630675,-0.672223946,-0.525132156,-2.133335777,0.4246781,-0.130630675,-0.672223946,-0.525132156,-0.697546556,-0.103086924,-1.000963398,-1.047652036,-1.120338701,1
YAN,351,10391.15,Glaciomarine ,YAN GZ 0,Non Guano,-2.275665464,0.364736581,-0.2715801,-0.676018785,-0.585823827,-2.275665464,0.364736581,-0.2715801,-0.676018785,-0.585823827,-0.745709474,0.041841873,-0.962979961,-1.023377987,-1.136720529,1
YAN,353,10439.69,Glaciomarine ,YAN GZ 0,Non Guano,-2.186148323,0.327350513,-0.331212396,-0.60822859,-0.475968284,-2.186148323,0.327350513,-0.331212396,-0.60822859,-0.475968284,-0.951315169,0.053642078,-1.047591626,-1.071997881,-1.244931503,1