Record,Section,Section_depth,strat_depth,SH20_age,Type,Group,Guano_Zone,Guano_Sum,P2O5_TiO2,CaO_TiO2,Cu_TiO2,Zn_TiO2,Sr_TiO2,P_Ti,Ca_Ti,Cu_Ti,Zn_Ti,Sr_Ti,P_Ti_CS,Ca_Ti_CS,Cu_Ti_CS,Zn_Ti_CS,Sr_Ti_CS,Plot_order
ARD,ARD-1A,13,13,1286,Freshwater,Unit A12,ARD GZ 5,Guano,5.34375,7.080078125,0.033986591,0.024316406,0.074023438,3.891111946,8.443267661,0.056707273,0.040572386,0.123509514,0.009029819,1.635027299,0.10751785,0.158546829,1.518269635,3
ARD,ARD-1A,15,15,1609,Freshwater,Unit A12,ARD GZ 5,Guano,3.375856164,5.84760274,0.019428927,0.023287671,0.052568493,2.458167813,6.973492981,0.032417534,0.038855922,0.087711531,0.046336882,5.189104571,1.484658735,2.142767689,10.13587977,3
ARD,ARD-1A,17,17,1783,Freshwater,Unit A12,ARD GZ 5,Guano,12.82005495,13.55769231,0.086049566,0.080631868,0.169230769,9.335067874,16.16807371,0.143575337,0.134535806,0.282364757,0.037643208,6.242771413,1.692307692,2.183306056,11.53409711,3
ARD,ARD-1A,19,19,1958,Freshwater,Unit A12,ARD GZ 5,Guano,7.842789598,7.978723404,0.054662069,0.045862884,0.10177305,5.710815869,9.514936998,0.091204702,0.076523095,0.169810269,0.098051948,9.461038961,2.392207792,3.834415584,21.16103896,3
ARD,ARD-1A,21,21,2084,Freshwater,Unit A12,ARD GZ 5,Guano,9.486891386,9.650436954,0.06832727,0.058052434,0.121722846,6.907987163,11.50852022,0.11400535,0.096861591,0.203096885,0.051878354,8.833631485,2.472271914,3.674418605,19.09838998,3
ARD,ARD-1A,23,23,2163,Freshwater,Unit A12,ARD GZ 5,Guano,,,,,,,,,,,0.037393768,2.524645892,1.141076487,1.162606232,8.596033994,3
ARD,ARD-1A,25,25,2243,Freshwater,Unit A12,ARD GZ 5,Guano,6.96314741,8.615537849,0.041691306,0.048705179,0.094721116,5.07029447,10.27436291,0.069562737,0.081265518,0.158043983,0.104091456,8.682310469,2.78700361,3.54211793,17.37966306,3
ARD,ARD-1A,27,27,2303,Freshwater,Unit A12,ARD GZ 5,Guano,4.134364821,6.498371336,0.02298307,0.023371336,0.05504886,3.010484462,7.749559762,0.038347689,0.038995518,0.09185007,0.039521392,3.445250181,0.633430022,0.838651197,5.539158811,3
ARD,ARD-1A,29,29,2363,Freshwater,Unit A12,ARD GZ 5,Guano,3.367213115,5.909836066,0.020710984,0.016967213,0.048688525,2.451874279,7.047708635,0.034556671,0.028310118,0.081237729,0.031715705,3.983951089,0.736721437,0.983568972,6.629728697,3
ARD,ARD-1A,31,31,2424,Freshwater,Unit A12,ARD GZ 5,Guano,3.438596491,5.837320574,0.020073407,0.020733652,0.049043062,2.503852891,6.9612311,0.033492861,0.034594493,0.081829282,0.019547325,2.960562414,0.524691358,0.643689986,4.992455418,3
ARD,ARD-1A,33,33,2487,Freshwater,Unit A12,ARD GZ 5,Guano,3.824959481,6.069692058,0.020707817,0.021799028,0.049837925,2.785187468,7.238343104,0.034551387,0.036372092,0.083155527,0.028681357,3.610003498,0.640083945,0.813571179,5.621545995,3
ARD,ARD-1A,35,35,2549,Freshwater,Unit A11,ARD GZ 0,Non Guano,2.32471008,5.04014273,0.012503351,0.012310437,0.038893845,1.692763914,6.010565613,0.020862079,0.020540198,0.06489512,0.014588859,2.774204244,0.331233422,0.578249337,4.045092838,2
ARD,ARD-1A,37,37,2606,Freshwater,Unit A11,ARD GZ 0,Non Guano,2.132075472,4.887690925,0.012764558,0.010422282,0.037466307,1.552494847,5.828760926,0.021297909,0.017389776,0.062513246,0.014798489,2.217254408,0.26070529,0.305730479,3.045969773,2
ARD,ARD-1A,39,39,2663,Freshwater,Unit A11,ARD GZ 0,Non Guano,1.998290598,5.068376068,0.013446609,0.013846154,0.037948718,1.45507788,6.044234964,0.022435923,0.023102571,0.063318158,0.015848353,2.133623369,0.245494096,0.298943443,3.104412679,2
ARD,ARD-1A,41,41,2706,Freshwater,Unit A11,ARD GZ 0,Non Guano,2.262090484,5.070202808,0.014503115,0.014664587,0.039157566,1.647166747,6.046413422,0.024198723,0.024468142,0.065335144,0.01503006,2.923179693,0.518036072,0.578824315,4.38510354,2
ARD,ARD-1A,43,43,2736,Freshwater,Unit A11,ARD GZ 0,Non Guano,4.590544157,6.743978591,0.026282554,0.026137377,0.058876004,3.342656601,8.042455936,0.043852941,0.043610711,0.098235732,0.045045045,4.094329624,0.676735559,0.820879703,5.309485957,2
ARD,ARD-1A,45,45,2766,Freshwater,Unit A11,ARD GZ 0,Non Guano,3.465635739,5.919243986,0.020888242,0.01967354,0.050343643,2.523541825,7.058927945,0.034852429,0.032825675,0.083999325,0.03299389,4.014663951,0.709979633,0.910794297,6.638696538,2
ARD,ARD-1A,47,47,2789,Freshwater,Unit A11,ARD GZ 0,Non Guano,6.75,9.183673469,0.036971938,0.040612245,0.084489796,4.915088774,10.95188667,0.061688382,0.067762303,0.140972832,0.022183099,2.621830986,0.366197183,0.480985915,4.747887324,2
ARD,ARD-1A,49,49,2811,Freshwater,Unit A11,ARD GZ 0,Non Guano,3.657679739,6.200980392,0.019241115,0.02001634,0.050653595,2.663380833,7.394909532,0.032104166,0.033397644,0.084516486,0.029969149,5.051123843,1.041868665,1.312031732,7.835169678,2
ARD,ARD-1A,51,51,2830,Freshwater,Unit A11,ARD GZ 0,Non Guano,1.97564688,5.273972603,0.010449171,0.011339422,0.038888889,1.4385896,6.289416803,0.01743464,0.018920041,0.064886851,0.015255906,2.693405512,0.281988189,0.424212598,4.36023622,2
ARD,ARD-1A,53,53,2846,Freshwater,Unit A11,ARD GZ 0,Non Guano,1.764020393,5.178441369,0.009305698,0.010852149,0.036562272,1.284491383,6.175492103,0.015526734,0.018107016,0.061004847,0.019157088,2.360974275,0.171866448,0.35440613,3.850574713,2
ARD,ARD-1A,55,55,2862,Freshwater,Unit A11,ARD GZ 0,Non Guano,0.578830084,4.384401114,0.003080904,0.005682451,0.024345404,0.421481666,5.228568313,0.005140548,0.009481278,0.040620769,0.008455468,2.170800451,0.152198422,0.278748591,3.041149944,2
ARD,ARD-1A,57,57,2876,Freshwater,Unit A11,ARD GZ 0,Non Guano,2.234558249,5.621579359,0.012077003,0.013526192,0.043080532,1.627118839,6.703951336,0.020150709,0.022568709,0.071880687,0.010514665,2.317100166,0.211123409,0.300221361,3.137797454,2
ARD,ARD-1A,59,59,2890,Freshwater,Unit A11,ARD GZ 0,Non Guano,1.268403909,4.892508143,0.006522223,0.008729642,0.033224756,0.923602639,5.834505645,0.010882452,0.014565573,0.055436137,0.003418803,2.379242979,0.241269841,0.302808303,3.143833944,2
ARD,ARD-1B,5,61.3,2907,Freshwater,Unit A11,ARD GZ 0,Non Guano,5.058106842,7.460168697,0.026987162,0.031771321,0.077788191,3.683117653,8.896540405,0.045028593,0.053011054,0.129791077,,2.674465921,0.512716175,0.600203459,11.2034588,2
ARD,ARD-1B,7,64.5,2930,Freshwater,Unit A11,ARD GZ 0,Non Guano,,,,,,,,,,,0.060352832,7.192200557,2.308263695,3.233054782,24.71959146,2
ARD,ARD-1B,9,67.6,2953,Freshwater,Unit A10,ARD GZ 4,Guano,15.01779935,17.1197411,0.10105726,0.112135922,0.205501618,10.9353803,20.415955,0.16861596,0.187100919,0.342883359,0.086563307,6.639534884,2.366925065,3.062015504,28.63049096,4
ARD,ARD-1B,11,70.8,2977,Freshwater,Unit A10,ARD GZ 4,Guano,15.00803859,16.62379421,0.107612178,0.109646302,0.2,10.92827289,19.82451911,0.179552966,0.182946941,0.333703804,0.077327327,8.961711712,2.417417417,3.03003003,19.26126126,4
ARD,ARD-1B,13,74,3001,Freshwater,Unit A10,ARD GZ 4,Guano,13.40688576,15.43035994,0.091618295,0.102503912,0.187793427,9.762375362,18.40130247,0.152866868,0.171029728,0.313336905,0.052945563,7.777777778,2.117822521,2.58836689,17.23117077,4
ARD,ARD-1B,15,77.1,3027,Freshwater,Unit A10,ARD GZ 4,Guano,11.68704512,13.90101892,0.083551538,0.094032023,0.163609898,8.510053969,16.57750401,0.13940733,0.156894219,0.272986227,0.247863248,9.645299145,3.944444444,6.863247863,90.84615385,4
ARD,ARD-1B,17,80.3,3054,Freshwater,Unit A10,ARD GZ 4,Guano,16.57069847,18.27938671,0.109317995,0.13032368,0.218568995,12.06614134,21.79887735,0.182399153,0.217447539,0.364686525,0.017766497,8.345177665,2.934010152,5.271573604,56.8680203,4
ARD,ARD-1B,19,83.5,3081,Freshwater,Unit A10,ARD GZ 4,Guano,17.1349481,19.35986159,0.115804108,0.148269896,0.220242215,12.47700608,23.08738554,0.193221357,0.247391142,0.367478324,0.105263158,13.61403509,10.26315789,21.63157895,408.6315789,4
ARD,ARD-1B,21,86.6,3108,Freshwater,Unit A10,ARD GZ 4,Guano,12.95335277,15.51020408,0.085758217,0.089504373,0.170116618,9.432130191,18.4965197,0.143089216,0.149339749,0.283842813,0.109839817,10.18535469,3.205949657,4.835240275,41.89016018,4
ARD,ARD-1B,23,89.8,3136,Freshwater,Unit A10,ARD GZ 4,Guano,14.22098569,17.10651828,0.09747091,0.106200318,0.179650238,10.35517143,20.40018628,0.162632067,0.177197251,0.29974984,0.01240458,6.416030534,1.854007634,2.322519084,21.07633588,4
ARD,ARD-1B,25,92.9,3163,Freshwater,Unit A10,ARD GZ 4,Guano,15.06632653,18.0952381,0.110915813,0.129251701,0.193877551,10.97071591,21.57927299,0.185065145,0.215658921,0.323488382,0.029962547,5.724719101,1.969101124,2.191947566,21.17977528,4
ARD,ARD-1B,27,96.1,3191,Freshwater,Unit A10,ARD GZ 4,Guano,22.20879121,25.8021978,0.155491696,0.171428571,0.295384615,16.17158228,30.77012124,0.259440853,0.286031832,0.492854849,0.12369338,16.02264808,4.449477352,5.68815331,45.60627178,4
ARD,ARD-1B,29,99.3,3219,Freshwater,Unit A10,ARD GZ 4,Guano,16.45207957,18.11934901,0.111211392,0.114647378,0.212658228,11.97976764,21.60802618,0.185558323,0.191291331,0.354824298,0.097560976,12.85772358,3.608739837,4.156504065,28.36686992,4
ARD,ARD-1B,31,102.4,3246,Freshwater,Unit A10,ARD GZ 4,Guano,15.11205433,16.77419355,0.109108678,0.109168081,0.201697793,11.00401312,20.00387615,0.182049905,0.182149021,0.336536604,0.086267606,10.21478873,2.911971831,3.702464789,21.80369718,4
ARD,ARD-1B,33,105.6,3274,Freshwater,Unit A10,ARD GZ 4,Guano,13.44126506,17.13855422,0.087450824,0.092168675,0.179668675,9.787409039,20.43839037,0.145913363,0.153785187,0.299780601,0.050642479,9.169312169,2.563114135,3.062736206,19.49659864,4
ARD,ARD-1B,35,108.7,3301,Freshwater,Unit A10,ARD GZ 4,Guano,12.13704206,15.61736771,0.078141932,0.089009498,0.170556309,8.837724325,18.62431648,0.1303813,0.14851404,0.284576446,0.059163987,8.384565916,1.68681672,2.241800643,16.56913183,4
ARD,ARD-1B,37,111.9,3329,Freshwater,Unit A9,ARD GZ 4,Guano,7.190816327,11.16326531,0.040766426,0.045918367,0.105306122,5.236074164,13.31262668,0.068019558,0.076615669,0.175705268,0.021611887,4.845114813,1.170193606,1.557406574,8.884286357,4
ARD,ARD-1B,39,115.1,3357,Freshwater,Unit A9,ARD GZ 4,Guano,5.647601476,9.815498155,0.034128495,0.03597786,0.085701107,4.112364832,11.7053621,0.056944043,0.060029743,0.142993927,0.044608223,5.276570985,0.737781226,0.984096199,8.647788984,4
ARD,ARD-1B,41,118.2,3385,Freshwater,Unit A9,ARD GZ 4,Guano,5.130355515,9.243391067,0.030508101,0.032452142,0.081312671,3.735726341,11.02310222,0.050903348,0.054147017,0.135671738,0.019209957,3.388798701,0.32521645,0.405032468,4.341720779,4
ARD,ARD-1B,43,121.4,3416,Freshwater,Unit A9,ARD GZ 4,Guano,4.122557726,8.072824156,0.027436033,0.028419183,0.071492007,3.001886993,9.627155793,0.045777543,0.047417947,0.119285774,0.017810026,3.707783641,0.723614776,0.976912929,7.792216359,4
ARD,ARD-1B,45,124.5,3451,Freshwater,Unit A9,ARD GZ 4,Guano,3.673300166,7.777777778,0.022453587,0.028524046,0.066252073,2.674755024,9.275301547,0.037464237,0.047592914,0.110542844,0.01417214,3.932941583,0.620117525,0.639474594,7.514690633,4
ARD,ARD-1B,47,127.7,3486,Freshwater,Unit A9,ARD GZ 4,Guano,3.520661157,7.652892562,0.022300559,0.02661157,0.063471074,2.563609205,9.126371086,0.037208908,0.044401911,0.105902695,0.02880288,4.312781278,0.583708371,0.770027003,7.580108011,4
ARD,ARD-1B,49,130.9,3520,Freshwater,Unit A9,ARD GZ 4,Guano,3.360734238,7.414205906,0.02024162,0.023782921,0.059377494,2.447156611,8.841727994,0.033773527,0.039682256,0.099072478,0.014246575,3.745205479,0.533150685,0.893150685,9.248767123,4
ARD,ARD-1B,51,134,3554,Freshwater,Unit A9,ARD GZ 4,Guano,3.799654577,8.039723661,0.024125357,0.027633851,0.071848014,2.766761416,9.587682169,0.040253618,0.046107607,0.119879778,0.025398893,3.853793553,0.339954412,0.573754477,5.662976229,4
ARD,ARD-1B,53,137.2,3588,Freshwater,Unit A9,ARD GZ 4,Guano,3.105084746,7.322033898,0.021251443,0.024237288,0.059915254,2.261002545,8.731809302,0.035458438,0.040440376,0.099969741,0.030927835,3.803458597,0.447954772,0.735616894,5.297306285,4
ARD,ARD-1B,55,140.4,3623,Freshwater,Unit A9,ARD GZ 4,Guano,4.242009132,8.356164384,0.028996448,0.029954338,0.06739726,3.088866884,9.965049999,0.048381126,0.049979383,0.112453611,0.035394456,5.046908316,0.886140725,0.93347548,8.142857143,4
ARD,ARD-1B,57,143.5,3657,Freshwater,Unit A9,ARD GZ 4,Guano,5.263366337,9.891089109,0.032947218,0.032178218,0.089207921,3.832579674,11.79550724,0.05497306,0.053689969,0.148845113,0.008715423,4.912845775,0.815460402,1.147025388,7.561197423,4
ARD,ARD-1B,59,146.7,3696,Freshwater,Unit A9,ARD GZ 4,Guano,3.395061728,7.868312757,0.020560786,0.021316872,0.062386831,2.472152561,9.38326802,0.034306062,0.035567607,0.104093615,0.023818385,4.721622627,0.526609602,0.707852624,6.351321176,4
ARD,ARD-1B,61,149.8,3736,Freshwater,Unit A9,ARD GZ 4,Guano,3.104265403,7.654028436,0.018979358,0.01943128,0.057030016,2.260405931,9.127725659,0.031667421,0.03242146,0.095155666,0.039699248,4.325112782,0.446917293,0.527819549,5.022857143,4
ARD,ARD-1C,41,151,3751,Freshwater,Unit A9,ARD GZ 4,Guano,2.388117284,6.99845679,0.016553591,0.015354938,0.048302469,1.738934586,8.345931055,0.027619981,0.025620007,0.080593589,0.005728314,3.361292962,0.331423895,0.407528642,5.273322422,4
ARD,ARD-1C,43,153,3777,Freshwater,Unit A9,ARD GZ 4,Guano,3.415973378,7.928452579,0.020703832,0.021547421,0.063144759,2.487379615,9.454987089,0.034544737,0.035952282,0.105358231,0.022291022,2.600309598,0.184210526,0.292569659,3.260681115,4
ARD,ARD-1C,45,155,3802,Freshwater,Unit A9,ARD GZ 4,Guano,0.954266212,5.590443686,0.007875215,0.008327645,0.031535836,0.694859725,6.666820839,0.013139947,0.013894834,0.052618143,0.008330854,2.381731627,0.152038084,0.183873847,2.788753347,4
ARD,ARD-1C,47,157,3833,Freshwater,Unit A9,ARD GZ 4,Guano,0.544529262,4.980916031,0.005701512,0.00648855,0.025954198,0.396505135,5.939935478,0.00951308,0.010826268,0.043305074,0.00700191,2.031508593,0.105665181,0.152450668,2.667727562,4
ARD,ARD-1C,49,159,3864,Freshwater,Unit A8,ARD GZ 0,Non Guano,0.330241187,4.737167594,0.005012145,0.00550402,0.023871367,0.240468852,5.649256018,0.008362859,0.009183562,0.039829829,0.004681648,2.204822097,0.071161049,0.125234082,2.151217228,2
ARD,ARD-1C,51,161,3898,Freshwater,Unit A8,ARD GZ 0,Non Guano,0.252354049,5.109855618,0.00424969,0.00527307,0.024544884,0.183754452,6.093700936,0.007090689,0.008798217,0.040953606,0.013799243,2.198531048,0.049632762,0.119964389,1.890941465,2
ARD,ARD-1C,53,163,3936,Freshwater,Unit A8,ARD GZ 0,Non Guano,0.313802083,5.403645833,0.004097014,0.005273438,0.024869792,0.228498533,6.444057158,0.006835945,0.008798831,0.04149572,0.003808073,2.252665651,0.038271135,0.11824067,1.613099772,2
ARD,ARD-1C,55,165,3974,Freshwater,Unit A8,ARD GZ 0,Non Guano,0.231691919,4.949494949,0.003792277,0.004924242,0.023800505,0.168709089,5.902464621,0.006327487,0.008216192,0.039711595,0.004706325,1.938064759,0.056099398,0.128388554,1.590361446,2
ARD,ARD-1C,57,167,4012,Freshwater,Unit A8,ARD GZ 0,Non Guano,0.476107226,3.758741259,0.004667418,0.005652681,0.018531469,0.346682857,4.482444679,0.007787676,0.009431605,0.030920108,0.005174644,2.124006653,0.052670486,0.114026982,1.604694142,2
ARD,ARD-1C,59,169,4051,Freshwater,Unit A8,ARD GZ 0,Non Guano,0.203907204,4.603174603,0.004307572,0.005006105,0.021978022,0.148477335,5.489464181,0.007187265,0.008352781,0.036670748,0.010084342,2.225889256,0.083608361,0.117161716,1.682618262,2
ARD,ARD-1C,61,171,4089,Freshwater,Unit A8,ARD GZ 0,Non Guano,0.209807573,4.742396027,0.003965463,0.00496586,0.022780881,0.152773755,5.655491127,0.006616451,0.008285631,0.038010334,0.003433476,1.985693848,0.082689557,0.125321888,1.699284692,2
ARD,ARD-1C,63,173,4127,Freshwater,Unit A8,ARD GZ 0,Non Guano,0.221945137,4.788029925,0.004339435,0.005174564,0.022942643,0.16161186,5.709911319,0.00724043,0.008633858,0.038280237,0.006676939,3.895737031,0.648690293,0.812532101,6.140215716,2
ARD,ARD-1C,65,175,4165,Freshwater,Unit A8,ARD GZ 0,Non Guano,1.93902439,6.592539455,0.013406271,0.014275466,0.039526542,1.411922521,7.861858895,0.022368618,0.023818887,0.065950788,0.035502959,9.538461538,2.801775148,3.730769231,48.93195266,2
ARD,ARD-1C,67,177,4204,Freshwater,Unit A8,ARD GZ 0,Non Guano,8.19088017,12.77836691,0.048028233,0.053340403,0.110922587,5.964281952,15.23869797,0.080136021,0.088999477,0.185076447,0.047058824,9.333333333,3.182352941,4.180392157,38.61764706,2
ARD,ARD-1C,69,179,4242,Freshwater,Unit A7,ARD GZ 3,Guano,11.48991354,14.59654179,0.090540031,0.085014409,0.15129683,8.366510382,17.40694199,0.151067763,0.141848159,0.252441639,0.044481054,4.491762768,2.42092257,2.235584843,14.12850082,5
ARD,ARD-1C,71,181,4280,Freshwater,Unit A7,ARD GZ 3,Guano,,,,,,,,,,,0.041694242,4.266710788,2.146260754,1.924553276,6.400397088,5
ARD,ARD-1C,73,183,4319,Freshwater,Unit A7,ARD GZ 3,Guano,,,,,,,,,,,0.013091641,3.818731118,0.890735146,1.050855992,8.217019134,5
ARD,ARD-1C,75,185,4357,Freshwater,Unit A7,ARD GZ 3,Guano,,,,,,,,,,,0.087926509,4.800524934,2.450131234,2.471128609,18.86745407,5
ARD,ARD-1C,77,187,4382,Freshwater,Unit A7,ARD GZ 3,Guano,10.37804878,11.47865854,0.091860315,0.082317073,0.137652439,7.55689349,13.68874534,0.153270683,0.137347602,0.229675713,0.016891892,4.533783784,2.870777027,2.434121622,12.00422297,5
ARD,ARD-1C,79,189,4407,Freshwater,Unit A7,ARD GZ 3,Guano,9.966719493,12.74167987,0.087491104,0.065134707,0.124405705,7.257379422,15.19494725,0.145980572,0.108678497,0.207573286,0.033185841,5.72300885,0.911504425,1.087610619,8.715486726,5
ARD,ARD-1C,81,191,4430,Freshwater,Unit A7,ARD GZ 3,Guano,2.47109375,8.203125,0.014227811,0.016796875,0.049453125,1.799354837,9.782544601,0.023739373,0.028025905,0.08251348,0.019488956,4.003031615,0.466868774,0.631442183,6.525768731,5
ARD,ARD-1C,83,193,4450,Freshwater,Unit A6,ARD GZ 0,Non Guano,3.083194676,8.935108153,0.018720706,0.02063228,0.055990017,2.245063043,10.65546289,0.031235854,0.034425351,0.093420408,0.009249184,2.930359086,0.206474429,0.33405876,3.498639826,2
ARD,ARD-1C,85,195,4470,Freshwater,Unit A6,ARD GZ 0,Non Guano,2.597014925,8.208955224,0.015654261,0.016889238,0.050117832,1.891045764,9.789497369,0.026119433,0.028180015,0.083622556,0.019858156,6.232624113,1.074231678,1.18534279,9.043971631,2
ARD,ARD-1C,87,197,4491,Freshwater,Unit A6,ARD GZ 0,Non Guano,5.227316141,11.02196753,0.029232977,0.03008596,0.082903534,3.806329316,13.1441236,0.048775778,0.050198996,0.138326123,0.018798529,5.903555374,0.841029832,0.935022477,7.380057213,2
ARD,ARD-1C,89,199,4511,Freshwater,Unit A6,ARD GZ 0,Non Guano,2.209056604,7.328301887,0.013744602,0.014943396,0.045509434,1.608549528,8.739284121,0.022933131,0.024933341,0.075933356,0.029737903,6.961693548,1.007560484,1.403729839,10.56905242,2
ARD,ARD-1C,91,201,4531,Freshwater,Unit A6,ARD GZ 0,Non Guano,2.924739792,8.262610088,0.019543044,0.019135308,0.053002402,2.129682329,9.853482874,0.032607941,0.031927626,0.088435516,0.01540832,3.571032357,0.292141757,0.416640986,4.24807396,2
ARD,ARD-1D,15,204,4560,Freshwater,Unit A6,ARD GZ 0,Non Guano,3.979842244,9.754601227,0.021225736,0.022787029,0.066082384,2.897967102,11.63274015,0.035415545,0.038020591,0.110259714,0.005768848,2.356872886,0.142033022,0.254028247,2.821762483,2
ARD,ARD-1D,17,206,4580,Freshwater,Unit A6,ARD GZ 0,Non Guano,4.920250896,10.61827957,0.026998372,0.026971326,0.076971326,3.582736288,12.66271006,0.045047298,0.045002171,0.128428122,0.016994633,3.965414431,0.372391175,0.43679189,4.850327967,2
ARD,ARD-1D,19,208,4600,Freshwater,Unit A6,ARD GZ 0,Non Guano,1.250506415,5.921674544,0.008884617,0.00972316,0.033828494,0.910570376,7.061826479,0.014824153,0.016223277,0.056443486,0.053339741,6.868332532,0.987025469,1.016338299,9.551657857,2
ARD,ARD-1D,21,210,4621,Freshwater,Unit A6,ARD GZ 0,Non Guano,2.685847589,7.744945568,0.015496014,0.017418351,0.050777605,1.955730272,9.236147864,0.025855395,0.029062851,0.0847234,0.012074054,2.997585189,0.234504964,0.297290046,3.697075396,2
ARD,ARD-1D,23,212,4641,Freshwater,Unit A6,ARD GZ 0,Non Guano,2.966227348,8.369028007,0.016336512,0.019028007,0.055436573,2.159891961,9.980390368,0.027257781,0.031748591,0.092496977,0.003748828,2.779756326,0.194236176,0.310449859,3.450328022,2
ARD,ARD-1D,25,214,4661,Freshwater,Unit A6,ARD GZ 0,Non Guano,3.091428571,8.775510204,0.019303243,0.018612245,0.056244898,2.251058647,10.46513615,0.032207829,0.031054885,0.093845682,0.006546135,3.376870324,0.356296758,0.450124688,4.78117207,2
ARD,ARD-1D,27,216,4681,Freshwater,Unit A6,ARD GZ 0,Non Guano,2.63121118,7.802795031,0.015027781,0.017468944,0.050232919,1.915946153,9.305135592,0.025074139,0.029147266,0.083814581,0.020914252,3.372572453,0.370182253,0.497161637,4.79593666,2
ARD,ARD-1D,29,218,4701,Freshwater,Unit A6,ARD GZ 0,Non Guano,2.307335907,7.55984556,0.015167435,0.016447876,0.047413127,1.680112714,9.015408928,0.025307154,0.027443595,0.079109705,0.003786683,3.402335121,0.323445882,0.464499842,4.764594509,2
ARD,ARD-1D,31,220,4721,Freshwater,Unit A6,ARD GZ 0,Non Guano,3.845500849,9.41426146,0.023391994,0.02385399,0.067232598,2.800144897,11.22687179,0.039029987,0.039800836,0.112178868,0.01965812,5.264957265,0.790598291,0.953846154,8.098717949,2
ARD,ARD-1D,33,222,4741,Freshwater,Unit A6,ARD GZ 0,Non Guano,2.101545254,7.196467991,0.014242665,0.014716703,0.044738779,1.530263924,8.582067089,0.023764158,0.0245551,0.074647503,0.006524008,3.449634656,0.316805846,0.420146138,4.037578288,2
ARD,ARD-1D,35,224,4760,Freshwater,Unit A6,ARD GZ 0,Non Guano,3.559967585,8.816855754,0.020939621,0.021393841,0.061507293,2.592230624,10.51444232,0.034938157,0.035696031,0.102626089,0.01303781,4.277053455,0.43220339,0.475228162,5.540743155,2
ARD,ARD-1D,37,226,4780,Freshwater,Unit A6,ARD GZ 0,Non Guano,1.862984218,6.642754663,0.013132674,0.013199426,0.041248207,1.35655301,7.921742477,0.021912116,0.022023494,0.068823417,0.012668574,5.494074377,0.646914589,0.83408255,7.874948917,2
ARD,ARD-1D,39,228,4800,Freshwater,Unit A6,ARD GZ 0,Non Guano,1.887688985,6.681065515,0.013111302,0.013318934,0.042116631,1.374542065,7.967429654,0.021876456,0.022222896,0.070272399,0.010551396,4.310755616,0.496936692,0.540844112,6.795779442,2
ARD,ARD-1D,41,230,4819,Freshwater,Unit A6,ARD GZ 0,Non Guano,4.463222417,10.26269702,0.025799249,0.025481611,0.07530648,3.249945837,12.23866409,0.043046538,0.042516553,0.125650294,0.010818608,4.131265777,0.452217815,0.524341868,5.963216733,2
ARD,ARD-1D,43,232,4840,Freshwater,Unit A6,ARD GZ 0,Non Guano,2.225683891,7.515197568,0.013693694,0.014817629,0.046656535,1.620656875,8.962164467,0.022848188,0.024723496,0.077847316,0.009214891,4.472171028,0.482860302,0.713969775,6.033173609,2
ARD,ARD-1D,45,234,4861,Freshwater,Unit A6,ARD GZ 0,Non Guano,2.705098039,8.023529412,0.016227972,0.016862745,0.051764706,1.969747705,9.568369899,0.027076679,0.028135811,0.086370396,0.006272618,2.885162847,0.160193004,0.249457177,3.236188179,2
ARD,ARD-1D,47,236,4881,Freshwater,Unit A6,ARD GZ 0,Non Guano,1.18212824,6.132332879,0.009040564,0.009549795,0.033969986,0.860780036,7.31304471,0.015084353,0.015934015,0.056679568,0.007807925,2.375170798,0.084130392,0.155377708,2.091938317,2
ARD,ARD-1D,49,238,4901,Freshwater,Unit A6,ARD GZ 0,Non Guano,0.622983871,5.840053763,0.005895214,0.006989247,0.02936828,0.453632745,6.964490534,0.009836277,0.011661692,0.049001533,0.008032129,3.06184739,0.220348059,0.350736278,3.381793842,2
ARD,ARD-1D,51,240,4921,Freshwater,Unit A6,ARD GZ 0,Non Guano,0.643808256,5.745672437,0.00609419,0.007323569,0.029161119,0.468796256,6.851937143,0.010168272,0.012219513,0.048655881,0.005343082,3.293869516,0.196006749,0.339707537,3.900168729,2
ARD,ARD-1D,53,242,4941,Freshwater,Unit A6,ARD GZ 0,Non Guano,0.877133106,6.19112628,0.007549793,0.008259386,0.031945392,0.638694383,7.383158121,0.012596974,0.013780942,0.053301495,0.009737828,2.915605493,0.141073658,0.251435705,2.997752809,2
ARD,ARD-1D,55,244,4960,Freshwater,Unit A6,ARD GZ 0,Non Guano,3.587893864,9.046434494,0.019923605,0.024543947,0.06119403,2.61256546,10.78822387,0.033242914,0.040952042,0.102103403,0.008623443,3.254551262,0.252634941,0.396039604,4.118811881,2
ARD,ARD-1D,57,246,4980,Freshwater,Unit A6,ARD GZ 0,Non Guano,3.854063018,9.096185738,0.023876701,0.024626866,0.063515755,2.806379537,10.84755415,0.03983873,0.041090394,0.105977245,0.014720642,3.871863499,0.429575109,0.594513215,6.135162262,2
ARD,ARD-1D,59,248,4999,Freshwater,Unit A6,ARD GZ 0,Non Guano,3.201581028,8.743083004,0.016507005,0.017549407,0.053517787,2.331267403,10.42646545,0.027542252,0.02928152,0.089295445,0.012511171,3.35746202,0.286565386,0.389931486,4.226094727,2
ARD,ARD-1D,61,250,5018,Freshwater,Unit A6,ARD GZ 0,Non Guano,2.949760766,8.341307815,0.019237015,0.01953748,0.05414673,2.147901633,9.947332965,0.032097325,0.032598657,0.09034485,0.013069307,4.355643564,0.584554455,0.821386139,7.284356436,2
ARD,ARD-1D,64,253,5044,Freshwater,Unit A6,ARD GZ 0,Non Guano,1.689855072,7.086956522,0.011676759,0.012246377,0.040797101,1.230487066,8.451470416,0.019482894,0.020433313,0.06807074,0.032073674,4.828834551,0.555414417,0.66846618,5.301047952,2
ARD,ARD-1D,65,254,5052,Freshwater,Unit A6,ARD GZ 0,Non Guano,1.781226903,7.176644494,0.013248745,0.012786401,0.041685144,1.297020497,8.5584268,0.022105783,0.021334353,0.069552456,0.014775017,4.367024849,0.497313633,0.720282069,5.895231699,2
ARD,ARD-1D,67,256,5069,Freshwater,Unit A6,ARD GZ 0,Non Guano,2.091591592,7.237237237,0.014245036,0.01478979,0.045045045,1.523016052,8.630685996,0.023768113,0.024677046,0.075158514,0.004998334,4.549150283,0.487170943,0.599133622,5.95868044,2
ARD,ARD-1D,69,258,5084,Freshwater,Unit A6,ARD GZ 0,Non Guano,3.098039216,8.472222222,0.017215734,0.020098039,0.05629085,2.255872262,10.10345347,0.02872478,0.033533961,0.093922353,0.007956104,3.536625514,0.350617284,0.460082305,3.889163237,2
ARD,ARD-1D,71,260,5100,Freshwater,Unit A6,ARD GZ 0,Non Guano,1.120448179,6.246498599,0.00847989,0.010014006,0.034453782,0.815867003,7.449191759,0.014148857,0.016708559,0.05748679,0.01143545,3.676497141,0.380078243,0.536563346,4.303641288,2
ARD,ARD-1D,73,262,5115,Freshwater,Unit A6,ARD GZ 0,Non Guano,1.705202312,6.86416185,0.011918585,0.012716763,0.040679191,1.241662332,8.185779132,0.019886386,0.021218161,0.067874004,0.003793405,3.622702072,0.348117887,0.508608112,4.60723665,2
ARD,ARD-1D,75,264,5131,Freshwater,Unit A6,ARD GZ 0,Non Guano,1.129695252,6.428065202,0.008582057,0.009638554,0.035435861,0.822600363,7.665716972,0.014319326,0.016082111,0.059125408,0.014139827,3.089159466,0.372348782,0.534956795,5.685781618,2
ARD,ARD-1D,77,266,5146,Freshwater,Unit A6,ARD GZ 0,Non Guano,0.772570641,6.16815989,0.006702664,0.007856651,0.03149552,0.562556042,7.35576981,0.011183522,0.013108971,0.052550875,0.005932518,3.008157212,0.262884687,0.407119021,4.68928439,2
ARD,ARD-1D,79,268,5162,Freshwater,Unit A6,ARD GZ 0,Non Guano,1.559037901,6.741982507,0.010980388,0.012099125,0.038411079,1.135231064,8.040075529,0.018320985,0.020187621,0.064089615,0.006784661,2.58879056,0.132743363,0.226548673,3.319764012,2
ARD,ARD-1D,81,270,5177,Freshwater,Unit A6,ARD GZ 0,Non Guano,1.486021505,6.745519713,0.011551202,0.01218638,0.038351254,1.082063351,8.044293784,0.019273401,0.020333207,0.063989798,0.004914005,2.416052416,0.188370188,0.368140868,5.092956593,2
ARD,ARD-1D,83,272,5192,Freshwater,Unit A6,ARD GZ 0,Non Guano,2.064306358,7.160404624,0.014054285,0.015101156,0.043786127,1.503148001,8.539060126,0.023449843,0.025196566,0.073057986,0.008560311,2.624902724,0.221400778,0.393385214,5.062256809,2
ARD,ARD-1D,85,274,5207,Freshwater,Unit A6,ARD GZ 0,Non Guano,1.893478261,6.862318841,0.013542277,0.014492754,0.041449275,1.378757592,8.183581272,0.022595546,0.024181435,0.069158904,0.020580475,3.985224274,0.680738786,1,9.265435356,2
ARD,ARD-1D,87,276,5223,Freshwater,Unit A6,ARD GZ 0,Non Guano,1.13,6.033333333,0.008644947,0.009933333,0.033333333,0.822822269,7.194983914,0.014424259,0.016573956,0.055617301,0.014826375,3.208739758,0.395239953,0.6234881,6.047990636,2
ARD,ARD-1D,89,278,5238,Freshwater,Unit A6,ARD GZ 0,Non Guano,1.126272912,6.1167685,0.009774373,0.009843856,0.035166327,0.820108348,7.294483585,0.016308727,0.016424661,0.058675686,0.008455285,2.874471545,0.289430894,0.461788618,4.617235772,2
ARD,ARD-1D,91,280,5253,Freshwater,Unit A6,ARD GZ 0,Non Guano,1.108254398,6.143437077,0.008515579,0.009878214,0.034032476,0.806987963,7.326286898,0.014208406,0.016481988,0.056783834,0.014812263,2.702376852,0.289011368,0.439889769,4.566655184,2
ARD,ARD-1D,93,282,5276,Freshwater,Unit A6,ARD GZ 0,Non Guano,1.170797053,6.215673141,0.00919639,0.009310114,0.033556597,0.852529104,7.412431205,0.015344352,0.015534102,0.055989821,0.005357143,2.818928571,0.313571429,0.485,5.400357143,2
ARD,ARD-1D,95,284,5300,Freshwater,Unit A5,ARD GZ 2,Guano,,,,,,,,,,,0.015848473,2.659064554,0.300347893,0.48241206,5.25976034,2
ARD,ARD-1E,11,286,5324,Freshwater,Unit A5,ARD GZ 2,Guano,10.94034537,13.10832025,0.084571437,0.068288854,0.137519623,7.966336105,15.63218011,0.141109051,0.113941252,0.229454107,0.042792793,4.326576577,1.583333333,1.614114114,11.003003,2
ARD,ARD-1E,13,288,5351,Freshwater,Unit A5,ARD GZ 2,Guano,18.57490637,23.53932584,0.109811684,0.115543071,0.209550562,13.52552797,28.0715587,0.183222884,0.192785812,0.349639098,0.042596349,6.880324544,2.860040568,3.535496957,25.77180527,2
ARD,ARD-1E,15,290,5377,Freshwater,Unit A5,ARD GZ 2,Guano,,,,,,,,,,,0.055833333,8.2625,1.571666667,2.508333333,19.13166667,2
ARD,ARD-1E,17,292,5420,Freshwater,Unit A5,ARD GZ 2,Guano,,,,,,,,,,,0.039084843,4.949475691,2.710200191,2.775023832,20.4099142,2
ARD,ARD-1E,19,294,5463,Freshwater,Unit A5,ARD GZ 2,Guano,8.69189907,12.15139442,0.064452163,0.058300133,0.117928287,6.329104526,14.49100896,0.107539661,0.097274881,0.19676559,0.009608785,4.367879204,1.378860673,1.725463281,11.11942347,2
ARD,ARD-1E,21,296,5507,Freshwater,Unit A5,ARD GZ 2,Guano,,,,,,,,,,,0.032690696,7.893545683,2.741827326,3.227996647,21.66387259,6
ARD,ARD-1E,23,298,5552,Freshwater,Unit A5,ARD GZ 2,Guano,,,,,,,,,,,0.017911975,3.800921187,1.07011259,1.493858751,14.23643808,6
ARD,ARD-1E,25,300,5597,Freshwater,Unit A5,ARD GZ 2,Guano,1.461181155,5.560716656,0.011768318,0.010948905,0.035700066,1.063975569,6.631370203,0.019635662,0.018268456,0.05956624,0.016057092,3.376449599,1.720785013,1.833184657,19.21498662,6
ARD,ARD-1E,27,302,5643,Freshwater,Unit A5,ARD GZ 2,Guano,6.325980392,9.889705882,0.049076527,0.042647059,0.089705882,4.606334105,11.79385769,0.081885119,0.071157429,0.149675971,0.032377919,3.552547771,1.163481953,1.238322718,8.328556263,6
ARD,ARD-1E,29,304,5689,Freshwater,Unit A5,ARD GZ 2,Guano,10.77433628,14.46902655,0.070316137,0.066076696,0.13820059,7.845454714,17.25487513,0.117323812,0.110250224,0.230590313,0.016018307,6.774599542,3.04805492,3.850114416,27.42334096,6
ARD,ARD-1E,31,306,5744,Freshwater,Unit A5,ARD GZ 2,Guano,,,,,,,,,,,0.080835604,14.41961853,2.783832879,4.247956403,27.04722979,6
ARD,ARD-1E,33,308,5807,Freshwater,Unit A5,ARD GZ 2,Guano,,,,,,,,,,,0.050266565,9.163747144,2.44478294,2.368621478,14.01675552,6
ARD,ARD-1E,35,310,5870,Freshwater,Unit A5,ARD GZ 2,Guano,0.257585539,5.21626856,0.004001074,0.00522918,0.024790187,0.187563821,6.220602495,0.006675869,0.008724986,0.041362899,0.003458498,2.183547431,0.085474308,0.165266798,2.330039526,6
ARD,ARD-1E,37,312,6000,Freshwater,Unit A4,ARD GZ 0,Non Guano,0.283343969,5.130823229,0.004320202,0.005360562,0.024633057,0.206320113,6.118705625,0.007208339,0.008944199,0.041100724,0.010134128,2.005663189,0.05752608,0.191356185,3.229210134,2
ARD,ARD-1E,39,314,6131,Freshwater,Unit A4,ARD GZ 0,Non Guano,0.325714286,4.907936508,0.004298258,0.005587302,0.024634921,0.237172538,5.852904568,0.007171725,0.009322519,0.041103834,0.01446384,3.734663342,1.08478803,1.303241895,9.468329177,2
ARD,ARD-1E,41,316,6266,Freshwater,Unit A4,ARD GZ 0,Non Guano,0.35554132,4.971172325,0.00476438,0.005829596,0.024919923,0.258891429,5.928315732,0.007949459,0.009726793,0.041579366,0.007198333,2.42280735,0.086948286,0.166508808,2.075203637,2
ARD,ARD-1E,43,318,6405,Freshwater,Unit A4,ARD GZ 0,Non Guano,0.773030708,5.193591455,0.007383476,0.008210948,0.028571429,0.562891045,6.193559168,0.01231947,0.013700123,0.047671972,0.009136213,2.6713732,0.27076412,0.339700997,3.133997785,2
ARD,ARD-1E,45,320,6544,Freshwater,Unit A4,ARD GZ 0,Non Guano,9.901903367,13.63103953,0.067009322,0.062079063,0.128257687,7.210182828,16.25554312,0.111806329,0.103580097,0.21400039,0.044576523,9.350668648,2.511887073,2.46359584,17.85438336,2
ARD,ARD-1E,47,322,6673,Freshwater,Unit A3,ARD GZ 1,Guano,15.43333333,21.2962963,0.087756102,0.076666667,0.173148148,11.23795606,25.396659,0.146422725,0.127919792,0.288900979,0.054030115,10.01682905,2.080602303,2.114260407,17.95659876,7
ARD,ARD-1E,49,324,6802,Freshwater,Unit A3,ARD GZ 1,Guano,5.766129032,10.0921659,0.047125097,0.036751152,0.078571429,4.198672012,12.03529911,0.078629121,0.061319996,0.131097923,0.050796813,8.730079681,2.876494024,1.803784861,15.87250996,7
ARD,ARD-1E,51,326,6933,Freshwater,Unit A3,ARD GZ 1,Guano,0.461591696,4.837370242,0.006334584,0.006712803,0.025743945,0.336113209,5.76875156,0.010569373,0.011200439,0.042954261,0.007610037,1.970588235,0.077745784,0.13554093,1.253805019,7
ARD,ARD-1E,53,328,7068,Freshwater,Unit A2,ARD GZ 0,Non Guano,0.287522604,3.471971067,0.002586311,0.005786618,0.019529837,0.209362833,4.140460107,0.00431531,0.009655083,0.032585905,0.008821454,1.448129852,0.042519407,0.123147495,1.330804517,2
ARD,ARD-1E,55,330,7202,Freshwater,Unit A2,ARD GZ 0,Non Guano,0.183685111,3.559612094,0.002066885,0.005248146,0.018311466,0.133752389,4.244975429,0.003448637,0.008756631,0.030553029,0.005081875,1.543007717,0.036702428,0.11895351,1.534349708,2
ARD,ARD-1E,57,332,7334,Freshwater,Unit A2,ARD GZ 0,Non Guano,0.198512586,3.68993135,0.002127345,0.00520595,0.018707094,0.144549183,4.400386195,0.003549515,0.008686226,0.031213142,0.006434435,1.458398047,0.021743954,0.169957843,1.809185711,2
ARD,ARD-1E,59,334,7465,Freshwater,Unit A2,ARD GZ 0,Non Guano,0.200432199,3.878984333,0.001596871,0.004970286,0.018422474,0.14594697,4.625839206,0.00266441,0.008293017,0.030738249,0.005438638,1.647197919,0.02719319,0.134310712,1.2889572,2
ARD,ARD-1E,61,336,7595,Freshwater,Unit A2,ARD GZ 0,Non Guano,0.187236287,3.866033755,0.001910997,0.004905063,0.01835443,0.136338218,4.610395141,0.003188534,0.008184191,0.030624716,0.006281992,1.629827827,0.003489995,0.132619823,1.903443462,2
ARD,ARD-1E,63,338,7725,Freshwater,Unit A2,ARD GZ 0,Non Guano,0.179229481,3.78559464,0.001703606,0.005248465,0.018146287,0.130507972,4.514468377,0.002842499,0.008757163,0.030277425,0.001940492,1.888098318,0.038163001,0.135187581,1.873436826,2
ARD,ARD-1E,65,340,7855,Freshwater,Unit A2,ARD GZ 0,Non Guano,0.179120879,4.098901099,0.001833628,0.00489011,0.018791209,0.130428892,4.888098476,0.003059444,0.008159241,0.031353489,0.004264871,1.850953984,0.040628507,0.108641975,1.745454545,2
ARD,ARD-1E,69,344,8117,Freshwater,Unit A2,ARD GZ 0,Non Guano,0.169739696,3.996746204,0.001758056,0.004718004,0.018546638,0.123597878,4.766274803,0.00293335,0.00787208,0.030945418,0.001141366,1.694929072,0.023968694,0.113647481,1.334257297,2
ARD,ARD-1E,71,346,8241,Freshwater,Unit A2,ARD GZ 0,Non Guano,0.278688525,3.87587822,0.012728044,0.012295082,0.039344262,0.202930198,4.622135047,0.021236984,0.020514578,0.06564665,0.006262231,1.412133072,0.274363992,0.287279843,2.803522505,2
ARD,ARD-1E,73,348,8358,Freshwater,Unit A1,ARD GZ 0,Non Guano,0.230360934,3.662420382,0.014778033,0.010191083,0.040658174,0.167739917,4.367578299,0.02465743,0.017004016,0.067838937,0.011064278,1.382244468,0.246311907,0.228398314,2.530821918,2
ARD,ARD-1E,75,350,8474,Freshwater,Unit A1,ARD GZ 0,Non Guano,0.201954397,4.136807818,0.013147972,0.008577633,0.041802389,0.147055377,4.933303708,0.021937642,0.014311944,0.069748081,0.009555662,1.514094601,0.210224558,0.164357382,2.949354993,2
ARD,ARD-1E,77,352,8575,Freshwater,Unit A1,ARD GZ 0,Non Guano,0.188644689,4.285714286,0.009866668,0.007692308,0.036263736,0.137363762,5.110880444,0.016462723,0.012834762,0.060506734,0.002514669,2.09891031,0.164710813,0.168063705,2.864626991,2
ARD,ARD-1E,81,356,8777,Freshwater,Unit A1,ARD GZ 0,Non Guano,0.203073546,4.34687157,0.015071581,0.008891328,0.044456641,0.147870297,5.183812877,0.025147219,0.01483535,0.074176751,0.017923824,1.662434653,0.215459298,0.236743839,3.464899178,2
YAN,YAN 8A-I,3,3,413,Freshwater,Unit Y8,YAN GZ 0,Non Guano,0.172615565,3.873610298,0.003452311,0.004973669,0.020538327,0.125691974,4.619430462,0.005760247,0.008298661,0.034268588,0.001387995,1.670988379,0.051450455,0.067645834,0.767681165,1
YAN,YAN 8A-I,5,5,725.64,Freshwater,Unit Y8,YAN GZ 0,Non Guano,0.183894917,3.986293547,0.003426613,0.004511708,0.019874358,0.133905162,4.753809604,0.00571737,0.00752787,0.033160744,0.003228695,1.29895132,0.095362733,0.076412446,0.871196597,1
YAN,YAN 8A-I,7,7,961.52,Freshwater,Unit Y8,YAN GZ 0,Non Guano,0.186117468,2.738367658,0.007856598,0.006788711,0.023417239,0.135523537,3.2656096,0.013108883,0.011327093,0.039072108,0.002450142,1.005762108,0.122799145,0.085947293,0.812250712,1
YAN,YAN 8A-I,9,9,1197.4,Freshwater,Unit Y8,YAN GZ 0,Non Guano,0.204099061,2.348420154,0.009906063,0.007685739,0.02587532,0.148617037,2.800582082,0.016528455,0.012823801,0.043173464,0.005572298,0.91250177,0.223680751,0.095416759,1.017819219,1
YAN,YAN 8A-I,13,13,2153.18,Freshwater,Unit Y8,YAN GZ 0,Non Guano,0.246136234,2.770463652,0.005037207,0.00520893,0.019862622,0.17922688,3.303885317,0.008404675,0.008691198,0.033141162,0.004127711,0.957534996,0.129847711,0.095903054,0.994752765,1
YAN,YAN 8A-I,15,15,2711.74,Freshwater,Unit Y8,YAN GZ 0,Non Guano,0.204707561,2.667617689,0.007132668,0.006419401,0.023109843,0.149060123,3.181237519,0.011900992,0.010710892,0.038559213,0.002282056,1.052873714,0.105273519,0.085668249,0.876273176,1
YAN,YAN 8A-I,17,17,3040.18,Freshwater,Unit Y8,YAN GZ 0,Non Guano,0.211489899,2.796717172,0.005744949,0.005618687,0.021401515,0.15399876,3.335193657,0.009585558,0.009374886,0.035708835,0.003199943,1.130875873,0.142504715,0.087453185,0.951285787,1
YAN,YAN 8A-I,19,19,3368.62,Freshwater,Unit Y7,YAN GZ 0,Non Guano,0.206309148,3.375394322,0.00555205,0.004858044,0.021577287,0.150226338,4.025288594,0.009263702,0.008105739,0.036002114,0.003069417,1.298460856,0.111261921,0.077995121,0.904386782,1
YAN,YAN 8A-I,21,21,3660.84,Freshwater,Unit Y7,YAN GZ 0,Non Guano,0.192153723,2.746196958,0.010728583,0.006164932,0.022097678,0.139918905,3.274946343,0.017900845,0.010286306,0.036870396,0.003565696,0.908212957,0.173706865,0.102064639,0.940030641,1
YAN,YAN 8A-I,23,23,3916.86,Freshwater,Unit Y7,YAN GZ 0,Non Guano,0.201353638,2.58037225,0.012098139,0.006937394,0.023350254,0.146617927,3.077193951,0.020185975,0.011575174,0.038960343,0.003741238,1.165263702,0.186181626,0.084794067,0.936486977,1
YAN,YAN 8A-I,25,25,4172.88,Freshwater,Unit Y7,YAN GZ 0,Non Guano,0.183943882,3.219017927,0.009586906,0.006235386,0.023850351,0.133940816,3.83880368,0.015995935,0.01040386,0.039794764,0.003236035,1.170129628,0.142655973,0.081880071,0.94854052,1
YAN,YAN 8A-I,27,27,4328.62,Freshwater,Unit Y7,YAN GZ 0,Non Guano,0.181975737,3.188908146,0.009792028,0.006239168,0.024090121,0.132507689,3.802896599,0.016338185,0.010410171,0.040194826,0.003944792,1.287487347,0.139013707,0.077202509,0.953882829,1
YAN,YAN 8A-I,29,29,4484.36,Freshwater,Unit Y7,YAN GZ 0,Non Guano,,,,,,,,,,,0.004211393,1.344972807,0.153804124,0.08190782,0.836024646,1
YAN,YAN 8A-I,31,31,4654.93,Freshwater,Unit Y7,YAN GZ 0,Non Guano,0.18203125,3.609375,0.00828125,0.00578125,0.02359375,0.132548112,4.304319624,0.013817423,0.009646126,0.039366621,0.002778345,1.51047871,0.141384912,0.075157336,0.893437603,1
YAN,YAN 8A-I,33,33,4840.35,Freshwater,Unit Y6,YAN GZ 0,Non Guano,0.165020337,3.939570017,0.006507844,0.005520046,0.022312609,0.120161423,4.698089984,0.010858462,0.009210303,0.037229012,0.001249143,1.622392244,0.08285755,0.07785419,0.794271594,1
YAN,YAN 8A-I,35,35,5025.76,Freshwater,Unit Y6,YAN GZ 0,Non Guano,0.152631579,4.118421053,0.005460526,0.005131579,0.023289474,0.111140409,4.911376778,0.009110992,0.008562137,0.03885893,0.001268643,1.843437094,0.063326939,0.077207748,0.750609567,1
YAN,YAN 8A-I,37,37,5180.64,Freshwater,Unit Y6,YAN GZ 0,Non Guano,0.150848523,4.311753614,0.004399749,0.004965431,0.023444375,0.109842057,5.141933353,0.007341064,0.008284915,0.039117385,0.000861838,1.986284165,0.045472461,0.067291674,0.690211308,1
YAN,YAN 8A-I,39,39,5335.52,Freshwater,Unit Y6,YAN GZ 0,Non Guano,0.151890887,4.401735896,0.004153751,0.00483571,0.022876627,0.110601065,5.249240713,0.006930612,0.008068474,0.038170088,0.001214228,2.12257222,0.046205404,0.067009169,0.743204373,1
YAN,YAN 8A-I,41,41,5412.96,Freshwater,Unit Y6,YAN GZ 0,Non Guano,0.148657089,4.640849469,0.004059963,0.004871955,0.023422861,0.108246339,5.534392919,0.006774125,0.00812895,0.039081489,0.001900048,1.954879722,0.069738802,0.144485756,1.798125755,1
YAN,YAN 8A-I,43,43,5412.96,Freshwater,Unit Y6,YAN GZ 0,Non Guano,0.151119403,4.539800995,0.004042289,0.004850746,0.023196517,0.110039301,5.413888696,0.006744635,0.008093562,0.038703831,0.001423982,1.961776094,0.071693361,0.146858414,1.798571311,1
YAN,YAN 8A-I,45,45,5412.96,Freshwater,Unit Y6,YAN GZ 0,Non Guano,0.151307597,4.595267746,0.003985056,0.004669988,0.023225405,0.110176336,5.480034947,0.006649142,0.007791963,0.03875203,0.002015603,1.978836167,0.071328638,0.149700031,1.798226269,1
YAN,YAN 8A-I,47,47,5412.96,Freshwater,Unit Y6,YAN GZ 0,Non Guano,0.153893317,4.543225015,0.00441447,0.00472103,0.022930717,0.112059158,5.417971973,0.007365627,0.007877128,0.038260338,0.001968698,2.033455557,0.073641599,0.151220593,1.879638744,1
YAN,YAN 8A-I,49,49,5412.96,Freshwater,Unit Y6,YAN GZ 0,Non Guano,0.152427781,4.474492932,0.004118009,0.0047941,0.022802704,0.110992011,5.336006299,0.006870976,0.007999046,0.038046746,0.001325685,2.093550032,0.075462078,0.153422562,1.956188655,1
YAN,YAN 8A-I,51,51,5412.96,Freshwater,Unit Y6,YAN GZ 0,Non Guano,0.151813153,4.462200369,0.004118009,0.005224339,0.022802704,0.110544463,5.321346941,0.006870976,0.008716909,0.038046746,0.00174216,2.116050764,0.074226201,0.152954043,1.920801648,1
YAN,YAN 8A-I,53,53,5412.96,Freshwater,Unit Y6,YAN GZ 0,Non Guano,0.154366544,4.477244772,0.00399754,0.004920049,0.022755228,0.112403743,5.339287976,0.006669971,0.008209196,0.03796753,0.001644822,2.168484173,0.073369424,0.15449671,1.952222452,1
YAN,YAN 8A-I,55,55,5412.96,Freshwater,Unit Y6,YAN GZ 0,Non Guano,0.155446756,4.388004896,0.004161567,0.004895961,0.021787026,0.113190312,5.232865963,0.006943653,0.008169004,0.036352067,0.001092637,2.214775614,0.071613812,0.153377302,1.97467188,1
YAN,YAN 8A-I,59,59,5412.96,Freshwater,Unit Y6,YAN GZ 0,Non Guano,0.154182272,4.68164794,0.003932584,0.004993758,0.023220974,0.112269564,5.583046678,0.006561592,0.00833218,0.038744636,0.001037998,2.166153846,0.070905159,0.152981155,1.773259191,1
YAN,YAN 8A-I,61,61,5412.96,Freshwater,Unit Y6,YAN GZ 0,Non Guano,0.156730178,4.505224339,0.004056546,0.004917025,0.02249539,0.11412485,5.372654694,0.006768424,0.00820415,0.037533987,0.000707582,2.183536918,0.067903074,0.154290183,1.780339143,1
YAN,YAN 8A-I,63,63,5412.96,Freshwater,Unit Y6,YAN GZ 0,Non Guano,0.155666252,4.694894147,0.00392279,0.004919054,0.022851806,0.11335014,5.598843293,0.006545249,0.008207534,0.038128673,0.000946772,2.149909626,0.066470755,0.14972519,1.73625644,1
YAN,YAN 8A-I,65,65,5412.96,Freshwater,Unit Y6,YAN GZ 0,Non Guano,0.155,4.78125,0.004125,0.0049375,0.023,0.112865001,5.701825996,0.006882641,0.008238313,0.038375937,0.000939288,2.121985435,0.068433829,0.149968894,1.707442331,1
YAN,YAN 8A-I,67,67,5412.96,Freshwater,Unit Y6,YAN GZ 0,Non Guano,0.165259349,4.125452352,0.004583836,0.005126659,0.019963812,0.120335462,4.919761875,0.007648217,0.008553927,0.03331,0.001191656,2.135898948,0.06954253,0.151265037,1.751295142,1
YAN,YAN 8A-I,69,69,5412.96,Freshwater,Unit Y6,YAN GZ 0,Non Guano,0.157697121,4.837296621,0.004317897,0.004881101,0.022778473,0.114828941,5.768663764,0.007204494,0.00814421,0.038006316,0.001240504,2.156457017,0.069660076,0.150254495,1.799971865,1
YAN,YAN 8A-I,71,71,5412.96,Freshwater,Unit Y6,YAN GZ 0,Non Guano,0.157795867,4.865372574,0.004132749,0.00482154,0.022604884,0.114900844,5.802145426,0.00689557,0.008044832,0.037716679,0.001851516,2.145454075,0.074216019,0.148444985,1.813204029,1
YAN,YAN 8A-I,73,73,5412.96,Freshwater,Unit Y6,YAN GZ 0,Non Guano,0.159275453,4.809494066,0.003997502,0.004934416,0.022548407,0.115978221,5.73550814,0.006669907,0.008233167,0.037622446,0.001790337,2.11675833,0.073043187,0.148469197,1.7871817,1
YAN,YAN 8A-I,75,75,5412.96,Freshwater,Unit Y6,YAN GZ 0,Non Guano,0.157331655,4.864694777,0.004090623,0.004908748,0.022844556,0.114562823,5.801337127,0.006825282,0.008190339,0.038116577,0.002393526,2.011980295,0.069640211,0.1451186,1.70434254,1
YAN,YAN 8A-I,77,77,5412.96,Freshwater,Unit Y6,YAN GZ 0,Non Guano,0.153405474,4.926798218,0.004201146,0.004837683,0.023551878,0.11170393,5.875397888,0.007009692,0.008071766,0.039296756,0.002323245,2.027125455,0.067562476,0.142270501,1.657076479,1
YAN,YAN 8A-I,79,79,5412.96,Freshwater,Unit Y6,YAN GZ 0,Non Guano,0.153307888,4.917302799,0.00413486,0.004898219,0.023664122,0.111632871,5.864074233,0.006899093,0.008172771,0.039484038,0.002375999,2.017595233,0.067349927,0.142495698,1.66366135,1
YAN,YAN 8A-I,81,81,5412.96,Freshwater,Unit Y6,YAN GZ 0,Non Guano,0.154664997,4.765184721,0.004257984,0.004884158,0.022792736,0.112621065,5.682667528,0.007104527,0.00814931,0.038030114,0.002015404,2.044890886,0.06593068,0.143658537,1.677496791,1
YAN,YAN 8A-I,83,83,5412.96,Freshwater,Unit Y6,YAN GZ 0,Non Guano,0.161863887,4.451256898,0.00441447,0.004966278,0.021030043,0.117863018,5.308296427,0.007365627,0.00828633,0.035089027,0.001988655,2.128501835,0.066639973,0.146279613,1.767781114,1
YAN,YAN 8A-I,85,85,5412.96,Freshwater,Unit Y6,YAN GZ 0,Non Guano,0.160561661,4.377289377,0.004395604,0.005006105,0.021306471,0.116914787,5.220087291,0.00733415,0.008352781,0.035550253,0.001270546,2.1714301,0.07050862,0.147075738,1.806154793,1
YAN,YAN 8A-I,87,87,5412.96,Freshwater,Unit Y6,YAN GZ 0,Non Guano,0.15896488,4.744300678,0.004066543,0.004929144,0.021503389,0.115752074,5.657762496,0.006785105,0.00822437,0.035878813,0.001500703,2.110806423,0.071624442,0.147805564,1.828374193,1
YAN,YAN 8A-I,89,89,5412.96,Freshwater,Unit Y6,YAN GZ 0,Non Guano,0.155860349,4.912718204,0.004052369,0.004925187,0.022630923,0.113491474,5.858606927,0.006761455,0.008217768,0.037760125,0.001545851,2.06914923,0.079625131,0.155220008,1.839507536,1
YAN,YAN 8A-I,91,91,5412.96,Freshwater,Unit Y6,YAN GZ 0,Non Guano,0.154285714,5.161904762,0.004,0.004888889,0.023301587,0.112344886,6.155771557,0.006674076,0.008157204,0.038879142,0.00113301,1.980934663,0.089018198,0.160943336,1.810983201,1
YAN,YAN 8A-I,93,93,5412.96,Freshwater,Unit Y6,YAN GZ 0,Non Guano,0.157186544,4.379204893,0.004342508,0.005137615,0.020917431,0.114457158,5.222371618,0.007245557,0.008572208,0.034901132,0.00101513,1.902533652,0.097160418,0.169206808,1.775559017,1
YAN,YAN 8A-I,95,95,5412.96,Freshwater,Unit Y6,YAN GZ 0,Non Guano,0.158993247,4.358502149,0.004665439,0.005033763,0.02111725,0.11577273,5.197682793,0.007784374,0.008398929,0.035234533,0.001358735,1.940946147,0.108596558,0.180010519,1.86551442,1
YAN,YAN 8A-I,97,97,5412.96,Freshwater,Unit Y6,YAN GZ 0,Non Guano,0.157310302,4.392350401,0.004565083,0.005058606,0.02152992,0.114547274,5.238048146,0.007616928,0.00844038,0.035923081,0.000699698,1.954956925,0.11536275,0.189268378,1.911765135,1
YAN,YAN 8A-I,99,99,5412.96,Freshwater,Unit Y6,YAN GZ 0,Non Guano,0.157331655,4.531151668,0.004594084,0.005412209,0.022026432,0.114562823,5.403574038,0.007665317,0.009030374,0.03675152,0.003092429,1.889932425,0.076852594,0.132516321,1.785133433,1
YAN,YAN 8A-II,1,101,5412.96,Freshwater,Unit Y6,YAN GZ 0,Non Guano,0.157591288,4.503523382,0.004548366,0.005188981,0.022037156,0.114751877,5.370626237,0.007589036,0.008657914,0.036769413,,2.009251764,0.089395166,0.14559963,1.826066844,1
YAN,YAN 8A-II,3,103,5412.96,Freshwater,Unit Y6,YAN GZ 0,Non Guano,0.156129032,4.606451613,0.004516129,0.004967742,0.022258065,0.113687119,5.493372142,0.007535247,0.008288772,0.037138004,,1.903939185,0.057705598,0.144667127,1.700184289,1
YAN,YAN 8A-II,5,105,5412.96,Freshwater,Unit Y6,YAN GZ 0,Non Guano,0.155370844,4.731457801,0.004603581,0.005051151,0.022378517,0.113135036,5.642446867,0.007681162,0.008427941,0.037338981,0.001455604,1.862165491,0.062926884,0.132907849,1.695554809,1
YAN,YAN 8A-II,7,107,5412.96,Freshwater,Unit Y6,YAN GZ 0,Non Guano,0.155028828,4.759769379,0.004356182,0.00512492,0.022485586,0.112885993,5.676209522,0.007268372,0.008551026,0.037517628,,1.920933014,0.080143541,0.153947368,1.848684211,1
YAN,YAN 8A-II,9,109,5412.96,Freshwater,Unit Y6,YAN GZ 0,Non Guano,0.153256705,4.833971903,0.004150702,0.004853129,0.022796935,0.111595602,5.764698909,0.006925526,0.008097538,0.038037119,0.001212856,2.052880534,0.079927229,0.160218314,1.810915706,1
YAN,YAN 8A-II,11,111,5412.96,Freshwater,Unit Y6,YAN GZ 0,Non Guano,0.153994845,5.096649485,0.004059278,0.00496134,0.023324742,0.112133087,6.077952109,0.006772983,0.008278091,0.038917776,0.000744694,2.201067395,0.068139506,0.170162592,1.925282363,1
YAN,YAN 8A-II,13,113,5412.96,Freshwater,Unit Y6,YAN GZ 0,Non Guano,0.152553329,5.20361991,0.004007757,0.004848093,0.023723335,0.11108343,6.205518488,0.006687019,0.008089136,0.039582837,0.000753807,2.248303935,0.07734057,0.164028343,2.308608473,1
YAN,YAN 8A-II,15,115,5412.96,Freshwater,Unit Y6,YAN GZ 0,Non Guano,0.153294194,5.322896282,0.004109589,0.004957599,0.023874755,0.1116229,6.347760187,0.006856927,0.008271849,0.039835483,,2.235333602,0.07893677,0.154517385,2.090481944,1
YAN,YAN 8A-II,17,117,5412.96,Freshwater,Unit Y6,YAN GZ 0,Non Guano,0.153446034,5.305591678,0.004096229,0.005006502,0.023862159,0.111733463,6.327123775,0.006834636,0.008353444,0.039814466,0.002369964,2.170886865,0.078832481,0.159161781,1.804540352,1
YAN,YAN 8A-II,19,119,5412.96,Freshwater,Unit Y6,YAN GZ 0,Non Guano,0.154498044,5.404172099,0.004041721,0.00482399,0.023924381,0.112499497,6.44468475,0.006743688,0.008048918,0.039918284,,2.220700349,0.061119008,0.155058793,1.983977258,1
YAN,YAN 8A-II,21,121,5412.96,Freshwater,Unit Y6,YAN GZ 0,Non Guano,0.15493867,5.235635894,0.004196256,0.005035507,0.023692705,0.112820343,6.243698791,0.007001532,0.008401839,0.039531729,,2.449795082,0.069031762,0.138960041,1.984246926,1
YAN,YAN 8A-II,23,123,5412.96,Freshwater,Unit Y6,YAN GZ 0,Non Guano,0.152498378,5.165476963,0.003893576,0.00486697,0.023426347,0.111043417,6.160031546,0.006496505,0.008120631,0.039087305,,2.17483833,0.091828336,0.15085244,1.718283363,1
YAN,YAN 8A-II,25,125,5412.96,Freshwater,Unit Y6,YAN GZ 0,Non Guano,0.154392765,5.174418605,0.004134367,0.00503876,0.023191214,0.112422836,6.1706948,0.00689827,0.008407266,0.038694982,0.002259484,1.969318587,0.067189916,0.140682602,1.496135093,1
YAN,YAN 8A-II,27,127,5412.96,Freshwater,Unit Y6,YAN GZ 0,Non Guano,0.153041203,5.232177894,0.00412034,0.004839765,0.024068018,0.111438682,6.239574992,0.006874866,0.008075239,0.040157946,,2.111242744,0.069304585,0.152943964,1.691268807,1
YAN,YAN 8A-II,29,129,5412.96,Freshwater,Unit Y6,YAN GZ 0,Non Guano,0.150033047,5.393258427,0.003965631,0.004890945,0.024388632,0.109248258,6.431669773,0.006616731,0.008160635,0.040692896,0.001369113,2.05558598,0.068044907,0.133077766,1.88253012,1
YAN,YAN 8A-II,31,131,5412.96,Freshwater,Unit Y6,YAN GZ 0,Non Guano,0.151131824,5.592543276,0.003994674,0.004860186,0.024500666,0.110048346,6.669324681,0.006665189,0.008109313,0.040879827,0.001158301,2.209137709,0.075675676,0.163449163,1.838223938,1
YAN,YAN 8A-II,33,133,5412.96,Freshwater,Unit Y6,YAN GZ 0,Non Guano,0.152887139,5.452755906,0.004133858,0.00492126,0.024540682,0.111326498,6.502622823,0.006897421,0.008211216,0.040946595,,2.223705502,0.086165049,0.158980583,1.951321467,1
YAN,YAN 8A-II,35,135,5412.96,Freshwater,Unit Y6,YAN GZ 0,Non Guano,0.152173913,5.415019763,0.004018445,0.005006588,0.024176548,0.110807154,6.457621009,0.006704852,0.008353587,0.04033903,0.000774393,2.117836861,0.080665978,0.151135777,1.802787816,1
YAN,YAN 8A-II,37,137,5412.96,Freshwater,Unit Y6,YAN GZ 0,Non Guano,0.152,5.62,0.004066667,0.004933333,0.025066667,0.110680518,6.702067889,0.006785311,0.008231361,0.04182421,0.005911718,2.078297425,0.087230688,0.142406726,1.795191802,1
YAN,YAN 8A-II,39,139,5412.96,Freshwater,Unit Y6,YAN GZ 0,Non Guano,0.153183024,5.629973475,0.004045093,0.004973475,0.024270557,0.11154195,6.713961645,0.006749314,0.008298337,0.040495886,,1.986486486,0.061070686,0.150597713,1.682172557,1
YAN,YAN 8A-II,41,141,5412.96,Freshwater,Unit Y6,YAN GZ 0,Non Guano,0.152666667,5.493333333,0.003933333,0.004933333,0.024666667,0.111165958,6.551012979,0.006562841,0.008231361,0.041156803,0.00454122,1.671052632,0.049487657,0.138681882,1.441080578,1
YAN,YAN 8A-II,43,143,5412.96,Freshwater,Unit Y6,YAN GZ 0,Non Guano,0.154455446,5.544554455,0.004290429,0.004950495,0.024026403,0.112468478,6.612096152,0.007158662,0.008259995,0.04008851,0.003175443,2.378274676,0.076872188,0.151362794,1.72545647,1
YAN,YAN 8A-II,45,145,5412.96,Freshwater,Unit Y6,YAN GZ 0,Non Guano,0.152356359,5.151710781,0.00406714,0.004841833,0.023563589,0.110940004,6.14361484,0.006786101,0.008078691,0.039316297,0.00166113,1.975359911,0.075996678,0.142718715,1.674557032,1
YAN,YAN 8A-II,47,147,5412.96,Freshwater,Unit Y6,YAN GZ 0,Non Guano,0.152948801,5.119896306,0.003953338,0.005119896,0.023720026,0.111371398,6.105674845,0.006596219,0.008542644,0.039577314,0.001983143,2.119732276,0.065691621,0.143901834,1.768715915,1
YAN,YAN 8A-II,49,149,5412.96,Freshwater,Unit Y6,YAN GZ 0,Non Guano,0.152442997,5.159609121,0.004039088,0.00495114,0.023843648,0.111003091,6.153033916,0.006739295,0.008261071,0.039783581,,2.472652219,0.067374318,0.150523367,2.073271414,1
YAN,YAN 8A-II,51,151,5412.96,Freshwater,Unit Y6,YAN GZ 0,Non Guano,0.152442997,5.35504886,0.003713355,0.004885993,0.024234528,0.111003091,6.386103383,0.006195804,0.008152373,0.04043577,,1.86186724,0.081661891,0.152459408,1.57234957,1
YAN,YAN 8A-II,53,153,5412.96,Freshwater,Unit Y6,YAN GZ 0,Non Guano,0.152173913,5.467720685,0.003952569,0.00513834,0.024505929,0.110807154,6.520468902,0.006594937,0.008573418,0.040888608,0.003342086,1.902243972,0.079374552,0.144783958,1.578539031,1
YAN,YAN 8A-II,55,155,5412.96,Freshwater,Unit Y6,YAN GZ 0,Non Guano,0.158127767,4.876660342,0.003858318,0.004996837,0.022327641,0.115142521,5.815606527,0.006437676,0.008337318,0.037254093,0.003927596,1.892247268,0.108777322,0.197575137,2.084016393,1
YAN,YAN 8A-II,57,157,5412.96,Freshwater,Unit Y6,YAN GZ 0,Non Guano,0.159375,4.8125,0.0039375,0.0049375,0.0220625,0.116050707,5.739092832,0.006569794,0.008238313,0.036811701,,1.827489274,0.130640627,0.187157864,1.845835183,1
YAN,YAN 8A-II,59,159,5412.96,Freshwater,Unit Y6,YAN GZ 0,Non Guano,0.164375,4.80625,0.0039375,0.0050625,0.021625,0.119691514,5.731639465,0.006569794,0.008446878,0.036081724,,1.960853094,0.101866143,0.184790234,1.844394556,1
YAN,YAN 8A-II,61,161,5412.96,Freshwater,Unit Y6,YAN GZ 0,Non Guano,0.165,4.825,0.003875,0.005,0.0221875,0.120146614,5.753999567,0.006465511,0.008342595,0.037020266,0.003649635,2.122773723,0.110510949,0.184671533,1.981605839,1
YAN,YAN 8A-II,63,163,5412.96,Freshwater,Unit Y6,YAN GZ 0,Non Guano,0.165517241,4.815047022,0.004012539,0.005141066,0.021630094,0.12052325,5.742130255,0.006694998,0.008577966,0.036090223,,2.025769956,0.105908234,0.196417348,2.174890006,1
YAN,YAN 8A-II,65,165,5412.96,Freshwater,Unit Y6,YAN GZ 0,Non Guano,0.163138232,4.838107098,0.003798257,0.00498132,0.022042341,0.118790947,5.76963029,0.006337463,0.008311427,0.036778066,,2.228337036,0.137583319,0.196547599,2.261322851,1
YAN,YAN 8A-II,67,167,5412.96,Freshwater,Unit Y6,YAN GZ 0,Non Guano,0.162247475,4.981060606,0.003977273,0.004861111,0.022664141,0.118142332,5.94010789,0.006636155,0.008110856,0.037815551,,,,,,1
YAN,YAN 8A-II,69,169,5412.96,Freshwater,Unit Y6,YAN GZ 0,Non Guano,0.161642078,5.169980757,0.003592046,0.00487492,0.023540731,0.117701506,6.165402495,0.005993397,0.008133896,0.039278158,,,,,,1
YAN,YAN 9B-I,18,171,5412.96,Freshwater,Unit Y6,YAN GZ 0,Non Guano,0.160598179,5.44213264,0.003641092,0.004876463,0.023927178,0.116941379,6.489954166,0.006075232,0.008136471,0.039922952,0.001592357,1.933121019,0.117834395,0.203025478,2.202707006,1
YAN,YAN 9B-I,20,173,5412.96,Freshwater,Unit Y6,YAN GZ 0,Non Guano,0.160679295,5.512736773,0.003788374,0.004833442,0.024297845,0.117000444,6.574152333,0.006320973,0.00806469,0.040541416,0.002020474,2.276939655,0.091460129,0.189385776,1.874865302,1
YAN,YAN 9B-I,21,174,5412.96,Freshwater,Unit Y6,YAN GZ 0,Non Guano,0.158657011,5.582620145,0.003884134,0.004739961,0.024753127,0.115527896,6.657490963,0.006480752,0.007908714,0.041301063,0.003292052,2.17024612,0.103307728,0.203009876,2.22746512,1
YAN,YAN 9B-I,22,175,5412.96,Freshwater,Unit Y6,YAN GZ 0,Non Guano,0.161649215,5.556282723,0.003730366,0.004712042,0.02460733,0.117706702,6.626082566,0.006224187,0.007862132,0.041057798,,2.044370229,0.099594466,0.176765267,1.64086355,1
YAN,YAN 9B-I,23,176,5412.96,Freshwater,Unit Y6,YAN GZ 0,Non Guano,0.160310278,5.365223012,0.004007757,0.004783452,0.024046542,0.11673174,6.398236454,0.006687019,0.00798128,0.040122112,,2.052480418,0.104830287,0.189817232,1.814490862,1
YAN,YAN 9B-I,24,177,5412.96,Freshwater,Unit Y6,YAN GZ 0,Non Guano,0.159477124,5.620915033,0.00372549,0.004771242,0.024705882,0.11612507,6.703159101,0.006216051,0.007960908,0.041222235,0.003821824,2.220479705,0.094359515,0.182920401,1.830126516,1
YAN,YAN 9B-I,25,178,5412.96,Freshwater,Unit Y6,YAN GZ 0,Non Guano,0.161082474,5.347938144,0.003865979,0.005219072,0.024033505,0.117294024,6.377623579,0.00645046,0.008708121,0.040100361,0.002792863,2.085337471,0.103335919,0.207137316,2.139643134,1
YAN,YAN 9B-I,26,179,5412.96,Freshwater,Unit Y6,YAN GZ 0,Non Guano,0.16286645,5.465798046,0.003843648,0.0047557,0.024364821,0.118593046,6.51817608,0.0064132,0.007934976,0.040653167,0.007613424,2.246737104,0.117153511,0.204785581,2.107054071,1
YAN,YAN 9B-I,27,180,5412.96,Freshwater,Unit Y6,YAN GZ 0,Non Guano,0.159505208,5.48828125,0.004036458,0.005273438,0.024609375,0.11614552,6.544988173,0.006734908,0.008798831,0.04106121,,2.277440207,0.103813833,0.179573368,1.851842275,1
YAN,YAN 9B-I,28,181,5412.96,Freshwater,Unit Y6,YAN GZ 0,Non Guano,0.16453265,5.281690141,0.00390525,0.004993598,0.023943662,0.119806309,6.298620266,0.006515983,0.008331913,0.039950455,0.005044136,2.317920695,0.110270422,0.201765448,2.056186073,1
YAN,YAN 9B-I,29,182,5412.96,Freshwater,Unit Y6,YAN GZ 0,Non Guano,0.161603103,5.397543633,0.003878474,0.004783452,0.02449903,0.117673125,6.436780047,0.006471308,0.00798128,0.040877098,0.004745867,2.257807716,0.112369871,0.171769749,2.222290263,1
YAN,YAN 9B-I,30,183,5412.96,Freshwater,Unit Y6,YAN GZ 0,Non Guano,0.164736165,5.328185328,0.003925354,0.004890605,0.024131274,0.1199545,6.35406758,0.006549528,0.008160067,0.04026349,0.003246199,2.450025628,0.108833077,0.213907398,2.531180591,1
YAN,YAN 9B-I,31,184,5412.96,Freshwater,Unit Y6,YAN GZ 0,Non Guano,0.154798762,5.015479876,0.003529412,0.005634675,0.023034056,0.112718467,5.981154204,0.005888891,0.009401562,0.03843276,0.002988361,2.208084303,0.130544196,0.197860963,2.310160428,1
YAN,YAN 9B-I,33,186,5412.96,Freshwater,Unit Y6,YAN GZ 0,Non Guano,0.152727273,4.939393939,0.004181818,0.008121212,0.022606061,0.111210089,5.890418775,0.006977443,0.013550397,0.037718642,0.000958313,2.413991375,0.076505351,0.178885162,2.326305702,1
YAN,YAN 9B-I,35,188,5412.96,Freshwater,Unit Y6,YAN GZ 0,Non Guano,0.156899811,5.129174543,0.003780718,0.011657215,0.023251418,0.11424837,6.116739503,0.0063082,0.019450285,0.038795433,0.000831025,2.460249307,0.107479224,0.207617729,2.046121884,1
YAN,YAN 9B-I,37,190,5446.9,Freshwater,Unit Y6,YAN GZ 0,Non Guano,0.161601186,4.292068199,0.006671609,0.008154188,0.025500371,0.11767173,5.118457732,0.011131706,0.013605418,0.042547853,0.005637875,1.086794362,0.353046621,0.111514275,1.147437658,1
YAN,YAN 9B-I,39,192,5514.79,Freshwater,Unit Y5,YAN GZ 0,Non Guano,0.173447537,2.355460385,0.016595289,0.008351178,0.02987152,0.126297784,2.808977832,0.027689555,0.013934099,0.0498412,0.005472597,1.004832794,0.262410456,0.105967302,1.099055149,1
YAN,YAN 9B-I,41,194,5582.68,Freshwater,Unit Y5,YAN GZ 0,Non Guano,0.163265306,2.530612245,0.013571429,0.007857143,0.029795918,0.118883478,3.017853215,0.022644187,0.013109792,0.049715057,0.004454389,1.110497578,0.214580425,0.105109204,1.150546022,1
YAN,YAN 9B-I,43,196,5630.5,Freshwater,Unit Y5,YAN GZ 0,Non Guano,0.177638454,2.340647858,0.015256008,0.00815047,0.029467085,0.129349447,2.791313318,0.02545494,0.013599215,0.049166391,0.005879316,1.026313525,0.382829529,0.102214064,1.083758747,1
YAN,YAN 9B-I,45,198,5678.32,Freshwater,Unit Y5,YAN GZ 0,Non Guano,0.195968645,2.217245241,0.019596865,0.008958567,0.029339306,0.142696783,2.644150913,0.032697741,0.014947539,0.04895319,0.005172694,0.869771729,0.184546983,0.121639646,1.008263298,1
YAN,YAN 9B-I,47,200,5726.8,Freshwater,Unit Y5,YAN GZ 0,Non Guano,0.179437439,2.822502425,0.014839961,0.007662464,0.028225024,0.130659399,3.365943571,0.024760758,0.012784966,0.04709399,0.006213173,1.178333483,0.36462599,0.071862283,0.913208128,1
YAN,YAN 9B-I,49,202,5775.94,Freshwater,Unit Y5,YAN GZ 0,Non Guano,0.169001751,3.012259194,0.008406305,0.007793345,0.028984238,0.123060535,3.592235876,0.014026079,0.013003344,0.048360753,0.002154821,1.042869598,0.122838977,0.095861184,0.79768782,1
YAN,YAN 9B-I,51,204,5825.08,Freshwater,Unit Y5,YAN GZ 0,Non Guano,0.175895765,3.680781759,0.006905537,0.005472313,0.021693811,0.128080489,4.389474953,0.011522021,0.009130658,0.036196536,0.002967651,0.881499558,0.189125169,0.122281516,1.003352015,1
YAN,YAN 9B-I,53,206,5871.97,Freshwater,Unit Y5,YAN GZ 0,Non Guano,0.175869121,2.106339468,0.011656442,0.008691207,0.030777096,0.128061088,2.511891479,0.019448995,0.014501443,0.05135217,0.00448011,0.782877117,0.220450965,0.122695943,1.01382434,1
YAN,YAN 9B-I,55,208,5918.87,Freshwater,Unit Y5,YAN GZ 0,Non Guano,0.186092067,1.968658178,0.014005877,0.008325171,0.026444662,0.135505041,2.347701203,0.023369072,0.013890707,0.044123422,0.003606185,0.964380505,0.239566104,0.125918375,0.970823557,1
YAN,YAN 9B-I,57,210,5966.34,Freshwater,Unit Y5,YAN GZ 0,Non Guano,0.252512563,4.422110553,0.016582915,0.013190955,0.044974874,0.183869876,5.273538281,0.027668908,0.022009359,0.075041433,0.002377028,2.497157123,0.21025347,0.220597721,1.728266323,1
YAN,YAN 9B-I,61,214,6062.44,Brackish-Marine,Unit Y4,YAN GZ 0,Non Guano,0.224373576,8.006833713,0.012186788,0.009225513,0.041116173,0.163380155,9.548459631,0.020333888,0.015392943,0.068603117,0.001267483,3.949543155,0.1412968,0.135664767,1.607796674,1
YAN,YAN 9B-I,63,216,6110.1,Brackish-Marine,Unit Y4,YAN GZ 0,Non Guano,0.225028703,8.461538462,0.011940299,0.009070034,0.042365098,0.163857193,10.09071267,0.019922615,0.015133525,0.070686971,0.001542272,4.111137075,0.143291116,0.143139225,1.862071786,1
YAN,YAN 9B-I,65,218,6157.76,Brackish-Marine,Unit Y4,YAN GZ 0,Non Guano,0.216894977,8.070776256,0.01152968,0.00913242,0.042579909,0.157934529,9.624713592,0.019237491,0.015237617,0.071045388,,,,,,1
YAN,YAN 9B-I,67,220,6204.78,Brackish-Marine,Unit Y4,YAN GZ 0,Non Guano,0.225287356,7.597701149,0.011494253,0.009425287,0.043448276,0.164045534,9.060553186,0.01917838,0.015726271,0.072494275,0.001131956,3.405351742,0.147748149,0.1264451,1.439078476,1
YAN,YAN 9B-I,69,222,6251.17,Brackish-Marine,Unit Y4,YAN GZ 0,Non Guano,0.222850679,7.273755656,0.011425339,0.010520362,0.041628959,0.16227124,8.674235626,0.019063396,0.017553424,0.06945871,0.002463313,3.309618595,0.193901257,0.158761105,1.535858132,1
YAN,YAN 9B-I,71,224,6297.55,Brackish-Marine,Unit Y4,YAN GZ 0,Non Guano,0.226035503,8.189349112,0.01112426,0.009585799,0.043431953,0.164590306,9.766116321,0.01856104,0.015994088,0.072467039,0.001454629,3.713417123,0.114654081,0.132800318,1.486505437,1
YAN,YAN 9B-I,73,226,6343.1,Brackish-Marine,Unit Y4,YAN GZ 0,Non Guano,0.224489796,7.482993197,0.010997732,0.010090703,0.042630385,0.163464782,8.923759506,0.018349926,0.01683653,0.071129609,0.001054788,3.607055812,0.129575013,0.139651818,1.57812596,1
YAN,YAN 9B-I,75,228,6388.65,Brackish-Marine,Unit Y4,YAN GZ 0,Non Guano,0.209330144,7.523923445,0.011961722,0.009090909,0.047009569,0.152426109,8.972570413,0.019958362,0.015168355,0.078436361,0.001440337,2.706751218,0.149940067,0.129785013,1.429143144,1
YAN,YAN 9B-I,77,230,6435.12,Brackish-Marine,Unit Y4,YAN GZ 0,Non Guano,0.221709007,6.732101617,0.012471132,0.009468822,0.045150115,0.161439919,8.028292184,0.02080832,0.01579891,0.075333826,0.00158474,2.639658849,0.140878618,0.128114255,1.481924355,1
YAN,YAN 9B-I,79,232,6482.53,Brackish-Marine,Unit Y4,YAN GZ 0,Non Guano,0.215527231,7.010428737,0.012977984,0.009385863,0.04438007,0.156938588,8.360208066,0.021654013,0.015660491,0.07404899,0.001926227,2.477366827,0.181730626,0.141289778,1.54036638,1
YAN,YAN 9B-I,81,234,6529.94,Brackish-Marine,Unit Y4,YAN GZ 0,Non Guano,0.21826809,6.180308422,0.014353499,0.009845789,0.045670225,0.158934376,7.370257406,0.023949087,0.016427886,0.07620164,0.002108258,2.111471585,0.2320926,0.144487315,1.522152061,1
YAN,YAN 9B-I,85,238,6624.91,Brackish-Marine,Unit Y4,YAN GZ 0,Non Guano,0.213286713,6.002331002,0.016550117,0.011421911,0.044172494,0.15530713,7.158012433,0.027614184,0.019057676,0.073702647,0.003090546,2.077910265,0.247769765,0.141704842,1.281667142,1
YAN,YAN 9B-I,86,239,6648.65,Brackish-Marine,Unit Y4,YAN GZ 0,Non Guano,0.237890205,10.46286329,0.010548977,0.009364909,0.02088267,0.173222441,12.47737013,0.017601169,0.015625528,0.034843131,0.002211664,2.026493166,0.224981277,0.158806871,1.315015915,1
YAN,YAN 9B-I,89,242,6718.95,Brackish-Marine,Unit Y4,YAN GZ 0,Non Guano,0.228501229,5.257985258,0.013882064,0.012653563,0.03968059,0.166385752,6.270351274,0.023162488,0.02111271,0.066207819,0.006949553,2.065598147,0.258197812,0.180171861,1.491586971,1
YAN,YAN 9B-I,90,243,6742.39,Brackish-Marine,Unit Y4,YAN GZ 0,Non Guano,0.223716381,4.645476773,0.015158924,0.019804401,0.039364303,0.162901611,5.539911158,0.025292953,0.03304402,0.065680089,0.004891229,1.975114313,0.244034918,0.158209782,1.375377581,1
YAN,YAN 9B-I,91,244,6765.82,Brackish-Marine,Unit Y4,YAN GZ 0,Non Guano,0.213793103,4.344827586,0.014827586,0.012528736,0.035977011,0.155675864,5.181375347,0.02474011,0.020904434,0.060028328,0.005526137,1.542622781,0.22930583,0.133630983,1.186873406,1
YAN,YAN 9B-I,92,245,6787.39,Brackish-Marine,Unit Y4,YAN GZ 0,Non Guano,0.202072539,3.316062176,0.014093264,0.014300518,0.031709845,0.147141403,3.95453271,0.023514879,0.023860687,0.052908479,0.004254473,1.232306163,0.212157058,0.12083499,1.241858847,1
YAN,YAN 9B-I,94,247,6830.54,Brackish-Marine,Unit Y4,YAN GZ 0,Non Guano,,,,,,,,,,,0.003459784,1.248868736,0.099579547,0.091085637,0.767600588,1
YAN,YAN 8B-I,31,249,6873.69,Freshwater-Tephra,Unit Y3,YAN GZ 0,Non Guano,0.160244648,3.394495413,0.002996942,0.006422018,0.018409786,0.116683951,4.048067386,0.005000455,0.01071526,0.030717078,0.002320559,1.550361497,0.053802095,0.256348003,1.53764537,1
YAN,YAN 8B-I,32,250,6890.27,Freshwater-Tephra,Unit Y3,YAN GZ 0,Non Guano,0.156229826,3.369916075,0.003744351,0.005745642,0.019367334,0.113760513,4.018755572,0.006247521,0.009586714,0.032314765,0.002371756,1.544351833,0.056285153,0.262004472,1.56909941,1
YAN,YAN 8B-I,33,251,6906.86,Freshwater-Tephra,Unit Y3,YAN GZ 0,Non Guano,0.167369055,3.43768814,0.002528597,0.006863335,0.018001204,0.121871668,4.099576387,0.004219013,0.011451606,0.030035351,0.003296782,1.528975847,0.073245897,0.271525837,1.702142908,1
YAN,YAN 8B-I,34,252,6923.44,Freshwater-Tephra,Unit Y3,YAN GZ 0,Non Guano,0.167079208,3.70049505,0.002660891,0.005940594,0.019183168,0.121660613,4.412983816,0.004439747,0.009911994,0.032007481,0.003913479,1.517701666,0.087628553,0.284758669,1.909443922,1
YAN,YAN 8B-I,35,253,6923.44,Freshwater-Tephra,Unit Y3,YAN GZ 0,Non Guano,0.16686747,3.548192771,0.00246988,0.005722892,0.017891566,0.121506434,4.231357444,0.004121041,0.009548753,0.029852419,0.003741109,1.499076765,0.103145422,0.299529552,2.121931247,1
YAN,YAN 8B-I,37,255,6923.44,Freshwater-Tephra,Unit Y3,YAN GZ 0,Non Guano,0.162831858,3.994100295,0.002359882,0.033569322,0.019469027,0.118567858,4.763119454,0.003937508,0.056011052,0.032484441,0.003174491,1.386117367,0.135368081,0.230868817,2.466118077,1
YAN,YAN 8B-I,39,257,6940.02,Freshwater-Tephra,Unit Y3,YAN GZ 0,Non Guano,0.166765932,3.746277546,0.002263252,0.007147111,0.018344253,0.121432498,4.467581218,0.003776279,0.011925091,0.030607734,0.003679395,1.244172633,0.198349244,0.260640414,2.910461416,1
YAN,YAN 8B-I,41,259,6978.51,Freshwater-Tephra,Unit Y3,YAN GZ 0,Non Guano,0.169135802,3.456790123,0.00308642,0.009567901,0.018271605,0.123158146,4.122356243,0.00514975,0.015964225,0.03048652,0.004129969,1.141263177,0.271847762,0.286542235,3.453771734,1
YAN,YAN 8B-I,43,261,7022.31,Freshwater-brackish,Unit Y2,YAN GZ 0,Non Guano,0.185995624,2.855579869,0.015645514,0.010284464,0.04190372,0.135434815,3.405389705,0.026104838,0.017159824,0.069917154,0.002994735,1.104791576,0.287784379,0.300149737,3.599236826,1
YAN,YAN 8B-I,45,263,7066.11,Freshwater-brackish,Unit Y2,YAN GZ 0,Non Guano,0.192922374,3.287671233,0.008789954,0.009589041,0.044977169,0.140478607,3.920675409,0.014666206,0.015999497,0.075045262,0.006013673,1.056250532,0.302130315,0.3003716,3.561937991,1
YAN,YAN 8B-I,47,265,7126.3,Freshwater-brackish,Unit Y2,YAN GZ 0,Non Guano,0.196388262,2.945823928,0.013656885,0.012528217,0.040293454,0.143002332,3.513009245,0.022786772,0.020903568,0.067230394,0.011027117,1.049032527,0.326825716,0.310631805,3.730390457,1
YAN,YAN 8B-I,49,267,7186.49,Freshwater-brackish,Unit Y2,YAN GZ 0,Non Guano,0.182147165,2.798552473,0.015319662,0.010253317,0.037394451,0.132632517,3.337382325,0.025561148,0.017107855,0.062393353,0.017282479,1.053585618,0.31639849,0.317590385,4.110995232,1
YAN,YAN 8B-I,51,269,7246.37,Freshwater-brackish,Unit Y2,YAN GZ 0,Non Guano,0.185882353,2.717647059,0.015058824,0.014588235,0.035411765,0.135352336,3.240899482,0.025125933,0.024340748,0.059085203,0.026234568,1.152962963,0.350123457,0.387901235,4.601604938,1
YAN,YAN 8B-I,53,271,7305.93,Freshwater-brackish,Unit Y2,YAN GZ 0,Non Guano,0.187717265,2.746234067,0.015295481,0.013441483,0.033951333,0.136688448,3.274990598,0.025520801,0.02242737,0.056648444,0.031380441,1.813431723,0.365831843,0.44446929,5.549194991,1
YAN,YAN 8B-I,55,273,7365.5,Freshwater-brackish,Unit Y2,YAN GZ 0,Non Guano,0.188591385,2.887077998,0.01443539,0.022002328,0.033527357,0.137324948,3.442952445,0.024085723,0.036711303,0.055941034,0.020543338,2.111203105,0.323570505,0.391203105,4.283208279,1
YAN,YAN 8B-I,57,275,7424.94,Freshwater-brackish,Unit Y2,YAN GZ 0,Non Guano,0.216063348,5.520361991,0.012895928,0.020927602,0.054524887,0.157328969,6.583245701,0.021517101,0.034918102,0.090975811,0.012482517,2.197377622,0.226433566,0.333286713,3.035699301,1
YAN,YAN 8B-I,59,277,7484.38,Freshwater-brackish,Unit Y2,YAN GZ 0,Non Guano,0.202614379,5.501089325,0.011220044,0.021023965,0.05130719,0.14753595,6.560262299,0.018720856,0.035078886,0.085607022,0.006410256,2.038211493,0.196558465,0.291780324,2.354041644,1
YAN,YAN 8B-I,61,279,7544.41,Freshwater-brackish,Unit Y2,YAN GZ 0,Non Guano,0.265780731,7.929125138,0.010299003,0.016168328,0.029346622,0.193531242,9.455789143,0.017184083,0.026977162,0.048965398,0.008051125,2.107809591,0.175086801,0.277939918,2.288657978,1
YAN,YAN 8B-I,63,281,7605.01,Glaciomarine ,Unit Y1,YAN GZ 0,Non Guano,0.312145289,9.171396141,0.012939841,0.009648127,0.026901249,0.22729212,10.93724548,0.021590371,0.016098084,0.044885245,0.008821642,1.977197391,0.159538067,0.257805817,1.972733105,1
YAN,YAN 8B-I,65,283,7665.62,Glaciomarine ,Unit Y1,YAN GZ 0,Non Guano,0.251708428,9.510250569,0.012870159,0.015831435,0.0261959,0.183284336,11.34134252,0.021474106,0.026415051,0.043708357,0.01043697,1.811851619,0.143728387,0.25460547,1.914743791,1
YAN,YAN 8B-I,67,285,7727.12,Glaciomarine ,Unit Y1,YAN GZ 0,Non Guano,0.244224422,8.943894389,0.011661166,0.011331133,0.022992299,0.177834773,10.66594082,0.019456877,0.018906211,0.038363089,0.010837777,1.629898503,0.199415104,0.258042319,1.835024944,1
YAN,YAN 8B-I,69,287,7788.62,Glaciomarine ,Unit Y1,YAN GZ 0,Non Guano,0.232183908,10.03448276,0.013678161,0.008735632,0.022183908,0.169067336,11.96650973,0.022822272,0.014575568,0.037014273,0.012644576,1.480865782,0.203652051,0.26189148,1.693443416,1
YAN,YAN 8B-I,71,289,7850.23,Glaciomarine ,Unit Y1,YAN GZ 0,Non Guano,0.232718894,8.870967742,0.013709677,0.012096774,0.022926267,0.169456892,10.57897296,0.022874858,0.020183698,0.038252913,0.007449889,1.569171516,0.196536504,0.246408591,1.31494757,1
YAN,YAN 8B-I,73,291,7911.95,Glaciomarine ,Unit Y1,YAN GZ 0,Non Guano,0.292410714,9.53125,0.013392857,0.01484375,0.024553571,0.212922166,11.36638515,0.022346237,0.024767079,0.040968101,0.006063221,1.993777818,0.171178127,0.250090835,1.205581797,1
YAN,YAN 8B-I,75,293,7973.67,Glaciomarine ,Unit Y1,YAN GZ 0,Non Guano,0.231162197,6.079182631,0.014176245,0.009706258,0.019029374,0.168323366,7.249660979,0.023653335,0.016195076,0.031750873,0.004064355,1.858384372,0.152272855,0.242344215,1.078458916,1
YAN,YAN 8B-I,77,295,8033.68,Glaciomarine ,Unit Y1,YAN GZ 0,Non Guano,0.239766082,9.929824561,0.016140351,0.010994152,0.020116959,0.174588382,11.84170077,0.026930482,0.018343952,0.033565529,0.00441349,1.835080728,0.121752733,0.240153448,1.084005289,1
YAN,YAN 8B-I,79,297,8093.68,Glaciomarine ,Unit Y1,YAN GZ 0,Non Guano,0.261904762,6.689342404,0.014399093,0.012585034,0.019160998,0.190708912,7.977300165,0.024025161,0.020998369,0.031970489,0.005572036,1.858374088,0.112763569,0.246632727,1.098853524,1
YAN,YAN 8B-I,81,299,8160.98,Glaciomarine ,Unit Y1,YAN GZ 0,Non Guano,0.241975309,12.03703704,0.011111111,0.012469136,0.022469136,0.176197055,14.35463335,0.0185391,0.02080499,0.03749018,0.005327289,1.742449778,0.093799035,0.243292458,1.102845741,1
YAN,YAN 8B-I,83,301,8235.56,Glaciomarine ,Unit Y1,YAN GZ 0,Non Guano,0.232480534,7.474972191,0.014571746,0.010122358,0.016573971,0.169283328,8.914194146,0.024313236,0.016889347,0.027653986,0.006817313,1.344030073,0.088030412,0.237098076,1.128870577,1
YAN,YAN 8B-I,85,303,8310.14,Glaciomarine ,Unit Y1,YAN GZ 0,Non Guano,0.245989305,7.818181818,0.013796791,0.00855615,0.015828877,0.179119892,9.323484932,0.023020209,0.014276099,0.026410782,0.009004417,1.323042571,0.087253046,0.240279598,1.179602932,1
YAN,YAN 8B-I,87,305,8405.64,Glaciomarine ,Unit Y1,YAN GZ 0,Non Guano,0.286652079,9.846827133,0.017067834,0.008533917,0.019256018,0.20872895,11.74272312,0.028478005,0.014239003,0.032129031,0.00770016,1.263869164,0.10724747,0.221107758,1.095086987,1
YAN,YAN 8B-I,89,307,8501.15,Glaciomarine ,Unit Y1,YAN GZ 0,Non Guano,0.255913978,7.376344086,0.013010753,0.009784946,0.017419355,0.186346655,8.796576306,0.021708688,0.016326369,0.029064525,0.009561697,1.294272287,0.121975619,0.220035362,1.220407594,1
YAN,YAN 8B-I,91,309,8596.24,Glaciomarine ,Unit Y1,YAN GZ 0,Non Guano,0.267175573,8.898582334,0.010796074,0.009269357,0.019193021,0.194546912,10.61190443,0.018013455,0.015466098,0.03202392,0.012533957,1.304580543,0.134914871,0.228005057,1.331961591,1
YAN,YAN 8B-I,93,311,8690.93,Glaciomarine ,Unit Y1,YAN GZ 0,Non Guano,0.244198895,7.690607735,0.013922652,0.010497238,0.018453039,0.177816185,9.171347891,0.02323021,0.017514841,0.030789246,0.011117481,1.27591794,0.145973029,0.224692774,1.322157689,1
YAN,YAN 8B-I,95,313,8785.62,Glaciomarine ,Unit Y1,YAN GZ 0,Non Guano,0.323798627,10.04576659,0.011670481,0.009954233,0.020594966,0.235777629,11.97996614,0.019472419,0.016608828,0.034363092,0.009262152,1.309936169,0.140092845,0.215863947,1.314667678,1
YAN,YAN 8B-I,97,315,8879.38,Glaciomarine ,Unit Y1,YAN GZ 0,Non Guano,0.273942094,8.975501114,0.013697105,0.009465479,0.019821826,0.199474031,10.70363306,0.02285388,0.015793331,0.033073094,0.011625576,1.467152736,0.117207857,0.234240329,1.478602926,1
YAN,YAN 8B-II,1,319,9066.52,Glaciomarine ,Unit Y1,YAN GZ 0,Non Guano,0.293607801,8.667388949,0.011700975,0.011592633,0.019609967,0.213793838,10.33619736,0.019523299,0.019342528,0.032719604,0.010183776,1.402060166,0.0850755,0.241905654,1.38567248,1
YAN,YAN 8B-II,3,321,9159.51,Glaciomarine ,Unit Y1,YAN GZ 0,Non Guano,0.243087558,9.965437788,0.012211982,0.00875576,0.019930876,0.177006952,11.88417093,0.020375924,0.014609153,0.033255045,0.008599509,1.532784121,0.071421689,0.276822277,1.408729585,1
YAN,YAN 8B-II,5,323,9252.51,Glaciomarine ,Unit Y1,YAN GZ 0,Non Guano,0.305845511,10.21920668,0.015031315,0.008663883,0.019624217,0.222704865,12.18680017,0.025080035,0.014455854,0.03274338,0.008331321,1.655976817,0.065298237,0.302052644,1.390557836,1
YAN,YAN 8B-II,7,325,9344.05,Glaciomarine ,Unit Y1,YAN GZ 0,Non Guano,0.205949657,10.03432494,0.011670481,0.009954233,0.020938215,0.14996457,11.96632153,0.019472419,0.016608828,0.03493581,0.012141311,1.868172226,0.066736098,0.33091238,1.523885219,1
YAN,YAN 8B-II,9,327,9435.6,Glaciomarine ,Unit Y1,YAN GZ 0,Non Guano,0.272827283,8.096809681,0.01210121,0.009350935,0.018371837,0.198662269,9.655759461,0.020191099,0.015602213,0.03065376,0.014854935,1.953281389,0.073007728,0.363518307,1.729158748,1
YAN,YAN 8B-II,11,329,9527.78,Glaciomarine ,Unit Y1,YAN GZ 0,Non Guano,0.271238485,7.90174002,0.013408393,0.01381781,0.018935517,0.197505368,9.423131328,0.022372159,0.023055278,0.03159427,0.024036611,2.116633164,0.072879689,0.399384115,2.029938839,1
YAN,YAN 8B-II,13,331,9620.6,Glaciomarine ,Unit Y1,YAN GZ 0,Non Guano,0.258029979,9.614561028,0.0124197,0.014561028,0.020556745,0.187887445,11.46573679,0.020722506,0.024295352,0.03429932,0.036074176,2.222825115,0.074831554,0.387216028,2.417029396,1
YAN,YAN 8B-II,15,333,9713.43,Glaciomarine ,Unit Y1,YAN GZ 0,Non Guano,0.270676692,9.301825994,0.011922664,0.010955961,0.018689581,0.197096292,11.09278813,0.019893191,0.01828023,0.031183922,0.047640118,2.932890855,0.165117994,0.392846608,3.431342183,1
YAN,YAN 8B-II,17,335,9806.56,Glaciomarine ,Unit Y1,YAN GZ 0,Non Guano,0.327272727,10.27807487,0.010909091,0.00973262,0.020106952,0.238307335,12.25700276,0.018202026,0.016239062,0.033548832,0.059559319,3.082459348,0.228422977,0.448859809,4.997402098,1
YAN,YAN 8B-II,19,337,9899.69,Glaciomarine ,Unit Y1,YAN GZ 0,Non Guano,0.271929825,10.50438596,0.011348684,0.009265351,0.019517544,0.198008775,12.52688752,0.018935495,0.015459414,0.032565393,0.081279343,3.767018779,0.346830986,0.52068662,7.544160798,1
YAN,YAN 8B-II,21,339,9989.81,Glaciomarine ,Unit Y1,YAN GZ 0,Non Guano,0.237179487,10.44871795,0.010470085,0.009401709,0.020726496,0.172704924,12.46050125,0.017469537,0.015686931,0.034582552,0.033157732,3.351409978,0.313603967,0.389138519,4.848775953,1
YAN,YAN 8B-II,23,341,10076.94,Glaciomarine ,Unit Y1,YAN GZ 0,Non Guano,0.25087108,9.825783972,0.015795587,0.009756098,0.02253194,0.182674612,11.71762834,0.026355237,0.016278234,0.03759497,0.021255112,2.810975918,0.261978089,0.322108346,3.757762407,1
YAN,YAN 8B-II,25,343,10164.06,Glaciomarine ,Unit Y1,YAN GZ 0,Non Guano,0.235224586,9.01891253,0.01465721,0.010283688,0.021276596,0.171281441,10.75540286,0.024455834,0.017158529,0.035500405,0.018309126,2.636514169,0.247054927,0.305057482,3.479396319,1
YAN,YAN 8B-II,27,345,10225.77,Glaciomarine ,Unit Y1,YAN GZ 0,Non Guano,0.208549223,10.91968912,0.012046632,0.010621762,0.034196891,0.151857473,13.02215263,0.020100035,0.017722611,0.057058163,0.010720268,2.849815745,0.218358459,0.268710218,2.557956449,1
YAN,YAN 8B-II,29,347,10287.48,Glaciomarine ,Unit Y1,YAN GZ 0,Non Guano,0.192513369,10.60160428,0.013502674,0.011764706,0.033823529,0.140180785,12.64282413,0.022529468,0.019629636,0.056435202,0.008314437,2.823713324,0.214079571,0.260805332,2.312341098,1
YAN,YAN 8B-II,31,349,10342.61,Glaciomarine ,Unit Y1,YAN GZ 0,Non Guano,0.241254524,10.47044632,0.01544029,0.009167672,0.026779252,0.175672207,12.48641318,0.025762417,0.015296435,0.044681692,0.008070849,2.81406509,0.194267516,0.248276765,2.187112817,1
YAN,YAN 8B-II,33,351,10391.15,Glaciomarine ,Unit Y1,YAN GZ 0,Non Guano,0.209248555,9.861271676,0.013410405,0.009132948,0.025202312,0.1523667,11.7599488,0.022375515,0.015238497,0.042050537,0.007691346,3.252938969,0.201788394,0.254377189,2.151575788,1
YAN,YAN 8B-II,35,353,10439.69,Glaciomarine ,Unit Y1,YAN GZ 0,Non Guano,0.228843862,9.499404052,0.012634088,0.00977354,0.028128725,0.166635244,11.32840763,0.021080216,0.016307337,0.046933312,0.00626194,3.291551688,0.185417109,0.242305243,1.930906389,1