"Record","strat_depth","SH20_age","Group","Guano_Zone","Guano_Sum","P2O5_TiO2","CaO_TiO2","Cu_TiO2","Zn_TiO2","Sr_TiO2","P_Ti","Ca_Ti","Cu_Ti","Zn_Ti","Sr_Ti","P_Ti_CS","Ca_Ti_CS","Cu_Ti_CS","Zn_Ti_CS","Sr_Ti_CS","Plot_order"
"ARD",13,1286,"Unit 12","ARD GZ 5","Guano",1.26943682717666,0.382830387504038,1.12995553312188,0.798128032449826,0.993171279925458,1.2694368271161,0.382830387466398,1.12995552249213,0.798128034537298,0.993171275226308,0.2453925631815,-0.831395263624951,-0.625884429030379,-0.651433520268255,-0.78431504399131,3
"ARD",15,1609,"Unit 12","ARD GZ 5","Guano",0.983081046690124,-0.0176504877577251,0.588560279206403,0.751090346197762,0.466322118330374,0.983081046781542,-0.0176504877685788,0.588560269493027,0.751090346289897,0.466322127088904,1.54942524662735,1.12245309501442,1.4863156131443,1.68009053564786,1.11614577369679,3
"ARD",17,1783,"Unit 12","ARD GZ 5","Guano",1.81504259687828,1.74322660875993,2.02933037825825,2.10254049952357,2.26599219925271,1.81504259664162,1.74322660796342,2.0293303738163,2.10254049578184,2.26599219707601,1.38374201656999,1.43520215131426,1.59163918447316,1.69687265169489,1.24550457355019,3
"ARD",19,1958,"Unit 12","ARD GZ 5","Guano",1.5086494189241,0.633047722454936,1.590026670887,1.48856485761502,1.48322916276404,1.50864941896234,0.633047722641431,1.59002667163703,1.48856486323456,1.4832291545881,2.14710541566487,2.13857637543782,1.8701166674138,2.20115806891776,1.85298214530512,3
"ARD",21,2084,"Unit 12","ARD GZ 5","Guano",1.62730984128329,1.03137518165153,1.80605975382899,1.74503156690068,1.75876645405594,1.62730984120763,1.03137518193348,1.80605975628108,1.74503156844282,1.75876646120934,1.63949950000932,2.02249266176796,1.89660347588133,2.16299294438996,1.75031910909464,3
"ARD",25,2243,"Unit 12","ARD GZ 5","Guano",1.43447714788449,0.79384233201169,1.3277753248815,1.55399448468429,1.37269432937606,1.4344771479393,0.793842331535772,1.32777532276339,1.55399448568376,1.37269432093022,2.19476652767295,1.99326107414083,1.99301360358885,2.13015744819494,1.65591891785199,3
"ARD",27,2303,"Unit 12","ARD GZ 5","Guano",1.10945300308342,0.203306177400989,0.7512053184702,0.754992709995113,0.537290447062579,1.10945300301646,0.20330617732186,0.751205305123911,0.754992692096361,0.537290446650883,1.4225658774893,0.429556710714634,0.800998223946803,0.840124555933375,0.511286048904837,3
"ARD",29,2363,"Unit 12","ARD GZ 5","Guano",0.981482706379897,0.00451705293096366,0.650426502134394,0.406537015374503,0.348298283858221,0.981482706419449,0.00451705290154658,0.650426507246651,0.406537032664768,0.348298263309431,1.24711924713757,0.675335458735913,0.922535435390638,0.982849736434456,0.691191926842371,3
"ARD",31,2424,"Unit 12","ARD GZ 5","Guano",0.994562258590131,-0.0213356959671465,0.620153954641619,0.624684256224411,0.359466467335431,0.994562258663509,-0.0213356957980827,0.62015394120566,0.624684265925205,0.359466470847512,0.861210583660998,0.173052487745689,0.649467782540019,0.603213758966335,0.407264493515074,3
"ARD",33,2487,"Unit 12","ARD GZ 5","Guano",1.06095429518444,0.0604050005622852,0.650278446319755,0.679208541191747,0.384214624432556,1.06095429524143,0.0604050007844996,0.650278457029758,0.679208516612607,0.384214645731254,1.1669314507854,0.50858386453968,0.809405723853199,0.812937988312154,0.526065281561138,3
"ARD",35,2549,"Unit  11","ARD GZ 0","Non Guano",0.75048574247612,-0.328810911024567,0.161830096327655,0.0574198164966197,0.00255956669122974,0.750485742581952,-0.328810911234904,0.161830095172745,0.057419806153695,0.00255956235190941,0.627914211871588,0.0630603924403494,0.279380381037949,0.507212848657889,0.196624950151696,2
"ARD",37,2606,"Unit  11","ARD GZ 0","Non Guano",0.696554191859964,-0.39312637282197,0.181847415071587,-0.12375879367068,-0.0550010603652766,0.696554191802242,-0.393126372653635,0.181847466283603,-0.123758772342412,-0.0550010572767066,0.639290309607032,-0.316059527100834,0.0867422044564567,-0.0634458422036918,-0.087351677919355,2
"ARD",39,2663,"Unit  11","ARD GZ 0","Non Guano",0.656149659964115,-0.317113789362891,0.232244274115159,0.185342861421727,-0.035307725440552,0.656149660228136,-0.317113789288455,0.232244276628751,0.185342850768174,-0.035307720693494,0.693942830218747,-0.381105430753291,0.038373848673183,-0.0835478218452742,-0.0683269387351021,2
"ARD",41,2706,"Unit  11","ARD GZ 0","Non Guano",0.73346074528639,-0.316359213633083,0.305472134921015,0.247833207130242,0.0129616332571361,0.733460745176838,-0.316359213653341,0.305472122886368,0.247833195663661,0.0129616406058239,0.651671251295898,0.151554442516718,0.639197303913086,0.508102770641591,0.277416606423139,2
"ARD",43,2736,"Unit  11","ARD GZ 0","Non Guano",1.17471052485111,0.280989735769198,0.881080917455549,0.876708921847372,0.640750752522584,1.17471052492114,0.280989735727585,0.881080909831918,0.876708929535274,0.640750743233078,1.52687925974448,0.721570213849102,0.854204680685832,0.820945957142921,0.468894914974068,2
"ARD",45,2766,"Unit  11","ARD GZ 0","Non Guano",0.999445870001233,0.00784783263646366,0.658677341840301,0.567574314419741,0.399755600676022,0.999445870080819,0.00784783280039906,0.658677337329486,0.567574292992928,0.399755583218483,1.27862388098149,0.688327681995434,0.892787952019147,0.914017406550053,0.692545072486355,2
"ARD",47,2789,"Unit  11","ARD GZ 0","Non Guano",1.41509340883795,0.927564062811609,1.21146753814095,1.3562604018713,1.19674251501294,1.41509340878589,0.927564063575798,1.21146754007056,1.35626039425815,1.1967425171064,0.962072406274706,-0.0325104243915585,0.360116938595484,0.342304026731432,0.356984778014927,2
"ARD",49,2811,"Unit  11","ARD GZ 0","Non Guano",1.033072510363,0.105215266395205,0.579155967070731,0.586371411820556,0.409203610363894,1.03307251027873,0.10521526650235,0.579155954085447,0.586371412812345,0.409203596506415,1.2019531066841,1.07685875631867,1.20136508664916,1.24086289170038,0.858422211625176,2
"ARD",51,2830,"Unit  11","ARD GZ 0","Non Guano",0.649044218450042,-0.233849839866568,-0.0119286113679263,-0.0319849276503961,0.00236341045730346,0.649044218341594,-0.233849839807397,-0.0119286456367464,-0.0319849388991131,0.00236341039408864,0.663563717683008,0.0130552694330166,0.149879770583286,0.229835101031637,0.271723760542548,2
"ARD",53,2846,"Unit  11","ARD GZ 0","Non Guano",0.578402548363276,-0.272127382801391,-0.124133665700739,-0.0797788941929205,-0.0925987746063971,0.578402548663341,-0.272127382631135,-0.124133675887223,-0.0797789498268003,-0.0925987564412165,0.845130970899238,-0.209807336405356,-0.248496475995649,0.0688446301844128,0.147292229573971,2
"ARD",55,2862,"Unit  11","ARD GZ 0","Non Guano",-0.116378714635319,-0.620673128400191,-1.1943360152027,-0.783791022878451,-0.718592851439551,-0.116378715167062,-0.620673128477077,-1.19433581713231,-0.783790964076451,-0.718592875344183,0.192989847279662,-0.351880942150875,-0.346276867260657,-0.146177903102115,-0.0889369208956838,2
"ARD",57,2876,"Unit  11","ARD GZ 0","Non Guano",0.725825594940014,-0.100193501901502,0.128241289094189,0.159902391543063,0.159930467600754,0.725825594839471,-0.100193501960211,0.128241275819144,0.159902413631899,0.159930465796885,0.366783921474344,-0.241541697783358,-0.0829781029830861,-0.0797282117930896,-0.0576193872866064,2
"ARD",59,2890,"Unit  11","ARD GZ 0","Non Guano",0.372752911042213,-0.391063598035352,-0.468227244629621,-0.316602625803299,-0.239943333508905,0.372752910947548,-0.391063597949811,-0.468227348912371,-0.316602672346191,-0.239943343132467,-0.529051926297409,-0.196767039183103,0.0244091523723902,-0.0720455386691002,-0.0556954623212138,2
"ARD",67.6,2953,"Unit 10","ARD GZ 4","Guano",1.91369458039887,2.23170714690421,2.18497467636542,2.46143187235562,2.56491035124507,1.91369458058046,2.23170714689212,2.18497467330773,2.46143186309501,2.56491035121281,2.04773535785619,1.53944620367652,1.86156818480081,1.99973673786309,2.15560329986411,4
"ARD",70.8,2977,"Unit 10","ARD GZ 4","Guano",1.91328921360069,2.17014992133764,2.24581986677089,2.43700074328474,2.52313900126101,1.91328921365062,2.1701499217859,2.24581986739877,2.43700073614272,2.52313899800691,1.95776858529296,2.04684603178962,1.87855094690068,1.99033397860525,1.75881968655177,4
"ARD",74,3001,"Unit 10","ARD GZ 4","Guano",1.84294858632382,2.01415223699168,2.09004096303544,2.36370424702331,2.42620172237354,1.8429485862596,2.01415223711552,2.09004096361332,2.36370424420433,2.42620172028696,1.65573617174391,1.80713565198282,1.77209843098675,1.84926309008042,1.64732936676583,4
"ARD",77.1,3027,"Unit 10","ARD GZ 4","Guano",1.75735119124112,1.79559305739511,2.00080870752742,2.26983432399101,2.21399708392209,1.75735119139697,1.79559305746217,2.00080870454351,2.26983431506064,2.21399708279457,2.88657535643138,2.17120835000024,2.27247061440805,2.72244499950302,3.31148482222099,4
"ARD",80.3,3054,"Unit 10","ARD GZ 4","Guano",1.97504593500378,2.36895050262402,2.26104623589434,2.62499120651728,2.65980501166963,1.97504593506903,2.36895050263224,2.26104623063495,2.62499119516957,2.65980500685572,0.785042117094732,1.92625980436271,2.03437051928394,2.48618410290106,2.8425692449312,4
"ARD",83.5,3081,"Unit 10","ARD GZ 4","Guano",1.9959229717736,2.48920359150804,2.31684974548051,2.76537680346956,2.67154402129884,1.9959229716327,2.48920359198793,2.31684974603283,2.76537679228915,2.67154401483193,2.20369201789608,2.75425012996339,3.04183385154645,3.75037496519118,4.81667617115569,4
"ARD",86.6,3108,"Unit 10","ARD GZ 4","Guano",1.82149192890945,2.02495958057503,2.02604681005827,2.21613637058041,2.2740287593543,1.82149192888067,2.02495958041118,2.02604680795437,2.21613636307149,2.27402875767914,2.23762801347456,2.26337730082377,2.10568534897507,2.40882065236392,2.53657299683881,4
"ARD",89.8,3136,"Unit 10","ARD GZ 4","Guano",1.87970352444812,2.23008918666903,2.14999202623093,2.40225321868069,2.35796331434161,1.87970352466927,2.23008918722183,2.14999202415715,2.40225321094505,2.35796331611516,0.498585961159463,1.48151553053478,1.66506057760294,1.75222110234601,1.84896720745815,4
"ARD",92.9,3163,"Unit 10","ARD GZ 4","Guano",1.91570602323678,2.34774850379163,2.27509460366333,2.61600359666872,2.47528117715843,1.91570602316363,2.34774850350222,2.2750946103983,2.61600358210895,2.47528117682947,1.20177743091504,1.28864133884013,1.71351732040607,1.70040976233338,1.8538680787105,4
"ARD",96.1,3191,"Unit 10","ARD GZ 4","Guano",2.15763644328591,3.09071645569736,2.60215758353333,2.92330275232065,3.12340689018641,2.15763644337826,3.09071645591518,2.60215758627565,2.92330274094541,3.12340688843289,2.33234240693326,3.0298456784838,2.36940290897284,2.55428758757316,2.62165460708153,4
"ARD",99.3,3219,"Unit 10","ARD GZ 4","Guano",1.97056672096199,2.35053676400307,2.27767120368778,2.48553376918434,2.6176043858696,1.9705667206334,2.35053676323304,2.2776712042321,2.48553375913639,2.61760438175865,2.1431027160281,2.65755335894544,2.20090534765465,2.27338105852597,2.14634344076619,4
"ARD",102.4,3246,"Unit 10","ARD GZ 4","Guano",1.91759551222869,2.18900948924366,2.25919068064297,2.43224440829686,2.53615093669706,1.91759551191257,2.18900948927068,2.25919068279477,2.43224440618614,2.53615093383112,2.04500685317999,2.26825924494296,2.02830438597692,2.16980165112631,1.88293072767947,4
"ARD",105.6,3274,"Unit 10","ARD GZ 4","Guano",1.84454535700396,2.23400699045583,2.04496912762222,2.24805491302466,2.35812128055198,1.84454535701765,2.23400698993237,2.04496912574583,2.24805490127436,2.35812127469888,1.62027405642159,2.08558970589827,1.92563641178015,1.99994746910061,1.77097629483252,4
"ARD",108.7,3301,"Unit 10","ARD GZ 4","Guano",1.78090735732519,2.03937764832729,1.93600345691977,2.21010322750463,2.27800217699924,1.78090735741852,2.03937764776578,1.93600345743581,2.21010321528359,2.27800217641811,1.74428373493874,1.93422605676165,1.58902440967668,1.72054704757602,1.60811055305036,4
"ARD",111.9,3329,"Unit 9","ARD GZ 4","Guano",1.45453677168054,1.33631212379723,1.30605595891798,1.48988046099504,1.53575974738569,1.45453677166715,1.33631212287403,1.30605596916426,1.48988046033309,1.53575974959968,0.941271106686058,1.00641302381439,1.29481749081372,1.39437999971856,0.984212922465496,4
"ARD",115.1,3357,"Unit 9","ARD GZ 4","Guano",1.30391788534674,1.06688785052973,1.13398944942663,1.22441369570891,1.2186544470718,1.30391788532728,1.06688785050758,1.13398944694759,1.22441367975001,1.21865444432188,1.51910901453281,1.15073183231901,0.923691981046515,0.983329589342247,0.957204743889512,4
"ARD",118.2,3385,"Unit 9","ARD GZ 4","Guano",1.24402791876745,0.941136282095496,1.02542014028695,1.11218479130038,1.1377427205753,1.24402791880379,0.941136282686193,1.0254201613642,1.1121848056627,1.13774271711403,0.847328506547865,0.401606635744032,0.264630876021124,0.18840578243271,0.267463916075242,4
"ARD",121.4,3416,"Unit 9","ARD GZ 4","Guano",1.10766986570417,0.657599578716712,0.922664968854892,0.967784960556625,0.939609519923268,1.10766986577069,0.657599578883798,0.922664968896127,0.967784950654263,0.939609525125723,0.786993346425031,0.553797829333997,0.908093023255967,0.976769553777691,0.852919364596118,4
"ARD",124.5,3451,"Unit 9","ARD GZ 4","Guano",1.03572950813955,0.579634904503635,0.728640063933965,0.971792701521367,0.822439495918736,1.03572950818859,0.579634904409947,0.72864006209304,0.971792716545737,0.822439495412568,0.604806196998294,0.653534368236668,0.783908938665112,0.5973304881214,0.816616628525197,4
"ARD",127.7,3486,"Unit 9","ARD GZ 4","Guano",1.0092675313225,0.545739650544897,0.722019206334917,0.896273568492035,0.756430379014864,1.00926753142527,0.545739650661622,0.722019233855327,0.896273574929375,0.756430389175202,1.17030279632975,0.809509346698727,0.735226957877409,0.763682316336962,0.825293126856726,4
"ARD",130.9,3520,"Unit 9","ARD GZ 4","Guano",0.980281889052208,0.479390094634498,0.628233186064898,0.773988992826718,0.653806595111716,0.980281888964023,0.479390094576303,0.628233155818675,0.773988991543341,0.653806592038761,0.608983217999051,0.570787076097749,0.662335843449203,0.896501213004686,1.02446035037204,4
"ARD",134,3554,"Unit 9","ARD GZ 4","Guano",1.05681574634873,0.648996100695709,0.798166249310458,0.937291862292641,0.947255725797858,1.05681574635902,0.648996100777285,0.798166270553007,0.937291884892322,0.94725572517075,1.07001703964383,0.619140936450263,0.300289465426011,0.50022527928988,0.533415700983464,4
"ARD",137.2,3588,"Unit 9","ARD GZ 4","Guano",0.930952297691871,0.453194925576524,0.675366769056743,0.794581757757212,0.667684739915062,0.930952297711794,0.453194925776865,0.675366798004438,0.794581756857213,0.66768474010445,1.22706094898398,0.596898679787227,0.522252296865755,0.722746723414081,0.466595974739262,4
"ARD",140.4,3623,"Unit 9","ARD GZ 4","Guano",1.12547876162677,0.729833908847249,0.976219549119143,1.02503232004874,0.848819463856746,1.12547876167711,0.729833908779558,0.976219566983395,1.02503232509819,0.848819473011822,1.33462580231377,1.0754462480507,1.07111039265431,0.936042858350383,0.896980372335883,4
"ARD",143.5,3657,"Unit 9","ARD GZ 4","Guano",1.25998668296897,1.08295222092214,1.09988537385631,1.10296088090604,1.2803867854739,1.25998668299588,1.08295222030848,1.09988537382381,1.10296088339196,1.28038678415684,0.217135082269505,1.02989912927463,1.0042329617929,1.12051269750838,0.822792678448681,4
"ARD",146.7,3696,"Unit 9","ARD GZ 4","Guano",0.986618089726177,0.603868540867231,0.643379767792843,0.654870412168853,0.729908096711826,0.986618089704105,0.603868540879402,0.643379750933255,0.654870431744973,0.729908108104087,1.01878739180086,0.962733731351246,0.652403850677812,0.688296353947887,0.648246818055881,4
"ARD",149.8,3736,"Unit 9","ARD GZ 4","Guano",0.930787754748877,0.546050425127731,0.565894732290486,0.55409164324134,0.591714911822354,0.930787754731281,0.546050425064758,0.565894766017419,0.554091635642364,0.591714903761295,1.42614621372081,0.814339760287498,0.520386744608048,0.425504233613975,0.413341798231473,4
"ARD",151,3751,"Unit 9","ARD GZ 4","Guano",0.767263848693894,0.358550075070348,0.433500579259706,0.297889845850458,0.336044359065991,0.767263848765226,0.358550075151526,0.433500561283494,0.297889886792397,0.336044372348287,-0.117501880975029,0.387818933413528,0.279842903998618,0.193907291899859,0.462053473848233,4
"ARD",153,3777,"Unit 9","ARD GZ 4","Guano",0.990446656346256,0.619812612735512,0.650092117201223,0.666575932696175,0.748496163307533,0.990446656262286,0.619812612664087,0.650092101240936,0.66657594014267,0.748496155770281,0.965942312112493,-0.0464548305631435,-0.192690887112907,-0.102845784349046,-0.0191649212947147,4
"ARD",155,3802,"Unit 9","ARD GZ 4","Guano",0.195325079059512,-0.111823471125967,-0.28572495997809,-0.367902021087918,-0.320249848228966,0.195325078747881,-0.111823471124241,-0.285724891025784,-0.367902019718463,-0.320249824810722,0.18115092485741,-0.194998382679338,-0.347124902771027,-0.518730864954096,-0.175666983695514,4
"ARD",157,3833,"Unit 9","ARD GZ 4","Guano",-0.154466042981118,-0.353563016634595,-0.59842848334156,-0.639440859629993,-0.620092434539941,-0.154466043335089,-0.353563016918874,-0.598428611043087,-0.639440959961994,-0.620092399780246,0.0425806075457903,-0.464075739550095,-0.639868866340984,-0.68654238962214,-0.220080224214138,4
"ARD",159,3864,"Unit 8","ARD GZ 0","Non Guano",-0.466272534213638,-0.458627390815939,-0.723192146510283,-0.818507288993975,-0.748860740364474,-0.466272534178417,-0.458627390620128,-0.723192181242904,-0.81850728558107,-0.748860774345856,-0.278389192139509,-0.325572200922655,-0.957935740538896,-0.862634457671116,-0.43549448830299,2
"ARD",161,3898,"Unit 8","ARD GZ 0","Non Guano",-0.633985300514169,-0.30004639272367,-0.882955092779633,-0.865151947288386,-0.706031591739491,-0.633985301660749,-0.300046392495779,-0.882955041783359,-0.865152009704746,-0.706031584421292,0.583544712235494,-0.330406301633631,-1.24781454028663,-0.901128729737344,-0.564585980278873,2
"ARD",163,3936,"Unit 8","ARD GZ 0","Non Guano",-0.498108431972985,-0.182987017316813,-0.918377586446117,-0.865076009473273,-0.685789064518879,-0.498108431015757,-0.18298701701585,-0.918377701978898,-0.865076073740011,-0.685789101007808,-0.443068690553398,-0.289253876736962,-1.45696428852718,-0.914088125249729,-0.723666433916611,2
"ARD",165,3974,"Unit 8","ARD GZ 0","Non Guano",-0.687246645756833,-0.366814318161121,-0.993208021591269,-0.939627559507212,-0.7534369460865,-0.687246645384767,-0.366814317918129,-0.993207919597865,-0.939627473936028,-0.753436957108635,-0.274197258112707,-0.543739885295534,-1.14927680862287,-0.840359199990887,-0.737877356431119,2
"ARD",167,4012,"Unit 8","ARD GZ 0","Non Guano",-0.2381874334609,-0.943081429216146,-0.792180882722128,-0.789506759602301,-1.13862663750687,-0.238187432653948,-0.943081429241112,-0.792180850645521,-0.789506837657902,-1.13862666203971,-0.198555665306209,-0.388747930926299,-1.20002031373337,-0.946580613656657,-0.728896281002815,2
"ARD",169,4051,"Unit 8","ARD GZ 0","Non Guano",-0.766893500917097,-0.51871048114823,-0.869857537200692,-0.921686336894984,-0.876063715910959,-0.766893499694548,-0.518710481052529,-0.869857650991403,-0.921686379357081,-0.876063704663965,0.3334639690654,-0.309483846116492,-0.828242211884736,-0.922296492634879,-0.681429667145897,2
"ARD",171,4089,"Unit 8","ARD GZ 0","Non Guano",-0.749107953011186,-0.456317526770256,-0.949974097993894,-0.930469531577209,-0.820835571515258,-0.749107953294873,-0.456317526597127,-0.949974020354487,-0.930469633780264,-0.820835540952522,-0.525637030521355,-0.502665868815837,-0.837132776548084,-0.862006860276698,-0.671563217198056,2
"ARD",173,4127,"Unit 8","ARD GZ 0","Non Guano",-0.714043217371014,-0.436264416203015,-0.86272247529745,-0.885671910076155,-0.809943947384429,-0.71404321524453,-0.436264416254208,-0.862722457440538,-0.885671956784038,-0.809943915991438,0.00468667420298333,0.637454342785669,0.820151489709147,0.811793630710256,0.614409112926846,2
"ARD",175,4165,"Unit 8","ARD GZ 0","Non Guano",0.637378139746823,0.233432401098878,0.229335575367476,0.218569422892399,0.0273983453863148,0.637378140044455,0.233432401063889,0.229335565785224,0.21856944728662,0.0273983649230106,1.33706644720029,2.1523644521407,1.99726663578483,2.17662096321517,2.69211228645365,2
"ARD",177,4204,"Unit 8","ARD GZ 0","Non Guano",1.53572558892607,1.61926191055138,1.46476579151051,1.65291683785391,1.61574343458558,1.53572558892038,1.61926191166047,1.46476579894393,1.65291683270795,1.61574343917603,1.56175280190582,2.11558501112392,2.09974164841273,2.27851250652262,2.45514781761175,2
"ARD",179,4242,"Unit 7","ARD GZ 3","Guano",1.74674474509994,1.89782654001175,2.07857907720233,2.16013282797878,2.09356011096662,1.74674474529974,1.89782653909607,2.07857907132584,2.16013282349378,2.09356011102996,1.5168326121773,0.878301187312262,1.87971668108929,1.71806085651909,1.44859949599015,5
"ARD",187,4382,"Unit 7","ARD GZ 3","Guano",1.68328797398061,1.39465264523602,2.09259508124776,2.12504843418504,1.94807796950706,1.68328797395502,1.39465264515171,2.09259508199438,2.12504842547972,1.94807796932239,0.744790001971415,0.894054504727482,2.01684122696826,1.79424681717281,1.28549650642736,5
"ARD",189,4407,"Unit 7","ARD GZ 3","Guano",1.65807316214178,1.61324138117758,2.04541495885294,1.87028955579227,1.79232530447571,1.65807316214333,1.61324138195492,2.04541496396696,1.87028954358409,1.7923253093906,1.28324938975331,1.28813584437611,1.0938156444569,1.07288586860508,0.965010602532196,5
"ARD",191,4430,"Unit 7","ARD GZ 3","Guano",0.788559506148298,0.691128019407044,0.286917555392584,0.395557601160736,0.372283506048987,0.788559506097803,0.691128019511635,0.286917541539778,0.395557587335524,0.372283511097261,0.85882603027179,0.683418676383067,0.555525671461299,0.586011795448139,0.675370565299355,5
"ARD",193,4450,"Unit 6","ARD GZ 0","Non Guano",0.92654128093461,0.870107193532829,0.552609917796421,0.619350968234197,0.563385094703305,0.926541280906489,0.870107193590149,0.552609914244002,0.619350949884381,0.563385088396093,0.264531975240051,0.155704415722916,-0.100892666845335,0.0159008851693536,0.0513456139869325,2
"ARD",195,4470,"Unit 6","ARD GZ 0","Non Guano",0.819548102075612,0.692615751738922,0.379419524441429,0.40152475428882,0.392835693071096,0.819548102200796,0.69261575180925,0.379419550387086,0.401524762822549,0.392835693005499,0.873790264126372,1.43245000119056,1.22597643538608,1.14993656119687,1.00204550404371,2
"ARD",197,4491,"Unit 6","ARD GZ 0","Non Guano",1.25570154056897,1.30963860002037,0.984084920062064,1.02980327490552,1.16756799010718,1.25570154052761,1.30963859921515,0.984084915239836,1.02980326232615,1.1675679847138,0.83006523321311,1.34068291339476,1.02907318671071,0.937525576553286,0.798519590019101,2
"ARD",199,4511,"Unit 6","ARD GZ 0","Non Guano",0.718669168440094,0.454986702119319,0.253465468661842,0.268327350421853,0.24435882402281,0.718669168327941,0.454986702105129,0.253465513790084,0.268327377525933,0.244358818435352,1.19577658910708,1.61960455297005,1.17442529589396,1.30135455601219,1.1580373353463,2
"ARD",201,4531,"Unit 6","ARD GZ 0","Non Guano",0.893645452101155,0.706257779695612,0.594230162808716,0.537389703979633,0.478975625660205,0.893645452162759,0.706257779651162,0.594230171403432,0.53738972741388,0.478975627023335,0.671490361433021,0.490221181523613,0.178340277160554,0.213708554067812,0.245636445549467,2
"ARD",204,4560,"Unit 6","ARD GZ 0","Non Guano",1.08570330871773,1.05385597483421,0.674194922601444,0.727441997390495,0.818491878930324,1.0857033087635,1.05385597438627,0.67419494115528,0.727441989030045,0.818491868993181,-0.111879457911233,-0.212748797116053,-0.401892532383959,-0.229331837251501,-0.163887877540486,2
"ARD",206,4580,"Unit 6","ARD GZ 0","Non Guano",1.21795640365738,1.23150512520839,0.907096401378771,0.910885490800223,1.0532828814346,1.21795640360691,1.23150512493887,0.907096416542071,0.91088550360747,1.05328288641597,0.749625163574037,0.667445484132643,0.373611762584179,0.256001464056501,0.378353288952405,2
"ARD",208,4600,"Unit 6","ARD GZ 0","Non Guano",0.36389265058049,0.00870748680902677,-0.168964615930228,-0.199314900456684,-0.212223256254722,0.363892650139316,0.00870748678057536,-0.168964583550871,-0.199314920818865,-0.212223247639074,1.66165061763991,1.596763032232,1.1578581966469,1.01219636464025,1.05671793609824,2
"ARD",210,4621,"Unit 6","ARD GZ 0","Non Guano",0.840518369886624,0.570776897474276,0.369582760187771,0.435091685248282,0.412967521669721,0.840518369977995,0.570776897457574,0.369582791259426,0.435091726911733,0.412967525214565,0.477051314297225,0.194077639881567,0.0015280683965115,-0.0885140145632003,0.106570095009826,2
"ARD",212,4641,"Unit 6","ARD GZ 0","Non Guano",0.902427546333333,0.733054943820709,0.420720492215546,0.531270741547367,0.548093864179352,0.902427546189892,0.733054943720668,0.420720489662328,0.531270722624315,0.548093871825122,-0.455571562369109,0.0664428244200131,-0.150052742101603,-0.0497292167514821,0.0374263616031396,2
"ARD",214,4661,"Unit 6","ARD GZ 0","Non Guano",0.92820413746169,0.832366618688414,0.582277025215859,0.507231049560601,0.570376496271402,0.928204137520452,0.832366619117179,0.582277049852062,0.50723105853925,0.570376493320348,-0.0110892812970032,0.395641134977537,0.33806556358679,0.2829250510723,0.363977929551872,2
"ARD",216,4681,"Unit 6","ARD GZ 0","Non Guano",0.827704342895006,0.586359400619035,0.339877559849302,0.438247724561188,0.396366385232674,0.827704342858135,0.586359400721383,0.339877579057364,0.438247751799119,0.396366387944227,0.915107104330097,0.393486561236001,0.368825118704045,0.371922357050992,0.367064408201951,2
"ARD",218,4701,"Unit 6","ARD GZ 0","Non Guano",0.745808466699173,0.520124106482614,0.348833130452837,0.372710241534796,0.307438656822294,0.745808466952965,0.520124106449797,0.348833135878839,0.372710285780987,0.307438671226124,-0.447560186549054,0.408350952435321,0.26023865818714,0.311074318772273,0.360501077422592,2
"ARD",220,4721,"Unit 6","ARD GZ 0","Non Guano",1.06429369665666,0.979491559950044,0.768279671682283,0.777235795536709,0.845054106190434,1.06429369666322,0.97949156083631,0.768279671651939,0.777235794830699,0.84505409724725,0.865717379035457,1.14700410790897,0.979321446573464,0.955373132885106,0.891539440526348,2
"ARD",222,4741,"Unit 6","ARD GZ 0","Non Guano",0.687561594541711,0.416973633799815,0.287927793292692,0.251693494502107,0.218069103677991,0.687561594574978,0.416973633840621,0.287927812797326,0.251693547883933,0.218069088250855,-0.0137891057165225,0.431708335247679,0.243549896748644,0.221210191721017,0.194763616817661,2
"ARD",224,4760,"Unit 6","ARD GZ 0","Non Guano",1.01618991836141,0.842209188317736,0.661055797806602,0.658792329705383,0.70805237184324,1.01618991829281,0.842209188474333,0.661055825483032,0.658792341857937,0.708052381668751,0.538285566079041,0.795435912138995,0.493452251339749,0.331520400607897,0.511572327929108,2
"ARD",226,4780,"Unit 6","ARD GZ 0","Non Guano",0.61243520377202,0.249321780183294,0.209372934684275,0.13329209508608,0.0930268992031687,0.612435203846758,0.249321780042509,0.209372916030358,0.133292131935654,0.0930268775972951,0.515377637209981,1.21906935029256,0.817946090930249,0.835233264494171,0.863491580510271,2
"ARD",228,4800,"Unit 6","ARD GZ 0","Non Guano",0.620648878091414,0.261363746774203,0.207796084053026,0.143099909095217,0.12509835230364,0.620648878050599,0.261363746808952,0.207796047160415,0.143099976383243,0.12509833193774,0.36956454865996,0.808714547517727,0.605741864581732,0.447331799089667,0.715955208809863,2
"ARD",230,4819,"Unit 6","ARD GZ 0","Non Guano",1.15717327195412,1.16018127286747,0.86311196866526,0.849059774673625,1.01962329456271,1.15717327197001,1.16018127377531,0.863111974075256,0.849059783877973,1.01962329012722,0.389506465438261,0.736763897629731,0.52987284196294,0.419584929842841,0.585129243077134,2
"ARD",232,4840,"Unit 6","ARD GZ 0","Non Guano",0.723344526511852,0.507720504789896,0.249872906234017,0.259130473656607,0.282677236817658,0.723344526432893,0.507720504868647,0.249872865360847,0.259130484809289,0.282677234539537,0.261570068821381,0.87090597056304,0.582622604480011,0.696001275208795,0.596804345561805,2
"ARD",234,4861,"Unit 6","ARD GZ 0","Non Guano",0.844971213488447,0.644773980122569,0.41426659341462,0.399816506370889,0.442603954357302,0.844971213675412,0.644773980158185,0.414266557045439,0.399816517802889,0.442603943646441,-0.0451220573499003,0.129407901121307,-0.305087952071346,-0.245591239615641,-0.0267126231273096,2
"ARD",236,4881,"Unit 6","ARD GZ 0","Non Guano",0.328832425900504,0.0819047065807474,-0.152118516531231,-0.218891794737223,-0.205798353197076,0.328832426007822,0.081904706328497,-0.152118519127903,-0.218891760826998,-0.205798347156823,0.129459676737177,-0.199665090365668,-0.823234340732035,-0.669513169017652,-0.46346597054736,2
"ARD",238,4901,"Unit 6","ARD GZ 0","Non Guano",-0.0705449118984559,-0.0203554667502068,-0.566082971403293,-0.558554562632887,-0.429862621644594,-0.0705449123051859,-0.0203554665358806,-0.566082944528962,-0.558554512686242,-0.429862646205583,0.152033681556182,0.229962872767348,-0.0485706236016232,0.0595241709183137,0.0173427347445659,2
"ARD",240,4921,"Unit 6","ARD GZ 0","Non Guano",-0.0500443570983658,-0.054472840605766,-0.533945041068846,-0.507710781988347,-0.440759190520088,-0.0500443578254867,-0.0544728405553635,-0.53394503806522,-0.507710878153886,-0.44075921306821,-0.173014055563928,0.353538761659354,-0.142751938934867,0.0309155969103033,0.16010278037686,2
"ARD",242,4941,"Unit 6","ARD GZ 0","Non Guano",0.142774873292993,0.101885025759492,-0.326581434009828,-0.376857992153682,-0.300387617627305,0.142774873665985,0.101885025755455,-0.326581377614837,-0.376858035009181,-0.300387593835592,0.305583071966564,0.147165192066368,-0.407345385809036,-0.23851730118997,-0.103324458075955,2
"ARD",244,4960,"Unit 6","ARD GZ 0","Non Guano",1.02106182343567,0.896035831876826,0.61290180059247,0.808263065440807,0.700192511643684,1.02106182345862,0.896035832359693,0.612901801226848,0.808263054517687,0.700192510586135,0.20867509521424,0.33322273787314,0.0614427207439519,0.168300676985302,0.214703747028895,2
"ARD",246,4980,"Unit 6","ARD GZ 0","Non Guano",1.06568038067458,0.907520228865232,0.788135857519648,0.811933065265534,0.757513602941943,1.06568038065687,0.907520227927936,0.788135861144388,0.811933056244345,0.757513597139885,0.635084668307503,0.627054973310413,0.488544683087421,0.532050100310158,0.613584918967035,2
"ARD",248,4999,"Unit 6","ARD GZ 0","Non Guano",0.950033437784286,0.824614616416003,0.430772104391066,0.443248303169504,0.493871200084315,0.950033437766588,0.824614615483493,0.430772108411066,0.443248328553315,0.493871189769408,0.505408438684714,0.385889664938315,0.162834443533642,0.154382855373458,0.240443755963262,2
"ARD",250,5018,"Unit 6","ARD GZ 0","Non Guano",0.898956687493898,0.726107666618815,0.578949645408763,0.56002264387365,0.511855670439326,0.898956687278337,0.726107666661921,0.578949630248731,0.560022645633289,0.511855688188165,0.540209558669909,0.826240062758399,0.736392322584005,0.82149821613971,0.785453883871087,2
"ARD",253,5044,"Unit 6","ARD GZ 0","Non Guano",0.551621928125783,0.38486373445966,0.095611936137005,0.0517426077434088,0.0760997722712418,0.551621928209555,0.384863734397187,0.0956119088919146,0.0517426148495398,0.0760997943465004,1.25606865936101,1.00071880912352,0.695250777170407,0.637032883774328,0.467302784730944,2
"ARD",254,5052,"Unit 6","ARD GZ 0","Non Guano",0.584454693412529,0.411197557868698,0.217892222751146,0.0986985286900357,0.109246779607574,0.584454693378765,0.411197557845132,0.217892218645711,0.0986985193018371,0.109246787083297,0.638024581911035,0.830654933871325,0.606351916108307,0.703883091013429,0.573651244472821,2
"ARD",256,5069,"Unit 6","ARD GZ 0","Non Guano",0.684601508534251,0.428802937347143,0.288088950257446,0.257084160134022,0.228570725942525,0.684601508346927,0.42880293751073,0.288088926638348,0.257084166949464,0.228570717849421,-0.226197396451078,0.899778839603997,0.589773292846606,0.538982254700018,0.584367459322505,2
"ARD",258,5084,"Unit 6","ARD GZ 0","Non Guano",0.929535972250767,0.758716892481344,0.471472276163981,0.590803784128497,0.571633590872048,0.92953597207268,0.758716892327904,0.471472286136831,0.590803806656984,0.57163357503911,0.144450487969436,0.473841798041589,0.325137314456722,0.302517749452403,0.15727408944567,2
"ARD",260,5100,"Unit 6","ARD GZ 0","Non Guano",0.295421053606469,0.120529979088811,-0.21410375887214,-0.167242703891069,-0.184030452635533,0.295421054021786,0.120529979306394,-0.214103813965325,-0.167242729090441,-0.184030468876271,0.433721390178885,0.53946185463435,0.390050779345033,0.440216298281026,0.25864557856876,2
"ARD",262,5115,"Unit 6","ARD GZ 0","Non Guano",0.557258898922701,0.317977634436471,0.115457653978028,0.0927559865456163,0.0716445055666828,0.557258898891065,0.317977634419979,0.11545766227167,0.0927559939178365,0.0716445067950797,-0.446145965541982,0.514524466603866,0.319381412960081,0.392304677365365,0.326882389545418,2
"ARD",264,5131,"Unit 6","ARD GZ 0","Non Guano",0.300545608976389,0.18052784873399,-0.202508988021593,-0.208824869244782,-0.140767494630073,0.300545608860857,0.180527848814747,-0.202508946662457,-0.208824841047023,-0.140767497220812,0.602986075684331,0.244986929086718,0.373520166194324,0.437531224774846,0.537438846112933,2
"ARD",266,5146,"Unit 6","ARD GZ 0","Non Guano",0.0636319478903346,0.0941028144212603,-0.441806495114902,-0.431254436303276,-0.322218980393382,0.0636319476861373,0.0941028142720232,-0.441806530912354,-0.431254480751052,-0.322218956567295,-0.0895718114468195,0.200033818249823,0.0934400695097052,0.193006811819877,0.344552261504032,2
"ARD",268,5162,"Unit 6","ARD GZ 0","Non Guano",0.501384907023828,0.280369866526723,0.0360803862697622,0.038579248641099,-0.0166664442520276,0.501384906721886,0.280369866630653,0.0360803182427467,0.0385792969771189,-0.0166664665528344,0.0174484146100097,-0.0539658816961325,-0.456314566923009,-0.331845737391445,-0.00118887656384543,2
"ARD",270,5177,"Unit 6","ARD GZ 0","Non Guano",0.471478272640498,0.281468194404897,0.0851452548803628,0.046398479179951,-0.0190657668823573,0.471478272799336,0.281468194432317,0.085145289780135,0.0463984935926558,-0.0190657374861802,-0.239765032700181,-0.170793676047083,-0.174725169132203,0.1028908007752,0.427215638753022,2
"ARD",272,5192,"Unit 6","ARD GZ 0","Non Guano",0.676414434656436,0.406453760450539,0.275037093101109,0.279754926506868,0.184937718338365,0.676414434656504,0.406453760574168,0.275037138199261,0.279754929075886,0.184937723309307,0.202816056540054,-0.0305294856542134,-0.0447359647841948,0.162279002577312,0.421163295531314,2
"ARD",274,5207,"Unit 6","ARD GZ 0","Non Guano",0.622558108611345,0.31741533010553,0.239107977096571,0.23500746070529,0.100512136075696,0.62255810868928,0.317415330008844,0.23910794197638,0.23500743244226,0.100512141665433,0.90227890286383,0.675876031276312,0.858950035671353,0.997684787278418,1.0262627895998,2
"ARD",276,5223,"Unit 6","ARD GZ 0","Non Guano",0.300713779801452,0.0478238841539103,-0.195440139158848,-0.176044363560021,-0.23492116362248,0.300713779913412,0.0478238841455146,-0.195440108935565,-0.176044294747666,-0.234921139722731,0.640791455476579,0.309239712916068,0.421521916760531,0.574660693852934,0.599259780669387,2
"ARD",278,5238,"Unit 6","ARD GZ 0","Non Guano",0.298653918048633,0.0765832444543091,-0.0765613712948376,-0.185890566412464,-0.152520570148611,0.298653918345627,0.0765832443145007,-0.0765613901072456,-0.185890558157602,-0.152520556856531,0.192972589653654,0.123127143595388,0.170839684150332,0.305832499262855,0.329052573060682,2
"ARD",280,5253,"Unit 6","ARD GZ 0","Non Guano",0.288598447944192,0.0856929837587642,-0.210037670712529,-0.182099208507931,-0.202969307053705,0.288598447918723,0.0856929838989258,-0.210037642134668,-0.182099198733191,-0.202969294347984,0.640032138223758,0.0186810027313055,0.169672638612809,0.262329748817723,0.318026077522443,2
"ARD",282,5276,"Unit 6","ARD GZ 0","Non Guano",0.322827187027693,0.110170930618442,-0.135573274823426,-0.246550787589587,-0.224645412118891,0.322827187030201,0.11017093077462,-0.135573255004737,-0.246550801315519,-0.224645394728901,-0.170918416632581,0.0901170276348632,0.235293546003882,0.349745860182609,0.485882414976308,2
"ARD",286,5324,"Unit 6","ARD GZ 0","Non Guano",1.71618611567034,1.67264488240019,2.01255525812827,1.92174712768067,1.94659203347936,1.71618611557322,1.67264488209393,2.01255525600767,1.92174712242101,1.94659203344718,1.4859792456526,0.814912233531308,1.53808700137893,1.4264044160511,1.19831676359593,2
"ARD",288,5351,"Unit 6","ARD GZ 0","Non Guano",2.046233287486,2.89851558291418,2.26540866025302,2.49400200682531,2.59494391503094,2.04623328755092,2.89851558349989,2.2654086630177,2.49400199780489,2.59494391017572,1.48231039701586,1.59971429400366,2.01382659810367,2.12848213236673,2.05030403465783,2
"ARD",294,5463,"Unit 6","ARD GZ 0","Non Guano",1.57274226082117,1.51391419388569,1.74953337523896,1.74966462669375,1.71001673230434,1.57274226086312,1.513914193935,1.7495333844445,1.74966462265996,1.71001673092796,0.294945834442183,0.830985879062911,1.42683654260423,1.48613794178681,1.20885278288098,2
"ARD",300,5597,"Unit 5","ARD GZ 2","Guano",0.460967911091433,-0.122987878193903,0.103173759210532,-0.0701201151376524,-0.129333234861183,0.46096791098691,-0.122987878254574,0.103173735467509,-0.0701201242102291,-0.129333213356309,0.704376519482192,0.395430341657893,1.60506528779092,1.54036440042703,1.75641185276665,6
"ARD",302,5643,"Unit 5","ARD GZ 2","Guano",1.37464293295089,1.08265936575593,1.48567003135989,1.40945865782005,1.28895532146494,1.37464293288988,1.08265936546634,1.48567003298115,1.40945865216022,1.28895532630903,1.26359676889142,0.48144130846796,1.29018964293196,1.18908996696857,0.919552543721108,6
"ARD",304,5689,"Unit 5","ARD GZ 2","Guano",1.70665274400568,1.87945315258118,1.83383841045644,1.88591385972611,1.95419551272156,1.70665274420728,1.87945315256894,1.83383840939446,1.88591385179888,1.95419551005572,0.70244817397828,1.5735160044279,2.06505125130314,2.20481664685936,2.11248128509588,6
"ARD",310,5870,"Unit 5","ARD GZ 2","Guano",-0.621192030420898,-0.256886967270261,-0.941318593001843,-0.87424698956166,-0.690724076458655,-0.621192030076882,-0.256886967047697,-0.941318462543477,-0.874247015141895,-0.690724058852972,-0.519847101934613,-0.341975787300693,-0.810483694638234,-0.614263210380011,-0.355561052286663,6
"ARD",312,6000,"Unit 4","ARD GZ 0","Non Guano",-0.561767335350148,-0.291471593017539,-0.867023015233807,-0.847245250357147,-0.700511837243416,-0.561767334647941,-0.291471592803967,-0.867023047473341,-0.847245319742228,-0.700511842224916,0.337390895217274,-0.485737207117689,-1.12907160909167,-0.483015180197911,-0.0288734233132591,2
"ARD",314,6131,"Unit 4","ARD GZ 0","Non Guano",-0.474878372739233,-0.38447068030293,-0.871953186309973,-0.802165674556138,-0.700395361580731,-0.474878372397227,-0.384470680369926,-0.871953221211994,-0.802165741302356,-0.700395371035404,0.62105166811774,0.566018257423776,1.23384416774931,1.23484385490279,1.04794665510573,2
"ARD",316,6266,"Unit 4","ARD GZ 0","Non Guano",-0.420247596394364,-0.357663294232561,-0.772274273049585,-0.755972403464658,-0.682689355728344,-0.420247598124593,-0.357663294103465,-0.772274234529989,-0.755972260070432,-0.682689337615336,0.0646412001203352,-0.166070281720352,-0.796727564769863,-0.60755905075695,-0.471505995777188,2
"ARD",318,6405,"Unit 4","ARD GZ 0","Non Guano",0.0640031267805477,-0.266010154376863,-0.348147684178123,-0.383258346425792,-0.472205679428663,0.0640031265933593,-0.266010154183147,-0.348147698924494,-0.383258332007702,-0.472205703018927,0.254732736548712,-0.000840626386591444,0.117200803274041,0.0308983580549142,-0.0588323010029986,2
"ARD",320,6544,"Unit 4","ARD GZ 0","Non Guano",1.65400520371681,1.75452454016189,1.78720279315637,1.81800527484374,1.83926384673496,1.65400520376728,1.75452454020084,1.78720279829974,1.81800526412177,1.83926384252195,1.51854217306971,2.11872434715903,1.90939338688302,1.80502425390477,1.68289491594834,2
"ARD",322,6673,"Unit 3","ARD GZ 1","Guano",1.93071184345764,2.68882560453378,2.04834292972044,2.04766840849783,2.30121805481914,1.93071184346496,2.68882560431567,2.04834292686411,2.04766839930359,2.30121805594749,1.67190479798379,2.23515102440988,1.75783274139809,1.66809782202516,1.68860940282713,7
"ARD",324,6802,"Unit 3","ARD GZ 1","Guano",1.31686780246554,1.12509406602778,1.44638699238486,1.24755411164675,1.08495429839121,1.31686780255714,1.12509406558544,1.4463869949642,1.24755410627815,1.08495428806292,1.62270037960348,2.00254360976752,2.01844187294941,1.52588749319313,1.56511366707703,7
"ARD",326,6933,"Unit 3","ARD GZ 1","Guano",-0.257492168071559,-0.414796488761025,-0.496488779840391,-0.60246821117336,-0.632612992206532,-0.257492168735969,-0.414796488798573,-0.496488865110864,-0.602468249393576,-0.632613024178997,0.108990081862891,-0.515584873710886,-0.886733139909495,-0.791815770880687,-0.975900021388851,7
"ARD",328,7068,"Unit 2","ARD GZ 0","Non Guano",-0.552639511683196,-1.10926341928062,-1.3637539812556,-0.764024380804027,-1.05785467767511,-0.552639511864476,-1.10926341923667,-1.36375378326161,-0.764024280268899,-1.05785465364043,0.22677734149806,-1.03675550366142,-1.37227247803687,-0.877679347427968,-0.916238071285068,2
"ARD",330,7202,"Unit 2","ARD GZ 0","Non Guano",-0.832012112922414,-1.05706227722146,-1.58080456638343,-0.870307456691,-1.1570103646615,-0.832012113781448,-1.05706227746009,-1.5808045533207,-0.870307498536413,-1.15701037990325,-0.212980393534288,-0.929393630514416,-1.49063760821813,-0.908706034499866,-0.773768860072832,2
"ARD",332,7334,"Unit 2","ARD GZ 0","Non Guano",-0.783610835917441,-0.981770439954481,-1.55289064113553,-0.879091735735253,-1.1241071708331,-0.783610834424077,-0.981770439853012,-1.5528908085656,-0.87909179942346,-1.12410717802977,-0.0248127229190663,-1.02480194365649,-1.91183095110452,-0.58920075068637,-0.608829363219631,2
"ARD",334,7465,"Unit 2","ARD GZ 0","Non Guano",-0.777610661112597,-0.877143534484443,-1.83058524164359,-0.929500110542279,-1.14770695577884,-0.777610663466795,-0.877143534785188,-1.83058511496331,-0.92950006374829,-1.14770691882421,-0.158879759181289,-0.818848775991581,-1.7319063513,-0.799980122429574,-0.94822103676372,2
"ARD",336,7595,"Unit 2","ARD GZ 0","Non Guano",-0.82007324246617,-0.884146311436552,-1.65672491385075,-0.943873976743844,-1.15340294535662,-0.820073242998648,-0.884146311119052,-1.6567251747862,-0.943873953837245,-1.15340292292722,-0.0439313234630939,-0.836783808994153,-3.38372297751882,-0.811324595457616,-0.557989450380305,2
"ARD",338,7725,"Unit 2","ARD GZ 0","Non Guano",-0.847322500059441,-0.928174679326424,-1.76794455087158,-0.870241317246122,-1.17095868543922,-0.847322499351596,-0.928174679331477,-1.76794456101174,-0.870241391093678,-1.17095868539315,-0.980644723522774,-0.587929018031093,-1.45924076967425,-0.794153164178476,-0.573895751066123,2
"ARD",340,7855,"Unit 2","ARD GZ 0","Non Guano",-0.84770041116332,-0.761669654762506,-1.6967373863046,-0.947196251336328,-1.11720132968403,-0.847700411537851,-0.761669654920652,-1.69673713654746,-0.947196313070354,-1.11720136029079,-0.352735093199747,-0.621543093466011,-1.40887246656887,-0.989899069000801,-0.644728062249977,2
"ARD",344,8117,"Unit 2","ARD GZ 0","Non Guano",-0.88124095439298,-0.814518296229469,-1.73748496664038,-0.986183562521045,-1.13736715122151,-0.881240952733113,-0.814518296449453,-1.73748493060353,-0.986183469838947,-1.13736716404658,-1.4038244925694,-0.770522385937479,-1.83345641517998,-0.949565726010839,-0.913644263296591,2
"ARD",346,8241,"Unit 2","ARD GZ 0","Non Guano",-0.572096596935154,-0.878820971966624,0.179073964251083,0.0560617022274303,0.0202833021131432,-0.572096598819072,-0.878820971734124,0.179073983863215,0.0560616976857778,0.0202833134732814,-0.0464435478151967,-1.07934048634301,0.127827141960636,-0.119183788485094,-0.170379559912909,2
"ARD",348,8358,"Unit 1","ARD GZ 0","Non Guano",-0.690838695707854,-0.997441010061266,0.323652506886631,-0.148169156521894,0.0708490156929798,-0.690838696197145,-0.99744100998309,0.323652537764936,-0.148169139228806,0.0708490229190868,0.407410820597926,-1.11553251766543,0.0410496162273648,-0.324564742619004,-0.272817241376475,2
"ARD",350,8474,"Unit 1","ARD GZ 0","Non Guano",-0.772893405884388,-0.742393453699321,0.210500063611822,-0.335717469020497,0.113570195443489,-0.772893402600144,-0.742393453883281,0.210500088934436,-0.335717447371968,0.11357019158077,0.290525243567949,-0.961395380004455,-0.0864108067183906,-0.619204113133217,-0.119617624763278,2
"ARD",352,8575,"Unit 1","ARD GZ 0","Non Guano",-0.815400864352733,-0.668344345721043,-0.0674624104683052,-0.454257465460083,-0.105218986836125,-0.815400864114291,-0.668344345999309,-0.067462426946839,-0.454257475152266,-0.105218968651511,-0.773965272070287,-0.408856393170043,-0.282711568080557,-0.599236122139197,-0.148795925136876,2
"ARD",356,8777,"Unit 1","ARD GZ 0","Non Guano",-0.769447815148074,-0.638674333650848,0.342695242342108,-0.296632823791482,0.208330997675501,-0.769447816058626,-0.638674333625983,0.34269521786648,-0.296632808339456,0.208330995017486,0.792072007102736,-0.803271517757027,-0.0666220417790111,-0.292429894804448,0.0416449208883114,2
"YAN",3,413,"Freshwater","YAN GZ 0","Non Guano",-0.870765762919625,-0.880046598799674,-1.08413982744621,-0.928759718351774,-0.980351785861535,-0.870765763813436,-0.880046598606417,-1.08413975924982,-0.928759750240845,-0.980351841526133,-1.24783035047112,-0.79458907950363,-1.21887596421577,-1.41412883400625,-1.46696775000088,1
"YAN",5,725.64,"Freshwater","YAN GZ 0","Non Guano",-0.831300365823235,-0.820001846499172,-1.09137344861342,-1.03483480767974,-1.03093695421999,-0.83130036486386,-0.820001846840574,-1.09137327797727,-1.03483488445233,-1.03093696967821,-0.574671742164373,-1.22067939096758,-0.72240679690579,-1.30501188757617,-1.3403446229372,1
"YAN",7,961.52,"Freshwater","YAN GZ 0","Non Guano",-0.823810046048827,-1.60629222971118,-0.288016387118796,-0.590232516848938,-0.778426506680496,-0.82381004797694,-1.60629222946817,-0.28801640524968,-0.590232549029662,-0.778426533192373,-0.794693210917204,-1.65345845288908,-0.518963792538559,-1.19971947524778,-1.41047521536293,1
"YAN",9,1197.4,"Freshwater","YAN GZ 0","Non Guano",-0.766307132580523,-1.92796818045425,-0.0636045195112537,-0.455187110313591,-0.624777687849889,-0.766307134893671,-1.92796818097825,-0.0636044953284757,-0.455187162319262,-0.624777672828786,-0.139520378461232,-1.81808770434883,-0.0364930123802841,-1.10612912526056,-1.18463487996544,1
"YAN",13,2153.18,"Freshwater","YAN GZ 0","Non Guano",-0.649540059447934,-1.58189168935595,-0.718363187776281,-0.878469032717284,-1.03184619577561,-0.649540059744498,-1.58189168925383,-0.718363271155839,-0.878469119739632,-1.03184622335461,-0.37880043732768,-1.73659049564025,-0.474059438988265,-1.10157712301401,-1.20758179934214,1
"YAN",15,2711.74,"Freshwater","YAN GZ 0","Non Guano",-0.76445102714532,-1.66110469807009,-0.38160632273945,-0.651099602264615,-0.798766590373211,-0.76445103008303,-1.66110469779865,-0.381606344553867,-0.651099660855192,-0.798766574394534,-0.851362046112855,-1.57601226164838,-0.642856618245283,-1.20263138647655,-1.33452843196273,1
"YAN",17,3040.18,"Freshwater","YAN GZ 0","Non Guano",-0.744128481255023,-1.56214207563184,-0.591080543342494,-0.796070417277762,-0.916980290000542,-0.744128480268959,-1.56214207581829,-0.591080413624427,-0.796070422052513,-0.916980282950242,-0.581804293301724,-1.45510164417152,-0.399225005428646,-1.18416640511925,-1.25230740255777,1
"YAN",19,3368.62,"Freshwater","YAN GZ 0","Non Guano",-0.75959195981701,-1.16833533214951,-0.624146723389448,-0.954355095986988,-0.904389533336705,-0.759591957219211,-1.16833533224655,-0.624146625596739,-0.954355060035729,-0.904389523157312,-0.615011281777402,-1.2213183045436,-0.598344160176867,-1.28665495772424,-1.30291674952088,1
"YAN",21,3660.84,"Freshwater","YAN GZ 0","Non Guano",-0.803909690321241,-1.60031383967524,0.0136198813332853,-0.695112792616502,-0.867705947174842,-0.803909689011717,-1.60031383994104,0.0136198891989548,-0.695112814942476,-0.867705949016859,-0.495507312623905,-1.82605795274166,-0.23992670915199,-1.04582003390078,-1.26422168865462,1
"YAN",23,3916.86,"Freshwater","YAN GZ 0","Non Guano",-0.774750882665628,-1.73073414187778,0.129934179344895,-0.566657611897109,-0.782835990866527,-0.774750881692005,-1.73073414122733,0.129934174818287,-0.566657588215804,-0.782835987953793,-0.457187591516301,-1.40442418938992,-0.184127613076113,-1.21181553626645,-1.26800242477387,1
"YAN",25,4172.88,"Freshwater","YAN GZ 0","Non Guano",-0.831134373544603,-1.26766516440597,-0.0953104220832267,-0.682747725708177,-0.750216516666335,-0.83113437453148,-1.26766516461419,-0.0953104257781378,-0.68274773092123,-0.750216527632962,-0.572861074420645,-1.39737430588662,-0.398371477765731,-1.24312867948965,-1.25520039270442,1
"YAN",27,4328.62,"Freshwater","YAN GZ 0","Non Guano",-0.83784148070894,-1.2873438675176,-0.0748142147612427,-0.682087920900834,-0.734819017844677,-0.837841481605364,-1.28734386761259,-0.0748142159620485,-0.682087857009699,-0.73481898297127,-0.414942909853059,-1.23567664202804,-0.41918016238456,-1.29580116438297,-1.24957828789258,1
"YAN",31,4654.93,"Freshwater","YAN GZ 0","Non Guano",-0.837651309554649,-1.02799140353675,-0.237052476029802,-0.765034280354926,-0.766867288821278,-0.837651307714264,-1.02799140364085,-0.237052489075173,-0.765034223712493,-0.766867274510192,-0.694455573548719,-0.965440461439384,-0.405572220517396,-1.31984187445038,-1.31510989114808,1
"YAN",33,4840.35,"Freshwater","YAN GZ 0","Non Guano",-0.898821722614607,-0.844690491718133,-0.470364011482023,-0.815343535741012,-0.852806406129656,-0.898821723066394,-0.844690491612274,-0.47036397021137,-0.815343377064797,-0.852806427050011,-1.33187576148654,-0.84451972426447,-0.835499880267526,-1.28827439242585,-1.43288180264151,1
"YAN",35,5025.76,"Freshwater","YAN GZ 0","Non Guano",-0.947479951391729,-0.751721272448602,-0.640239500633489,-0.89474890829645,-0.786847972657583,-0.947479951157875,-0.751721272580601,-0.640239450587308,-0.894748918559944,-0.786847986131198,-1.31952432725099,-0.628427583492042,-1.05177551873332,-1.29574040212157,-1.48947971979154,1
"YAN",37,5180.64,"Freshwater","YAN GZ 0","Non Guano",-0.954806499748222,-0.655660127342198,-0.849358702896447,-0.930563540818998,-0.776643788648561,-0.954806497384965,-0.655660127290487,-0.849358824618433,-0.930563670000862,-0.776643812460772,-1.62781824944189,-0.502163000462613,-1.3182492113837,-1.41882917641796,-1.57345374418577,1
"YAN",39,5335.52,"Freshwater","YAN GZ 0","Non Guano",-0.950512996250908,-0.61241038720654,-0.90506219546281,-0.959369210531053,-0.814379577891567,-0.950513000246672,-0.612410387127768,-0.905062276444101,-0.959369214379887,-0.814379548354226,-1.35448074613007,-0.389890853833406,-1.30538438811809,-1.42259629868852,-1.4994044669126,1
"YAN",41,5412.96,"Freshwater","YAN GZ 0","Non Guano",-0.963930616682903,-0.501641946952141,-0.927172844977073,-0.951243631733423,-0.778056995953669,-0.963930617568172,-0.501641946998242,-0.92717291891419,-0.951243564829475,-0.778056999376051,-0.997439366403232,-0.529124971625051,-0.974178810086949,-0.734591281422056,-0.614967648625306,1
"YAN",43,5412.96,"Freshwater","YAN GZ 0","Non Guano",-0.953687896947555,-0.547739409344803,-0.931396658336959,-0.955990999927011,-0.793004199369937,-0.953687896474778,-0.547739409419134,-0.931396817969028,-0.955990983851496,-0.793004152337518,-1.22741999817499,-0.523167231334349,-0.951939714978398,-0.720006494525183,-0.61471963565272,1
"YAN",45,5412.96,"Freshwater","YAN GZ 0","Non Guano",-0.952911926951438,-0.522310401349651,-0.945202308632609,-0.997314609590709,-0.791088407020587,-0.952911929804846,-0.522310401435628,-0.945202274076909,-0.997314710215442,-0.791088406819177,-0.950362906304172,-0.508518644097341,-0.956043174084488,-0.702845983588413,-0.614911693442281,1
"YAN",47,5412.96,"Freshwater","YAN GZ 0","Non Guano",-0.942347019008106,-0.546160675465723,-0.846124786365659,-0.985485875967188,-0.810744312744742,-0.942347017564031,-0.546160675385577,-0.846124811541449,-0.985485912994232,-0.810744291077552,-0.969137907517509,-0.462455134893982,-0.93036789481049,-0.693796630133667,-0.570587373512574,1
"YAN",49,5412.96,"Freshwater","YAN GZ 0","Non Guano",-0.948313009486431,-0.578081525058126,-0.913428979418706,-0.968772973316149,-0.819361698632703,-0.948313010282581,-0.57808152507706,-0.913429031933552,-0.968773102872098,-0.819361671765183,-1.28445456914926,-0.413182472062162,-0.910720373780073,-0.680852018794261,-0.530627946013433,1
"YAN",51,5412.96,"Freshwater","YAN GZ 0","Non Guano",-0.950832164820744,-0.58384214251838,-0.913428979418706,-0.875254829503089,-0.819361698632703,-0.950832163796079,-0.58384214255135,-0.913429031933552,-0.875254817588677,-0.819361671765183,-1.06661442732829,-0.395096755612805,-0.924006127080983,-0.683590650442903,-0.548902094006345,1
"YAN",53,5412.96,"Freshwater","YAN GZ 0","Non Guano",-0.940432707811412,-0.576794108715522,-0.942174106293206,-0.940554516127685,-0.822569919778463,-0.940432709630234,-0.576794108299041,-0.942174186735129,-0.940554417198343,-0.822569949246589,-1.11245837908571,-0.353687069768927,-0.933347012695336,-0.674604742834216,-0.532659604977306,1
"YAN",55,5412.96,"Freshwater","YAN GZ 0","Non Guano",-0.936084899775156,-0.618952674715242,-0.903242156258851,-0.945895061229691,-0.889499209951606,-0.936084899234944,-0.61895267469398,-0.90324225726419,-0.945895056920408,-0.889499221511638,-1.43861538325149,-0.317951930134206,-0.95283292934765,-0.681116211647928,-0.521214052635419,1
"YAN",59,5412.96,"Freshwater","YAN GZ 0","Non Guano",-0.941177431516763,-0.483313842044109,-0.958034864140245,-0.924373453939747,-0.791382106996094,-0.941177429233464,-0.483313841879207,-0.958034750875753,-0.924373469830076,-0.791382138268887,-1.47952089451282,-0.355506100016033,-0.960834097393538,-0.683431944281633,-0.62890762680575,1
"YAN",61,5412.96,"Freshwater","YAN GZ 0","Non Guano",-0.930958283916166,-0.563748935959291,-0.927988019610046,-0.941223529543957,-0.840248075042537,-0.930958284646592,-0.563748935711075,-0.927988046476245,-0.941223483408669,-0.840248037364921,-1.78507170670227,-0.341983932672849,-0.99564091738042,-0.67580253017708,-0.624918861258031,1
"YAN",63,5412.96,"Freshwater","YAN GZ 0","Non Guano",-0.935205131749941,-0.477397513372355,-0.96044903711801,-0.940774599149414,-0.816050618555711,-0.935205133920461,-0.477397513360353,-0.960449149094474,-0.940774741969433,-0.816050616816682,-1.55287213547046,-0.368240806454891,-1.01279353356844,-0.702695507784132,-0.6500171724437,1
"YAN",65,5412.96,"Freshwater","YAN GZ 0","Non Guano",-0.937879398808864,-0.43923163025329,-0.911786769923254,-0.936701766450869,-0.806100466739319,-0.937879401417699,-0.43923163014937,-0.911786768404758,-0.936701710840158,-0.806100485384247,-1.55920023736174,-0.390358613118061,-0.989376629262483,-0.70123922317688,-0.666769151990633,1
"YAN",67,5412.96,"Freshwater","YAN GZ 0","Non Guano",-0.897919325745221,-0.748149304683468,-0.809675276493197,-0.895792693966552,-1.02402413602636,-0.897919327691663,-0.748149304671984,-0.809675350520562,-0.895792817005565,-1.02402413757736,-1.36944313749515,-0.379302045483609,-0.976446348143332,-0.693533500312702,-0.641384040758375,1
"YAN",69,5412.96,"Freshwater","YAN GZ 0","Non Guano",-0.92712349327311,-0.414828357792572,-0.867539702418109,-0.949202788849253,-0.820998288521838,-0.927123491130837,-0.414828357867578,-0.867539608845638,-0.949202758800406,-0.820998266307051,-1.33740952190466,-0.363096421534741,-0.975087567181798,-0.699535586396736,-0.613940435333068,1
"YAN",71,5412.96,"Freshwater","YAN GZ 0","Non Guano",-0.926733201428603,-0.402709891267779,-0.909969752728973,-0.962562480617525,-0.8327738526651,-0.926733199372944,-0.402709891510897,-0.909969800905917,-0.962562360791556,-0.832773848708006,-1.01807096916186,-0.371750566937011,-0.924116500504445,-0.710384681335561,-0.606608482337871,1
"YAN",73,5412.96,"Freshwater","YAN GZ 0","Non Guano",-0.92091423212426,-0.426898328856496,-0.942183309470187,-0.937381645873963,-0.836624524045245,-0.920914231512283,-0.426898328657283,-0.942183476464098,-0.937381628207977,-0.836624522173495,-1.04486349940079,-0.394531149458906,-0.936932467963422,-0.710238644840855,-0.621078886257469,1
"YAN",75,5412.96,"Freshwater","YAN GZ 0","Non Guano",-0.928570120418381,-0.40300162521618,-0.919889006751631,-0.943056794751574,-0.816539057635822,-0.928570117195674,-0.403001625386809,-0.919889050818306,-0.943056837303518,-0.816539025086925,-0.813334567082224,-0.480417068183669,-0.975317036920864,-0.73067788409366,-0.668588127505647,1
"YAN",77,5412.96,"Freshwater","YAN GZ 0","Non Guano",-0.944326627244926,-0.376438709538873,-0.894077930191028,-0.958925328847948,-0.769601527452451,-0.944326623602675,-0.376438709766027,-0.894077935567835,-0.958925331079444,-0.769601543337316,-0.837098493202705,-0.467729846601444,-0.999686704287943,-0.748426344325108,-0.696741559438294,1
"YAN",79,5412.96,"Freshwater","YAN GZ 0","Non Guano",-0.944723375016625,-0.380478337595124,-0.909475347289655,-0.945393325731307,-0.76228291447068,-0.944723375010208,-0.380478337716226,-0.909475289304652,-0.945393390117174,-0.762282901005293,-0.819194967918573,-0.47570228426609,-1.00222181195196,-0.747010107350137,-0.692771571285463,1
"YAN",81,5412.96,"Freshwater","YAN GZ 0","Non Guano",-0.939228412661187,-0.446279382819137,-0.881067413298053,-0.948521500987205,-0.820034738276129,-0.939228414058089,-0.446279382691289,-0.881067457355863,-0.948521559435404,-0.820034719588831,-0.950441634887027,-0.452967858902509,-1.01935729294332,-0.739732586175404,-0.68448119167758,1
"YAN",83,5412.96,"Freshwater","YAN GZ 0","Non Guano",-0.910863153931361,-0.588983908377176,-0.846124786365659,-0.930377940640226,-0.943932986553622,-0.910863155794321,-0.588983908627307,-0.846124811541449,-0.93037783810189,-0.943932975079709,-0.961095481822,-0.385171267282175,-1.01074792471929,-0.723542552303106,-0.632004857599611,1
"YAN",85,5412.96,"Freshwater","YAN GZ 0","Non Guano",-0.915899539121356,-0.624072440567504,-0.850271230938569,-0.921686336894984,-0.923831548463584,-0.915899543256007,-0.624072440605592,-0.850271087262719,-0.921686379357081,-0.923831510124392,-1.31832913780032,-0.351390303802258,-0.965346254138522,-0.718682398762986,-0.610507784748731,1
"YAN",87,5412.96,"Freshwater","YAN GZ 0","Non Guano",-0.922131169629668,-0.455476705727307,-0.925605021891808,-0.938544862811304,-0.909670392944075,-0.922131167727108,-0.455476705984122,-0.925604932358125,-0.938544920245329,-0.909670416251338,-1.18557652616127,-0.399294823126804,-0.952713513186073,-0.714250042525599,-0.59826823165039,1
"YAN",89,5412.96,"Freshwater","YAN GZ 0","Non Guano",-0.934428199044539,-0.382431551176952,-0.928985436440719,-0.939418755071196,-0.83100172082883,-0.934428200793823,-0.382431550839293,-0.928985405491168,-0.93941876888921,-0.831001739982326,-1.16194159504166,-0.433016452778789,-0.867515855718985,-0.670422443804483,-0.592191255117408,1
"YAN",91,5412.96,"Freshwater","YAN GZ 0","Non Guano",-0.940759267664111,-0.278824915960086,-0.941578507750301,-0.947467982988579,-0.786047579905853,-0.940759267941786,-0.278824916137091,-0.941578523851721,-0.947468009825749,-0.786047544710366,-1.40968359419795,-0.506725504991954,-0.777798427575495,-0.637999963045921,-0.607835300827301,1
"YAN",93,5412.96,"Freshwater","YAN GZ 0","Non Guano",-0.929145446744078,-0.623156307210432,-0.862037112423737,-0.893469727627385,-0.952197816498843,-0.929145447797946,-0.623156307286685,-0.862037142544611,-0.893469760825877,-0.952197793316852,-1.497284169029,-0.575043758726854,-0.707381186755468,-0.5931663787584,-0.627610186912859,1
"YAN",95,5412.96,"Freshwater","YAN GZ 0","Non Guano",-0.922019918830084,-0.633079111331831,-0.792591470593107,-0.915691010482662,-0.937563032487297,-0.922019915590074,-0.633079111459764,-0.792591438608457,-0.915691039612811,-0.937563044578423,-1.26481934549267,-0.5412265138893,-0.617852633472281,-0.537744982711782,-0.578137880373044,1
"YAN",97,5412.96,"Freshwater","YAN GZ 0","Non Guano",-0.928654746050816,-0.616879998933954,-0.813644234518784,-0.910333898057701,-0.907772363465238,-0.928654745939832,-0.616879998988368,-0.813644215137266,-0.910333929349116,-0.907772364383092,-1.79400606886907,-0.52905816009596,-0.569223531786394,-0.49283852910323,-0.553622593017173,1
"YAN",99,5412.96,"Freshwater","YAN GZ 0","Non Guano",-0.928570120418381,-0.551732716542526,-0.807513205470692,-0.836811511462286,-0.872676891808629,-0.928570117195674,-0.551732716700342,-0.807513150878947,-0.836811459875617,-0.872676922714983,-0.609055504423962,-0.586286405761551,-0.896029921151564,-0.81202369900205,-0.622226809401318,1
"YAN",105,5412.96,"Freshwater","YAN GZ 0","Non Guano",-0.936389453910442,-0.461152828489594,-0.805513878007808,-0.911938716751451,-0.848266245988835,-0.936389452374708,-0.461152828841617,-0.805513940141492,-0.911938772716927,-0.848266256610653,-1.2099066311629,-0.611326591185171,-1.05687428940815,-0.809381993815414,-0.673762859669422,1
"YAN",109,5412.96,"Freshwater","YAN GZ 0","Non Guano",-0.944931566715367,-0.416268066275122,-0.905773116456231,-0.955456561321004,-0.819751185803745,-0.944931564028225,-0.416268066308232,-0.905773013734965,-0.955456556112691,-0.819751212095384,-1.35538223892485,-0.446370709570872,-0.864469125519585,-0.642042834363081,-0.607872609623564,1
"YAN",111,5412.96,"Freshwater","YAN GZ 0","Non Guano",-0.941935819565735,-0.305465179040225,-0.927336206610292,-0.931460433470676,-0.784518720259132,-0.941935816790652,-0.305465179291009,-0.927336146831411,-0.931460311521406,-0.784518707166966,-1.74430997081354,-0.328455686786622,-0.992844379578048,-0.588122671176533,-0.546569684994001,1
"YAN",113,5412.96,"Freshwater","YAN GZ 0","Non Guano",-0.947799679607315,-0.26197072085447,-0.939702831116479,-0.956586300740051,-0.758436040943942,-0.947799681496595,-0.261970721131588,-0.939702804053833,-0.956586206507159,-0.758435989278798,-1.73461151488159,-0.292532770076574,-0.890937507741158,-0.620998536549293,-0.364810826729094,1
"YAN",117,5412.96,"Freshwater","YAN GZ 0","Non Guano",-0.944161799867678,-0.221333255082457,-0.918563105597552,-0.921600046530824,-0.749454616427003,-0.944161803047136,-0.221333255295057,-0.918563109608951,-0.9216000110982,-0.749454622463042,-0.821222865746412,-0.351813597762435,-0.875565206250793,-0.647967153982446,-0.61140295851195,1
"YAN",125,5412.96,"Freshwater","YAN GZ 0","Non Guano",-0.940326809544551,-0.273754681998258,-0.909590787452976,-0.914611342848806,-0.793356142522212,-0.940326812014396,-0.273754682155687,-0.909590788423909,-0.914611448250811,-0.7933561290389,-0.859288216127252,-0.516675242080273,-1.00413557422231,-0.758476543051224,-0.799016242546459,1
"YAN",129,5412.96,"Freshwater","YAN GZ 0","Non Guano",-0.958186185509598,-0.187016146236668,-0.949933082201018,-0.947010462446107,-0.715862070281989,-0.958186188474469,-0.187016146137512,-0.949933050098911,-0.947010419280136,-0.715862084319583,-1.25875214279797,-0.444142607775032,-0.993962138314037,-0.808237955902892,-0.569048714687284,1
"YAN",131,5412.96,"Freshwater","YAN GZ 0","Non Guano",-0.953636652342461,-0.111037186370657,-0.942868465226522,-0.953875416368992,-0.708807170941349,-0.953636648988795,-0.111037186518646,-0.942868549280901,-0.953875376103135,-0.708807179646629,-1.39208035829019,-0.322264014279342,-0.908446253832396,-0.624165873089372,-0.592890010220477,1
"YAN",135,5412.96,"Freshwater","YAN GZ 0","Non Guano",-0.949352296281103,-0.178584103470992,-0.937124364322338,-0.92158135480954,-0.729306416395171,-0.949352297906458,-0.178584103655843,-0.937124356297617,-0.92158138354891,-0.729306423373396,-1.71312772214253,-0.393669369104552,-0.857066911133383,-0.694298996264028,-0.612375610074258,1
"YAN",137,5412.96,"Freshwater","YAN GZ 0","Non Guano",-0.950065263874984,-0.100781880280074,-0.925575500649738,-0.937620498119894,-0.673651568549953,-0.950065261468009,-0.10078188038885,-0.92557553901486,-0.937620347448949,-0.673651593064439,-0.0923724021240099,-0.425553148357983,-0.794118641650776,-0.747569373969857,-0.616602331862813,1
"YAN",141,5412.96,"Freshwater","YAN GZ 0","Non Guano",-0.947336635626054,-0.14851721616942,-0.957850486867711,-0.937620498119894,-0.698413003139348,-0.947336639451167,-0.148517215862435,-0.957850479950386,-0.937620347448949,-0.698413005283722,-0.302672854839688,-0.79452402797857,-1.250170177569,-0.771302335913262,-0.836546706394123,1
"YAN",143,5412.96,"Freshwater","YAN GZ 0","Non Guano",-0.940073733817232,-0.129082893746749,-0.873718226359433,-0.933841626655221,-0.738895843734078,-0.940073735612161,-0.12908289371047,-0.873718283579148,-0.933841624489971,-0.738895858875834,-0.587932799750748,-0.197455702139002,-0.895824820008443,-0.692955003872089,-0.656263271539608,1
"YAN",145,5412.96,"Freshwater","YAN GZ 0","Non Guano",-0.948605222338171,-0.282964304531375,-0.925462899660816,-0.957992260523649,-0.768836310627393,-0.948605224616382,-0.282964304515572,-0.925462825242801,-0.957992175728533,-0.768836288380875,-1.10459153412069,-0.511493250510284,-0.905040675922246,-0.745609784210031,-0.686236998839987,1
"YAN",147,5412.96,"Freshwater","YAN GZ 0","Non Guano",-0.946185464522396,-0.295935826181103,-0.952938912890831,-0.897229110978472,-0.758650762349118,-0.946185463079007,-0.295935826200927,-0.952939012142382,-0.897229082077754,-0.758650783429383,-0.963308654216627,-0.392155935430376,-1.0222798631851,-0.738217387792612,-0.631475655156426,1
"YAN",153,5412.96,"Freshwater","YAN GZ 0","Non Guano",-0.949352296281103,-0.158303236793776,-0.953127255926763,-0.893316182945652,-0.708476548092486,-0.949352297906458,-0.158303236886349,-0.953127195016578,-0.893316175053158,-0.708476572442128,-0.547148625013658,-0.575301370128957,-0.870051787891592,-0.732745121088918,-0.745346581995709,1
"YAN",155,5412.96,"Freshwater","YAN GZ 0","Non Guano",-0.925423160219893,-0.397857432544794,-0.976493107742572,-0.92370274002895,-0.851769727404437,-0.925423156735856,-0.397857432776805,-0.976493257889756,-0.92370267369048,-0.851769755662772,-0.41842639967623,-0.584215524089922,-0.616514518141667,-0.454377160876529,-0.467263939169439,1
"YAN",161,5412.96,"Freshwater","YAN GZ 0","Non Guano",-0.898898565886261,-0.420158132233149,-0.972316171481114,-0.923014158195852,-0.861461716441445,-0.898898568328996,-0.420158132203975,-0.972316206338018,-0.923014160460474,-0.861461706449234,-0.476954060994655,-0.38973025430021,-0.603793022672767,-0.514854690164108,-0.517705153345478,1
"YAN",171,5412.96,"Freshwater","YAN GZ 0","Non Guano",-0.915757749182739,-0.168125739647682,-1.03259546872862,-0.950237236061409,-0.745266067731262,-0.915757747954667,-0.168125739831043,-1.03259535470386,-0.950237260657581,-0.745266052092699,-1.1383067931322,-0.548060919383825,-0.552167893048104,-0.430010246448494,-0.411816960285211,1
"YAN",173,5412.96,"Freshwater","YAN GZ 0","Non Guano",-0.915442912070396,-0.141133923558589,-0.99420495698179,-0.959879684541306,-0.721602836212341,-0.915442913677939,-0.141133923404989,-0.994205126023337,-0.959879661254801,-0.721602856512728,-0.948438256113997,-0.271121235727501,-0.756025155646955,-0.492283290487845,-0.573132768983511,1
"YAN",174,5412.96,"Freshwater","YAN GZ 0","Non Guano",-0.923339860749072,-0.114755946186716,-0.970036759207601,-0.981131193721004,-0.693026973188192,-0.923339857271128,-0.114755946196335,-0.970036682356038,-0.981131331514351,-0.693026981088161,-0.559176305068623,-0.352313008627485,-0.658022365096836,-0.430079060653969,-0.400628316713401,1
"YAN",177,5412.96,"Freshwater","YAN GZ 0","Non Guano",-0.920125282149925,-0.100440971437601,-1.01041043684123,-0.973973622005932,-0.695967767135214,-0.920125281632688,-0.100440971649027,-1.01041042955721,-0.973973614454663,-0.695967730942902,-0.440194543486943,-0.313600380845512,-0.730915629168451,-0.523386042384683,-0.597309301418589,1
"YAN",178,5412.96,"Freshwater","YAN GZ 0","Non Guano",-0.913880400108073,-0.204686518509288,-0.974572664097823,-0.87635241901945,-0.738440906213206,-0.913880398228325,-0.204686518225182,-0.974572592451821,-0.876352395890446,-0.738440876135044,-0.690299805385697,-0.419832053896094,-0.657802843482924,-0.412056464010241,-0.440894810064896,1
"YAN",179,5412.96,"Freshwater","YAN GZ 0","Non Guano",-0.907013250370948,-0.159039682903076,-0.980181218617034,-0.977523984799497,-0.717365649484161,-0.90701324999992,-0.159039683140603,-0.980181192090534,-0.977523960423122,-0.717365659505622,0.109344890933912,-0.293712178864865,-0.556830380689935,-0.422280887843418,-0.456258837096074,1
"YAN",181,5412.96,"Freshwater","YAN GZ 0","Non Guano",-0.90066706052913,-0.23078790095871,-0.964787663036719,-0.924408318839202,-0.74420597075579,-0.900667056819775,-0.230787900991599,-0.964787801709336,-0.92440833955673,-0.744205988555156,-0.218923957126285,-0.240942709821959,-0.605546057083813,-0.435584839836761,-0.480721895703127,1
"YAN",182,5412.96,"Freshwater","YAN GZ 0","Non Guano",-0.911868488764712,-0.185353035472901,-0.971448593672238,-0.971192512544661,-0.708909959300783,-0.911868491603381,-0.185353035469446,-0.971448543984064,-0.971192589154676,-0.708909941755313,-0.267525788072012,-0.285396505168413,-0.590371944636338,-0.579705173626406,-0.402956613675709,1
"YAN",183,5412.96,"Freshwater","YAN GZ 0","Non Guano",-0.899896324714862,-0.212435044592474,-0.959816441761069,-0.947086109183699,-0.732191680394536,-0.899896324892469,-0.212435044339086,-0.959816418080675,-0.947086159831626,-0.732191667116156,-0.570360537810125,-0.147170382684293,-0.616102237403399,-0.383258298891826,-0.272675383880468,1
"YAN",184,5412.96,"Freshwater","YAN GZ 0","Non Guano",-0.938689408167866,-0.339082518402104,-1.06275577657293,-0.79297847692506,-0.803822913722091,-0.938689412308647,-0.33908251840955,-1.06275578967142,-0.792978514327715,-0.80382293569598,-0.63635109649632,-0.323070919296454,-0.469755419969456,-0.453082705246016,-0.364138115205093,1
"YAN",186,5412.96,"Freshwater","YAN GZ 0","Non Guano",-0.947089170005038,-0.371092119659944,-0.898542349852246,-0.395216012363355,-0.832693705733752,-0.947089173513207,-0.371092119400567,-0.89854233642113,-0.395215979899139,-0.832693736338497,-1.54321101926424,-0.172237490672916,-0.899673404777798,-0.543360440719362,-0.357166457702136,1
"YAN",188,5412.96,"Freshwater","YAN GZ 0","Non Guano",-0.930283829716126,-0.292144560160568,-0.996163500453655,-0.00190847519230079,-0.78936531657843,-0.930283831459606,-0.292144559955441,-0.996163488481215,-0.00190846744614838,-0.789365323729989,-1.65684865134816,-0.140125433406917,-0.626173521015996,-0.409982100120689,-0.485633545067519,1
"YAN",190,5446.9,"Freshwater","YAN GZ 0","Non Guano",-0.911875884896802,-0.665242147906199,-0.446302606449742,-0.390806547739305,-0.647246300382983,-0.91187588304516,-0.665242148018744,-0.446302654736969,-0.390806522059658,-0.647246338006434,-0.130191335491503,-1.52236717295342,0.330692685576603,-0.966533029962522,-1.06464271177802,1
"YAN",192,5514.79,"Freshwater","YAN GZ 0","Non Guano",-0.867767885217235,-1.92170010633804,0.435936266501468,-0.364831365213689,-0.403709349205549,-0.867767885183391,-1.92170010568243,0.435936251849691,-0.36483138400322,-0.403709327418704,-0.153916404678522,-1.65502237017979,0.0919873708582379,-1.01221969473318,-1.10776745025465,1
"YAN",194,5582.68,"Freshwater","YAN GZ 0","Non Guano",-0.905488204459026,-1.77150902714719,0.241189851697382,-0.431186296164698,-0.407610117438523,-0.905488201484522,-1.77150902705627,0.241189830908725,-0.431186333252101,-0.407610083981989,-0.318066824654775,-1.48586554736272,-0.0699106112026591,-1.01950019230915,-1.06193463386583,1
"YAN",196,5630.5,"Freshwater","YAN GZ 0","Non Guano",-0.852881959428715,-1.93490988892969,0.354470404489462,-0.391302816187355,-0.424692569785969,-0.852881962144515,-1.93490988921941,0.354470419947004,-0.391302746190136,-0.424692594952776,-0.0967548214370203,-1.61923746374751,0.395853804356938,-1.04451006216273,-1.12179738488732,1
"YAN",198,5678.32,"Freshwater","YAN GZ 0","Non Guano",-0.791652508221214,-2.04832464384231,0.596892770312412,-0.288434848608706,-0.431382008233452,-0.791652509394275,-2.04832464404142,0.596892738546666,-0.288434873342143,-0.431382011746345,-0.198856202959105,-1.89922453499193,-0.191222712612685,-0.888710894467576,-1.19407754538505,1
"YAN",200,5726.8,"Freshwater","YAN GZ 0","Non Guano",-0.846599490534799,-1.54292436657573,0.327701126486354,-0.458487395369794,-0.490982512413248,-0.846599489673136,-1.54292436670183,0.327701155434954,-0.458487466244007,-0.490982492760864,-0.0527147437294559,-1.3855544590991,0.356657491003116,-1.35998595547256,-1.29320008678849,1
"YAN",202,5775.94,"Freshwater","YAN GZ 0","Non Guano",-0.883957493768371,-1.40667624739582,-0.222541674331502,-0.440057867540526,-0.450124486424537,-0.883957492149814,-1.40667624691267,-0.222541731812523,-0.440057890171616,-0.450124467313286,-0.897106790452478,-1.59216401880194,-0.518702861820527,-1.10196814126124,-1.42858553598875,1
"YAN",204,5825.08,"Freshwater","YAN GZ 0","Non Guano",-0.859028795238048,-0.98696914969205,-0.412937568256635,-0.824793921176243,-0.896099189568286,-0.859028794634173,-0.986969149590169,-0.412937473608252,-0.824793949632882,-0.896099201152312,-0.641896321779565,-1.87656523247088,-0.171506963077813,-0.883998297754681,-1.19896549645264,1
"YAN",206,5871.97,"Freshwater","YAN GZ 0","Non Guano",-0.859123246247112,-2.1557751920318,0.0939259255598079,-0.321404129180626,-0.357737676244649,-0.859123245011806,-2.15577519210986,0.0939259132507872,-0.321404211306219,-0.357737678540186,-0.313475777491748,-2.07729373235625,-0.0481949688023728,-0.880968706722565,-1.18857158280396,1
"YAN",208,5918.87,"Freshwater","YAN GZ 0","Non Guano",-0.823895144759862,-2.29732721349617,0.27169666350045,-0.368225339904135,-0.591275219873685,-0.823895146572391,-2.29732721333322,0.271696653607268,-0.368225266773661,-0.591275203675523,-0.48650401722993,-1.72453877266276,0.0187075581297487,-0.857755046492939,-1.23195630573161,1
"YAN",210,5966.34,"Freshwater","YAN GZ 0","Non Guano",-0.633593783490941,-0.602740168208447,0.435214108570119,0.132593528189733,0.226170936400338,-0.633593783823946,-0.602740168290882,0.435214067817901,0.132593516841744,0.226170941593957,-0.818849714482269,-0.114934300870881,-0.0863001637828481,-0.355681224597946,-0.654634454969664,1
"YAN",214,6062.44,"Freshwater","YAN GZ 0","Non Guano",-0.707258276771842,0.640412191889345,0.137002461773142,-0.256484010829652,0.0880917448586997,-0.707258275808868,0.640412192003022,0.137002479042977,-0.256484068673564,0.0880917510205562,-1.32025375134178,0.660660643020787,-0.406073784360055,-0.790998034498681,-0.726962752985347,1
"YAN",216,6110.1,"Freshwater","YAN GZ 0","Non Guano",-0.705440459619655,0.756074642298431,0.117219892759226,-0.274979071500152,0.13415278397349,-0.705440459146115,0.756074641732491,0.11721984165008,-0.27497901034108,0.134152765556087,-1.16378984290358,0.728500880670342,-0.394797306070386,-0.742975345752794,-0.579986890291544,1
"YAN",220,6204.78,"Freshwater","YAN GZ 0","Non Guano",-0.704724217603379,0.530583467872647,0.0803603134509691,-0.233172142826886,0.173014496962094,-0.704724217528284,0.530583467942376,0.0803603227715217,-0.233172110801321,0.173014498157034,-1.41042571031701,0.409850281828132,-0.370152972430561,-0.854017214822914,-0.837938406810583,1
"YAN",222,6251.17,"Freshwater","YAN GZ 0","Non Guano",-0.711504536176155,0.439342411134796,0.0745382516424244,-0.113566519747822,0.107170642892048,-0.711504536516568,0.439342411179411,0.074538277270134,-0.113566520048684,0.107170644644436,-0.790418313312443,0.361608481031681,-0.151441233600184,-0.650224163773997,-0.772785230330953,1
"YAN",224,6297.55,"Freshwater","YAN GZ 0","Non Guano",-0.702657126264887,0.687608540454243,0.0486833804837139,-0.214797036336693,0.172436090615807,-0.702657125023304,0.687608540673942,0.0486834088443996,-0.214797026967461,0.17243607558292,-1.21044091222489,0.556366323959859,-0.574181161138707,-0.810106747581537,-0.805480033862328,1
"YAN",226,6343.1,"Freshwater","YAN GZ 0","Non Guano",-0.706935407752704,0.498728018408363,0.0376084228159603,-0.158940342049565,0.143761725559705,-0.706935406432718,0.498728018485642,0.0376084712892194,-0.158940328499907,0.143761741752995,-1.46672625357863,0.507201900265214,-0.475750903764124,-0.765061529375456,-0.745608564430756,1
"YAN",228,6388.65,"Freshwater","YAN GZ 0","Non Guano",-0.750528357057932,0.510150412925296,0.118955377131048,-0.272477532690258,0.294280767481517,-0.750528360118745,0.510150412857437,0.118955438506293,-0.27247749567215,0.294280785930476,-1.21831401603685,0.0214173032663242,-0.358304581663374,-0.830672355549144,-0.844873421346987,1
"YAN",230,6435.12,"Freshwater","YAN GZ 0","Non Guano",-0.714706908979969,0.277298723367759,0.159332106198763,-0.2281575939826,0.23215705154021,-0.714706907902726,0.277298723318104,0.159332059184193,-0.228157560422682,0.232157057897356,-1.14213017100847,-0.0210455827085069,-0.408458493064346,-0.842274310944548,-0.808569742937015,1
"YAN",232,6482.53,"Freshwater","YAN GZ 0","Non Guano",-0.732338265046816,0.36212909797834,0.197901323177992,-0.237733193954205,0.205677455615551,-0.732338267722541,0.362129098070879,0.197901313588468,-0.23773318306401,0.205677435701117,-0.986528064827582,-0.128395349791318,-0.203595705240691,-0.754620246944895,-0.769851190259382,1
"YAN",234,6529.94,"Freshwater","YAN GZ 0","Non Guano",-0.724459334510729,0.0982229738742671,0.29543264870353,-0.185676911474577,0.249787804042935,-0.72445933500369,0.0982229738921411,0.295432682715681,-0.185676919599923,0.24978782186328,-0.914525972325674,-0.398761787230932,-0.00679135260146472,-0.734581619791701,-0.781758545389586,1
"YAN",238,6624.91,"Freshwater","YAN GZ 0","Non Guano",-0.738853696071544,0.0370361952055141,0.433297377202745,-0.0240977937754391,0.19846088585145,-0.738853696771209,0.0370361953985574,0.433297339416808,-0.024097774435565,0.198460897268851,-0.609541179428107,-0.425868335932684,0.0457975713066527,-0.75199361709665,-0.953898698203137,1
"YAN",239,6648.65,"Freshwater","YAN GZ 0","Non Guano",-0.670786073066873,1.20062966782487,-0.00272509359701555,-0.240165212779567,-0.954757987955269,-0.670786072670794,1.20062966913626,-0.00272508406999499,-0.240165261227823,-0.954758035874223,-0.87634511190653,-0.468257621330181,-0.0318286766675778,-0.64996607570155,-0.928185224300056,1
"YAN",242,6718.95,"Freshwater","YAN GZ 0","Non Guano",-0.695892563187352,-0.240207111100965,0.263100046548399,0.0873345935060413,0.0333858566608427,-0.695892562893152,-0.240207111125949,0.263100051021347,0.0873345701114571,0.0333858524445744,0.0365958032876634,-0.435922400501829,0.0789664398386709,-0.53694277528626,-0.802063914417223,1
"YAN",243,6742.39,"Freshwater","YAN GZ 0","Non Guano",-0.709087172784325,-0.499555115831829,0.348289710904919,0.574788317056893,0.0210671854335528,-0.70908717195073,-0.499555116037466,0.348289707354197,0.574788326440851,0.0210672017158423,-0.243469392669049,-0.51170360483322,0.0335773979959564,-0.653339097775625,-0.883259585615031,1
"YAN",244,6765.82,"Freshwater","YAN GZ 0","Non Guano",-0.737375146333686,-0.639659197026405,0.326893447989864,0.0765467241339469,-0.117438098523355,-0.737375145432205,-0.639659196934452,0.32689347394585,0.0765467121786309,-0.117438077201081,-0.146153361390418,-0.929815735479377,-0.0165102983063837,-0.804523283206584,-1.03081686823354,1
"YAN",245,6787.39,"Freshwater","YAN GZ 0","Non Guano",-0.772528774814046,-1.20547037703152,0.277718515998737,0.220477343440182,-0.311779603578574,-0.772528773363476,-1.20547037690102,0.277718511442134,0.220477379711311,-0.311779618882764,-0.354681514208458,-1.3097857095141,-0.0790486274852252,-0.894653914690575,-0.985483472884152,1
"YAN",249,6873.69,"Freshwater","YAN GZ 0","Non Guano",-0.917131775352375,-1.15651904859169,-1.22108674526624,-0.650656085871259,-1.14876747572262,-0.917131776299054,-1.15651904846753,-1.22108669760561,-0.650655993559604,-1.1487674803686,-0.83802090550189,-0.921349936531192,-1.18291764732604,-0.2211919850992,-0.771621038128539,1
"YAN",250,6890.27,"Freshwater","YAN GZ 0","Non Guano",-0.932951924347712,-1.17173661648662,-1.00552133361315,-0.771757165683945,-1.07071642324569,-0.932951925284907,-1.17173661661453,-1.00552131665662,-0.77175703773617,-1.07071643013628,-0.820620174296447,-0.927920553625126,-1.14661716679826,-0.201648628779633,-0.751350669027147,1
"YAN",251,6906.86,"Freshwater","YAN GZ 0","Non Guano",-0.890010207092291,-1.13004258004355,-1.38560323997636,-0.578336431485534,-1.18331516404905,-0.890010210360999,-1.13004258019911,-1.38560305878094,-0.578336326786492,-1.18331517706217,-0.558031463054805,-0.944848862654985,-0.934702737375064,-0.169685601547087,-0.669880892283964,1
"YAN",252,6923.44,"Freshwater","YAN GZ 0","Non Guano",-0.891090893364871,-0.975784256365776,-1.33623079114699,-0.735448331914868,-1.08542385162893,-0.891090894751893,-0.975784256648154,-1.33623084925973,-0.735448331032636,-1.08542383578485,-0.421297578126007,-0.957369785680743,-0.790457329496303,-0.127076787332933,-0.554838751599258,1
"YAN",253,6923.44,"Freshwater","YAN GZ 0","Non Guano",-0.891881538127437,-1.06379062463719,-1.4083500795354,-0.776074274834958,-1.19271909647995,-0.891881537374877,-1.06379062467437,-1.40835026247532,-0.776074396217676,-1.19271905344751,-0.457215085949739,-0.978259472259794,-0.659287398552794,-0.0817939589245752,-0.449215765962363,1
"YAN",255,6923.44,"Freshwater","YAN GZ 0","Non Guano",-0.907145690572411,-0.815905005135102,-1.45245723923062,1.149014511833,-1.0626550775902,-0.907145687279233,-0.815905005326516,-1.45245724483622,1.14901450444227,-1.06265511784479,-0.588171889331183,-1.11079894063533,-0.440561321717748,-0.314931203046648,-0.298742682938413,1
"YAN",257,6940.02,"Freshwater","YAN GZ 0","Non Guano",-0.89226104422273,-0.950036462743138,-1.49293473909044,-0.534250292306506,-1.15425668083027,-0.892261043253737,-0.950036462779904,-1.49293474658596,-0.534250251333942,-1.15425673291607,-0.470478435503231,-1.29357260795296,-0.133193561050702,-0.206322629701763,-0.13290613252247,1
"YAN",259,6978.51,"Freshwater","YAN GZ 0","Non Guano",-0.883463141721611,-1.11843928508717,-1.19260419606185,-0.216830661533932,-1.16036482160875,-0.883463138840762,-1.11843928489547,-1.19260428992439,-0.216830641688235,-1.16036484512838,-0.378364364718051,-1.43963319375833,0.120414359978235,-0.121485814777665,0.0384249712608554,1
"YAN",261,7022.31,"Freshwater","YAN GZ 0","Non Guano",-0.824218354975387,-1.51852725870305,0.378878405359697,-0.138243825869566,0.117297023932615,-0.824218356511527,-1.51852725906996,0.378878414107447,-0.13824380713505,0.117297026660168,-0.634652152113897,-1.49458076639481,0.166249628867488,-0.0799418606002446,0.0797222965892982,1
"YAN",263,7066.11,"Freshwater","YAN GZ 0","Non Guano",-0.801420587292572,-1.22347550176299,-0.179335373014002,-0.214429076658046,0.226249482690765,-0.801420585594548,-1.22347550202966,-0.17933533920494,-0.214429090325248,0.226249482732467,-0.078737896579274,-1.57059497634431,0.205389029538837,-0.0792802261136965,0.0692945401606939,1
"YAN",265,7126.3,"Freshwater","YAN GZ 0","Non Guano",-0.790318889759217,-1.45337586169774,0.247266976607648,0.0765016468163643,0.0569785529158402,-0.790318890320068,-1.45337586154739,0.247266957578675,0.076501632849826,0.0569785432168901,0.404728210404328,-1.58219567731118,0.268602260158482,-0.0492045838868155,0.115550146381913,1
"YAN",267,7186.49,"Freshwater","YAN GZ 0","Non Guano",-0.837254405885233,-1.56076838331419,0.358501520265128,-0.141544343084473,-0.0579560976948878,-0.837254403186096,-1.56076838324814,0.358501539071582,-0.141544301269252,-0.0579560920622336,0.763017584595955,-1.57486874045413,0.24251470891798,-0.029367090712019,0.21280220011501,1
"YAN",269,7246.37,"Freshwater","YAN GZ 0","Non Guano",-0.82459817508043,-1.62219716967899,0.341875422285688,0.242152889771899,-0.14181455974307,-0.82459817404438,-1.62219716965877,0.341875370708041,0.242152912429407,-0.141814571861215,1.09582995205225,-1.42237794173188,0.324003331843492,0.14970845200113,0.325658023015506,1
